0,1,2,3,4,5,6,7,8,9,10,11,12,13,14,15,16,17,18,19,20,21,22,23,24,25,26,27,28,29,30,31,32,33,34,35,36,37,38,39,emotion
-693.706,50.268967,0.3894448,14.521958,3.1664815,-2.4844515,-4.226547,-10.68214,-7.246645,1.6888667,-4.1754003,1.7342993,-5.0739985,2.4848847,-2.8925328,-3.6533303,-1.9971808,-0.9058549,-6.126805,-1.5930017,-2.4785504,-5.7583838,-0.069723874,-3.945488,-2.7031627,-0.76647216,-1.46151,-0.8820293,-3.2018094,-2.4590607,-2.9087017,-2.8696594,-1.775502,-0.7319705,-3.7946773,-2.3766618,-3.9002647,-1.753594,-1.986424,-3.6971278,neutral
-683.44385,49.043922,-1.7555562,19.273504,1.8818287,-0.79047227,-4.822916,-12.380527,-5.4003067,1.9609997,-4.0332785,1.1708747,-4.8263035,1.735652,-3.6762142,-3.1112034,-2.074704,-0.07571205,-5.128473,-2.1841247,-2.1041815,-5.7886953,0.66109306,-5.3279524,-1.6452512,-0.6122649,-1.6334202,-0.3334953,-3.6403754,-2.0624928,-3.3073144,-2.5822191,-0.8171736,-2.0746648,-4.1372385,-2.5583446,-4.485293,-1.308841,-2.0090344,-3.0765326,neutral
-678.0028,51.6732,-0.24966253,14.532812,0.57228285,-0.07481274,-6.3000164,-10.638877,-7.673524,1.3027632,-3.796279,1.9109582,-5.634522,0.2498501,-2.2923234,-5.5613265,-1.1147866,0.5741472,-5.3465242,-2.2686937,-1.9587063,-4.5662775,-0.043100543,-2.9651477,-2.6428638,-1.2552329,-1.5514656,-0.9973477,-2.922501,-2.2246702,-2.4300265,-2.818319,-1.8723388,-1.5919318,-4.2043695,-2.8283823,-2.9088383,-1.6535791,-2.2089665,-2.5740194,neutral
-674.1987,50.815395,1.6719037,14.46561,2.9090834,1.7061515,-7.5254707,-11.343741,-7.0870914,1.6866219,-2.4847612,0.53446126,-4.6442285,1.1819588,-1.4281125,-4.821228,-0.44238335,-0.7852893,-4.795967,-3.160321,-1.0168316,-4.1360097,-0.92432433,-3.5395951,-2.1113381,-1.2419988,-0.793677,-1.408689,-3.1906223,-2.7515478,-3.6286972,-2.9533246,-1.3537686,-1.4079118,-3.4771829,-3.8666396,-3.4199336,-1.5676827,-2.1039724,-2.74647,neutral
-709.2609,55.990368,2.472364,16.629053,3.1925988,-0.967488,-5.9351096,-8.926056,-9.092817,1.8279257,-4.4970574,0.69059217,-5.059726,2.0186985,-3.2756574,-4.3397293,-0.58902603,-2.4211833,-4.6638727,-2.7063825,-2.744323,-5.642145,-0.20151448,-4.8792076,-1.5661746,-1.0402645,-1.6299855,-0.64541703,-2.6296175,-1.4963115,-3.53737,-0.8848939,-1.425653,-1.6793803,-3.4838867,-3.703166,-4.056764,-2.4165998,-1.2140208,-1.6417828,calm
-695.5115,61.431446,-0.7476751,14.4218235,4.581593,-2.692318,-7.145618,-8.082644,-8.4222975,2.0046177,-3.6091511,-0.4149153,-5.327977,0.2995895,-2.5894961,-5.0812025,-0.9848471,-1.5656564,-4.8886876,-2.9121666,-2.6279726,-5.6632094,-0.82144874,-4.2530427,-2.0189724,-1.6744182,-1.3214402,-1.960487,-3.8607225,-3.1216414,-4.821559,-3.0451217,-1.5202298,-2.7295566,-4.3431263,-4.7902,-4.24149,-1.2597553,-2.1132631,-1.2640078,calm
-687.58435,58.26385,-0.09324539,14.112365,1.6611795,1.6702243,-6.5032716,-8.906676,-8.093613,2.2530532,-2.0594962,0.19861229,-4.9954686,3.0107088,-4.6697755,-5.9104013,-0.68265927,-1.3209091,-6.290545,-2.9827003,-2.1382954,-4.8222184,-0.66337633,-4.6891603,-2.5439193,-1.6348214,-2.7093406,-1.5503489,-3.5751677,-1.7485315,-4.7097754,-3.6541936,-2.8160233,-1.7615243,-4.6215644,-4.269326,-3.278324,-2.2371018,-3.1774921,-2.086033,calm
-684.9442,62.51678,-1.0898701,15.946917,2.3825934,1.3496515,-6.6137443,-9.018855,-7.464589,0.7911609,-2.3049755,0.78953546,-4.8474374,2.3311393,-3.3247755,-5.316824,-0.7301887,-1.4046046,-6.292925,-3.4043145,-1.7339408,-3.9356894,-1.0287584,-3.7023165,-2.1071749,-2.4285133,-1.9802189,-2.2095606,-3.3459227,-1.7799546,-3.7600083,-3.2849479,-1.7223729,-1.471561,-3.7327998,-3.780954,-3.5745122,-2.0517042,-2.676475,-2.0493538,calm
-717.4787,63.972992,1.9455185,15.866345,3.7456024,-1.9046602,-6.0341196,-5.460269,-8.026063,2.097296,-1.0509269,-1.0559185,-4.7164626,0.830117,-1.7711796,-3.1384854,-2.2601573,1.7601942,-6.9797473,-1.4733531,-2.7319314,-5.103998,-0.72758275,-3.222778,-0.8853915,-1.3380512,-1.8818294,-1.9004287,-4.7656546,-2.789591,-3.9462354,-3.550083,-0.43160143,-3.1346247,-4.1280556,-5.225554,-2.9450428,-2.333156,-2.5877175,-2.3532426,calm
-678.7297,59.957573,-2.5056088,13.837838,1.4085264,-2.2568371,-8.747708,-8.075612,-8.372251,2.690716,-2.341522,-1.9679642,-5.243025,0.65302384,-3.9988961,-3.7378838,-1.6259372,-0.055971447,-6.50327,-1.3135619,-2.011439,-4.9824643,-1.3707657,-4.134998,-2.4184816,-1.3633567,-2.1464493,-2.8631165,-4.2019677,-3.6291475,-4.5429726,-4.3286657,-1.4708383,-2.1618829,-3.890958,-4.6598225,-3.5923069,-2.6415892,-2.7327313,-2.8239524,calm
-686.9191,61.123344,2.5405025,10.9715185,3.7953916,0.80897176,-9.176734,-7.265129,-8.966447,2.5034087,0.24988313,-0.3967944,-4.59945,2.6399708,-4.737,-3.4636295,-2.514177,-0.22409122,-7.192391,-1.9324526,-0.86773056,-6.7013493,-0.052027155,-3.6391788,-2.0477464,-1.9195056,-3.133831,-2.4879432,-4.492255,-1.9692993,-4.762158,-3.2262833,-1.0093899,-2.4001968,-5.5862436,-4.0078335,-4.7252464,-1.6970766,-3.072612,-3.0165877,calm
-668.90643,55.82618,-3.9732177,15.720698,1.9733521,0.3239518,-10.940855,-10.350809,-7.8474603,4.35028,-1.7437781,-1.1285871,-6.5919466,1.5194528,-3.3632033,-4.3893337,-1.6450227,0.1624513,-7.0065837,-2.9840715,-1.5194092,-5.064893,0.11078741,-3.6304882,-1.953668,-1.0980228,-2.627559,-3.4342535,-4.9722886,-3.487392,-4.06535,-3.507423,-0.88325894,-2.424761,-4.788004,-4.8025975,-4.2503304,-1.4319177,-3.4701571,-2.215283,calm
-630.45715,55.867435,-4.979801,14.739829,-2.5306978,-4.5044365,-8.41719,-11.746237,-6.677539,-0.18874924,-8.717993,2.0325105,-7.7478805,1.795942,-3.725654,-7.315066,-1.8727866,-3.181931,-5.677487,-1.3824292,-2.79315,-6.3758187,-1.2477865,-4.8921747,-2.3072746,-2.25772,-3.1288693,-1.842168,-3.928602,-2.3132567,-4.968691,-3.626718,-2.9792447,-1.5363977,-1.7037843,-1.7103014,-0.59124386,1.04488,1.9271852,0.15475364,happy
-610.44104,53.99922,-5.3351502,17.487257,0.5840202,-5.2091784,-6.7027903,-12.645888,-6.5600233,2.132213,-8.050623,4.7784224,-7.43439,2.428377,-2.5670373,-7.3767414,0.28096595,-0.9700746,-6.522824,-1.1504307,-4.0652704,-6.1752806,0.6550021,-3.5266147,-1.5745766,-2.7269566,-2.6747057,-1.109291,-3.9976094,-2.0407586,-3.3120906,-2.849854,-1.1733274,-1.5325435,-2.602973,-1.9148966,0.49274766,1.4061241,1.7320032,-0.3016034,happy
-642.2877,55.037506,-1.9160802,12.414836,-2.0156431,-2.3739445,-9.399777,-13.630812,-8.167701,3.83564,-7.9405065,2.3867857,-6.022929,3.0067682,-3.4579952,-5.818965,-0.22162311,-3.1843925,-5.145038,-2.9960053,-1.8523782,-5.149644,-0.6790212,-3.6698463,-2.1969976,-0.11388054,-2.666569,-1.3095983,-3.6910834,-2.0201852,-4.91603,-2.8985739,-2.4099863,-0.9148788,-3.0563886,-3.3289592,-2.9538903,-1.4425327,-0.7404412,-0.928265,happy
-635.2475,49.202507,2.4165487,17.493086,-2.6670847,0.13147056,-7.302733,-13.658002,-8.47994,1.58489,-5.8523593,2.718688,-6.5409904,2.144651,-4.294308,-6.4147935,-0.7298803,-2.8874538,-5.548649,-3.066944,-2.1007025,-6.3604665,-0.27007073,-4.1270947,-3.6063924,-1.6196612,-3.0847554,-1.5782106,-3.8431356,-2.15189,-4.347361,-3.092337,-2.462894,-1.8746338,-4.416956,-3.232889,-2.9400072,-2.7584543,-2.0254848,-3.2076821,happy
-583.36,43.150013,-6.5384254,5.18463,-3.1143625,-6.5896306,-14.885602,-9.659756,-13.814628,0.26580402,-8.950749,-0.31837317,-7.455852,-4.2042575,-4.2582,-6.7923617,-1.9750143,-5.5283375,-5.616402,-3.6430802,-3.8637102,-5.243133,-2.3468816,-2.5957174,0.6081737,2.6128848,0.7600461,-1.111865,-2.5742986,-0.7883146,0.87120914,3.2720969,5.638241,1.5137031,-0.75201344,-1.9587706,0.34368473,1.5014932,0.23747616,-0.057744943,happy
-553.57465,48.91684,-12.952394,7.261452,-0.29913318,-7.694326,-12.282985,-12.711638,-13.046574,5.287266,-9.938096,0.2090272,-5.4075084,-2.557074,-2.0916095,-9.486715,-2.880468,-4.60846,-6.4882245,-5.0131264,-3.1643007,-5.3609853,0.30568895,-1.2027061,-2.5034292,1.7927383,-3.084338,-0.44152254,1.4316888,2.0335398,0.5650699,1.1861478,5.2177835,5.8749285,3.9789286,-0.19092843,-1.3322588,-0.009385661,1.0329103,0.95634955,happy
-503.08575,39.78973,-10.324123,7.5529356,-3.3693516,-6.966097,-12.936036,-17.03373,-11.435111,2.3219385,-11.891728,2.3478205,-8.700292,-1.8156295,-3.6462548,-9.3863,-1.4114769,-5.0473466,-7.092817,-3.6711113,-4.3141913,-6.7774715,-2.6687493,-5.336925,-3.78108,-3.4678335,-3.9271064,0.4783893,-0.6407532,2.2411706,0.7355012,1.31669,2.7451584,3.877337,1.4094225,2.1675696,1.4922891,2.0019474,0.6603606,1.0310086,happy
-526.51434,41.774994,-10.23309,6.639671,-5.4021134,-6.8967876,-13.2857065,-16.582832,-13.383806,-0.15519713,-9.379372,1.9313933,-7.503062,-4.0399346,-3.8342793,-9.434367,-2.8965325,-2.8969157,-7.6374116,-4.1221166,-3.7078984,-7.956982,-2.2462626,-4.691671,-5.184383,-2.3231485,-4.5779715,-2.30104,-2.9138703,-1.9665053,0.8899268,1.2672856,4.0806904,1.5856194,1.2744671,1.719323,2.712004,3.7302961,2.077237,0.29313877,happy
-672.7284,55.77523,-3.1129756,18.028957,-1.4335192,-2.252036,-8.515459,-13.021949,-7.1342263,-4.1063676,-2.4366107,-1.3419678,-7.6803346,-0.2637371,-4.310336,-5.830369,-4.644599,-0.94201076,-7.058637,-3.629561,-2.968434,-5.893804,-1.3326815,-4.283811,-3.5651877,-1.7799516,-3.0058248,-2.1791606,-2.9106324,-2.5604255,-3.5242553,-4.792775,-3.014993,-2.2785518,-3.826101,-3.5893495,-4.682611,-3.098888,-1.9496987,-0.79364735,sad
-681.96356,58.02662,-2.5547314,19.68594,0.22005633,0.81837016,-6.6955466,-12.032257,-8.550062,-1.6657432,-2.971945,-2.1806092,-4.07887,-0.061407737,-3.2698057,-3.7516232,-2.5935395,-0.10315602,-6.6043143,-2.191797,-1.3615562,-5.4977603,-0.47186008,-3.7744203,-2.65704,-2.5590901,-2.8405979,-1.1531737,-3.2764027,-2.4914508,-3.1504493,-3.616336,-0.7695194,-2.4730167,-3.4589808,-3.471296,-4.007224,-1.753068,-2.157662,-1.7318629,sad
-724.4271,53.297283,-4.5298085,16.7132,-0.9276189,-1.3124739,-7.092736,-12.51305,-7.2463946,-0.45863613,-2.4520855,-1.3620142,-4.7447734,-1.5458097,-1.8867593,-7.5122147,-3.1223168,0.34618106,-6.5197644,-3.1147697,-3.152161,-5.3291225,-0.5472913,-2.7275996,-1.4252182,-2.2857177,-1.5675633,-1.2864598,-4.8794756,-1.545661,-2.529805,-2.6857412,-0.97335106,-1.1658062,-4.195448,-3.8895957,-3.0973337,-0.96256304,-2.9134917,-2.0929763,sad
-701.0445,54.44521,-0.4049592,17.8413,-1.1384578,2.431451,-6.1469903,-14.266606,-7.67157,-1.7921934,-3.7964807,-0.09160047,-6.4959555,-0.11839568,-0.2261176,-5.3769064,-3.526409,0.086576305,-6.5295744,-3.3115735,-1.7347175,-4.7812905,-0.88569915,-2.8280172,-4.372595,-2.4995618,-1.1143954,-0.96167123,-2.3979676,-1.7441478,-3.665961,-3.711598,-1.9316473,-1.8705069,-2.6049128,-2.9000554,-4.248012,-1.7041258,-1.6811366,-1.0290935,sad
-662.76855,57.459587,0.21676026,20.185051,-0.37687132,-0.37804812,-6.6512504,-11.146194,-4.3147206,-1.6670628,-3.693871,0.118334375,-6.696316,1.2973347,-2.7614708,-4.8621016,-3.1840909,-0.64153564,-4.528494,-1.932433,-2.3106105,-6.0992346,-0.49083224,-3.3191981,-1.256897,-0.56151986,-1.2056416,-2.0234268,-2.136609,-2.6373315,-2.9630263,-3.6612482,-1.5013918,-2.691962,-3.1587722,-3.276349,-4.145685,-1.6096685,-2.7971153,-2.111292,sad
-616.8271,44.23982,-5.2711854,11.771112,-1.7386246,-7.5685825,-9.501716,-14.605355,-9.768209,-0.75349635,-9.061224,1.7024544,-8.848171,-0.9407767,-4.2605186,-8.634584,-0.28577876,-2.6413653,-6.459941,-3.5554078,-6.8571253,-5.04352,-2.7579088,-3.0920632,-4.2658415,-2.2309275,-2.35457,-2.1765893,-3.8850625,-2.9653676,-3.0803459,-2.672206,1.168835,-1.126363,-3.0754528,-2.7981997,-2.2706347,0.12884639,1.8956788,1.232263,sad
-607.59204,47.290607,-5.044448,14.773358,-1.9965518,-5.101157,-10.1614485,-18.814419,-10.666623,-0.9833597,-9.092742,1.2695628,-8.530095,0.24536198,-2.8252823,-7.3780737,-3.444519,-2.8708837,-7.220949,-5.453363,-2.2489898,-8.127129,-2.3995879,-4.4927125,-4.974433,-2.2132947,-3.236595,-2.640772,-3.7054257,-3.1644735,-3.624842,-3.839618,-1.8456197,-0.23962419,-0.77696544,-0.4044966,-0.5745076,-0.1107777,-0.32642636,-1.1931366,sad
-592.31415,43.42494,-3.4133027,13.357785,-3.3679233,-5.076571,-10.802098,-16.315866,-9.235199,0.0044809487,-7.693469,0.98567915,-9.418076,0.41954497,-3.6065538,-7.9078026,-2.8181894,-2.9528646,-6.709304,-3.4985952,-2.116144,-7.4373093,-0.87456805,-4.727278,-2.9430761,-2.7735088,-3.2431715,-2.0802298,-4.023127,-3.2145774,-4.1000843,-3.2657216,-1.905841,-1.3390651,-3.5066867,-2.276798,-2.448184,0.30356243,0.7655723,0.7631493,sad
-534.1098,35.06033,-3.6560073,11.643376,-5.765654,-3.52353,-3.6783059,-10.033033,-10.019184,0.76875436,-6.6859546,0.18808466,-6.990597,-1.0037789,-5.6587152,-4.0549912,-3.0982747,-4.159462,-5.040137,-3.8348267,-3.9680016,-5.3030844,-2.009447,-3.680477,-2.145709,0.56602156,-2.7114122,1.2451675,-1.0693843,-1.3172171,-2.9968736,-1.2655867,-0.7626569,-0.23593192,-2.5347018,-2.5433168,-2.4014792,-0.78856426,2.9179308,2.977978,angry
-518.9275,34.162743,-5.1913805,7.50157,-7.5327907,-4.4313946,-11.0487,-12.987125,-11.184132,-3.4142234,-9.008858,-2.2614834,-7.0993357,-2.4213202,-7.637121,-5.395866,-3.87225,-6.0965223,-4.156433,-3.9147553,-1.1597837,-2.3402503,-1.1090732,-1.5914149,-2.0349088,-1.2387712,-3.6030688,-0.7611204,-2.8567033,-1.8066397,-3.0896065,-0.72040814,0.8906677,1.7511206,1.2931174,-0.026550109,-0.4587803,1.4717051,3.042428,1.4907404,angry
-565.17395,40.04382,-0.6714858,10.549694,-3.9891093,-3.1697764,-8.413325,-13.443409,-8.740061,-2.322518,-6.0531073,-0.5186858,-7.358744,0.73698443,-5.281987,-6.277998,-1.6708833,-4.4043775,-6.9103847,-3.173547,-3.1611886,-6.023413,-2.326951,-4.103058,-3.6489646,-1.1909189,-3.365146,-0.6252768,-2.0361161,-0.23423064,-1.5641853,-1.5305057,-0.20209189,-0.40005046,-1.8113282,-1.1677176,-2.4479156,-0.20995584,0.13886368,0.07783752,angry
-526.50165,40.157192,-3.7107759,9.029381,-4.6385283,-3.5550866,-7.3721585,-15.200227,-10.007251,-1.2391982,-7.865938,1.7082428,-8.515347,0.2906354,-4.9371796,-7.131447,0.182541,-5.358849,-6.425987,-1.7712705,-3.739887,-4.65411,-2.2481601,-5.057301,-3.8774292,-1.9354852,-2.7247963,-0.10466238,-1.6506298,0.73611087,-3.1577916,-1.4655035,0.20520099,0.052565712,0.11057337,-2.05805,-2.5049934,-1.6644537,0.05942868,1.1889985,angry
-337.0788,21.289509,-18.569527,-1.7703023,-12.4861765,-6.119775,-18.629168,-12.949826,-12.823606,-3.7442687,-7.5944734,-5.459085,-7.952972,-0.52728695,-5.966843,-3.0682147,3.9612706,3.1580765,4.722112,4.778444,4.929781,0.06745343,1.31026,-1.0573285,-0.31517696,3.8242912,-0.8676967,0.06787742,-0.8507474,1.8921633,-0.436146,-1.7053857,2.9770582,2.1481578,-0.80643696,-2.2718716,-0.2900752,2.3144586,0.6455208,0.7160777,angry
-357.5967,13.738476,-16.941147,-0.088568695,-12.121295,-8.32066,-13.465711,-13.714651,-15.484562,-2.4025073,-11.612834,-2.4840918,-6.8582754,-2.4883525,-8.773819,-10.244643,-5.135914,-8.973555,-6.800609,-1.5114775,-0.6201466,2.4711967,6.3484936,2.6737635,2.9368289,0.6062632,-1.1718069,4.839,2.2479513,0.10609915,-1.2976274,-0.8050469,2.6058912,2.0468168,-0.49974382,-1.7154429,0.8915843,1.6405675,0.26961747,-1.3359672,angry
-388.69843,23.0608,-14.3006315,3.2227256,-8.936086,-6.9043665,-14.3727,-15.4189,-12.954263,-1.6709663,-11.933053,-0.58095026,-8.355998,0.48237458,-5.708781,-7.060933,-1.1446853,-5.707696,-2.5953727,-0.46256924,-1.5817435,0.40315342,1.3695138,0.9485119,0.40355805,-0.15048769,-0.2145129,1.9844787,0.7509126,-0.06011332,-0.9106855,0.50374335,3.0067992,3.0428293,2.2476416,1.0387219,0.6017761,0.14234862,1.9289767,-0.038693868,angry
-288.90857,14.921856,-20.142448,-5.0634346,-10.984192,-12.164475,-18.107145,-14.147144,-15.000578,-0.4952363,-11.013198,-4.3453746,-6.3188195,-0.9245588,-3.9831674,-2.4972327,5.593486,2.3804286,0.17691259,1.9621694,1.4628844,1.0089245,0.35522065,-3.159737,-3.094279,-0.811471,-1.4034296,-1.06419,-2.4467034,-0.091108285,-0.793675,-0.23824494,1.0712223,1.9377407,0.59555984,-2.1782956,-1.9463574,0.790031,1.5675321,0.9526688,angry
-585.42163,54.89283,1.1281784,17.82814,1.1038953,-3.7837908,-8.544844,-14.353951,-5.0347285,-1.0709575,-0.09204646,4.124548,-5.2703013,5.985353,0.610719,-4.5776825,-0.70115733,-1.5178453,-4.8989997,-1.1167289,-2.628629,-4.780363,0.38165691,-2.4690273,-0.39047417,-1.5422729,-2.854762,-0.30696112,-2.3230631,-1.5969841,-2.1790447,-3.7054,-1.1109202,0.34904766,-0.9580934,0.21752565,0.18665065,1.9514309,2.4110234,0.64269,fearful
-597.3476,50.832203,-7.697398,12.010177,-1.7033879,-6.538419,-13.280706,-18.466244,-8.700667,-2.201096,-7.6589227,0.48283347,-8.343634,2.883228,-2.5780983,-7.7368937,-2.4881597,-3.2238884,-6.014408,-2.5115654,-4.2593727,-6.05619,-1.8072731,-4.3882046,-3.3200758,-1.8388408,-4.0412364,-3.3082876,-2.7938447,-1.7496914,0.27345762,0.12670182,2.0307696,2.9186273,-0.2587886,-0.8188269,0.85319716,1.5963842,4.564133,3.2598505,fearful
-610.93085,58.370262,7.785134,20.355032,5.325986,2.374259,-6.799656,-9.678344,-3.147436,1.362058,-0.48060757,3.3849916,-3.2195525,4.630361,1.3569384,-2.7364092,0.07695193,3.0693176,-4.8947663,-1.4020708,-0.81097984,-4.5893383,-0.847049,-2.2650106,-1.4819398,-0.67499155,-2.6837091,-1.113856,-1.6238526,-2.0844486,-2.7753706,-3.5545187,-1.4613996,-0.2912095,-2.983248,-3.136524,-3.2537909,-2.4185672,-1.9270943,-2.3247817,fearful
-612.5529,53.889812,-3.7434149,17.91418,0.41220954,-0.8162264,-11.146975,-12.871498,-3.7252798,0.24591942,-2.1550515,0.19607252,-3.8417132,2.5469985,-1.5852225,-3.8759174,-2.0235302,2.8223634,-6.389602,-0.84082973,-2.3149667,-4.731498,-0.86667675,-4.3341026,-2.189732,-1.7066331,-2.8553877,-1.451145,-1.7747812,-3.4398692,-3.9093938,-4.1844034,-0.7140457,-0.8617253,-3.6677828,-3.193767,-4.953271,-1.6684967,-1.5152452,-1.9421151,fearful
-423.80832,45.131237,-13.464017,6.4146676,1.9310359,2.892967,-14.218828,-15.36596,-7.0193167,4.7091093,-5.484742,1.3121451,-4.3330336,6.150116,5.626085,-5.5166945,-1.7878773,-1.9228008,-4.4067035,1.0454457,0.14039746,1.280916,3.689897,3.9206166,2.237378,5.8878818,1.1837678,6.453351,5.3322773,3.627366,1.5581335,-2.3688033,3.1081316,4.8764052,2.431719,-0.058953255,0.98662394,2.8471963,2.483381,2.2272136,fearful
-396.6488,38.199005,-22.49627,0.34208736,0.44255283,-5.596262,-18.468758,-18.70611,-12.126816,-2.9499695,-11.739364,-4.813941,-7.038332,2.054777,-1.5675294,-10.934949,-2.1876025,-2.6739235,-6.0100126,-2.3124688,2.1395888,3.8409853,7.5924377,7.0653625,4.224449,5.5333114,3.7725847,8.376003,5.155147,1.5204344,-1.3496859,-1.5839882,3.510951,3.2562685,-0.9099432,-2.9319098,-0.04721356,1.7353857,-2.180329,-1.7916034,fearful
-358.86203,33.996143,-18.132303,-0.84328765,-7.0398345,-2.8007836,-21.32845,-19.60823,-14.337022,-2.1742592,-10.316867,-6.3446107,-10.561126,0.1555473,0.41272253,-10.751651,-1.4621891,-3.6902034,-3.42637,-0.9102843,1.9017408,3.110002,10.189567,9.601859,6.4783797,4.0952525,-0.9666162,2.566577,3.336705,4.6479044,-0.17321424,-2.1401236,3.609587,4.8673887,0.9124597,-0.7178333,-2.6416593,1.394856,1.1393319,-0.20875762,fearful
-415.0815,40.088867,-18.888485,-0.32621834,-0.13188894,-4.940946,-21.229567,-17.364386,-15.647345,4.0406246,-9.827581,-5.9945445,-8.436478,1.4975334,-0.6033135,-11.257236,-0.9508744,-3.6139622,-6.509911,-1.7037287,1.1910247,1.7694398,5.7125993,7.1482043,5.939931,8.430086,3.3261623,5.536692,2.9217527,2.7018962,0.9393667,0.6779958,4.690975,1.4882098,-0.3420112,-1.1328533,1.8422259,2.2599447,-0.23905149,-1.1803694,fearful
-627.3192,56.216545,-3.4371235,11.733027,0.69679856,-3.745899,-10.156171,-13.524228,-9.440399,0.33517608,-8.713411,-2.2213387,-8.315494,0.52019083,-6.9529057,-4.467168,-4.4783688,-2.2733738,-5.5662403,-0.24690312,-5.7515273,-3.5247817,-1.7255514,-3.7653122,-1.9224005,-1.9132242,-1.1341015,-0.37382004,-0.7119458,-0.88059306,-1.4774157,-1.2686558,-1.7613114,-0.1402639,-2.0833356,-2.7192948,-2.6293032,-1.2753512,0.5340068,-0.67498404,disgust
-610.0467,48.91949,-2.1114726,5.711368,1.5331538,-6.292975,-10.528918,-12.52309,-9.895693,0.47401738,-8.091948,-2.950569,-5.3332,-0.8073389,-5.3990183,-4.077738,-1.9717956,0.046062093,-4.3099504,-0.34640136,-5.571879,-2.5736477,-1.2793788,-3.7462928,-2.4595473,-0.60670674,-0.124061584,-0.31362814,-0.78284806,-0.84407306,-2.245984,0.31323647,0.8327356,1.3147345,-0.013184204,-1.7548816,-1.2638246,2.0131714,2.5924478,3.3716831,disgust
-647.45825,64.33894,1.1708485,11.410247,-1.4464147,1.6445507,-15.29606,-10.88194,-5.3174853,-1.7082732,-4.7275105,-1.2877408,-8.596851,0.10555581,-3.8500159,-5.10487,-1.5517476,-3.039571,-9.1161995,-0.90377176,-3.0311086,-5.0359945,-3.4626951,-3.2924929,-3.3701077,-1.8415531,-2.1889396,-3.518172,-3.258491,-3.676181,-3.4461741,-3.7653,-1.7181569,-1.6012137,-5.340648,-3.922962,-5.215891,-3.5769951,-1.906656,-2.4037218,disgust
-653.4576,48.254597,-0.13332285,8.119084,-1.6965599,1.087107,-13.720276,-9.125265,-4.7165,0.8805047,-5.240344,-0.6962792,-7.8378205,1.3835183,-4.047904,-5.1300654,-1.6075872,-1.846978,-6.0737977,-2.7911537,-3.2975683,-4.8225017,-3.2522833,-2.815669,-3.2628105,-0.51432425,-2.6745722,-2.5002708,-2.889415,-2.980853,-3.218995,-3.9344873,-2.7271416,-0.8765463,-2.4988635,-2.5160756,-3.0572917,-0.8331031,1.2457442,-0.043369483,disgust
-481.52753,40.513844,-11.440233,-7.9109545,-8.748097,-4.469909,-21.605114,-16.321724,-10.560819,-2.544696,-6.5144014,-6.962961,-7.844215,-5.345254,-7.3727665,-3.1728377,-4.418424,-5.2014427,-7.960888,-3.1783893,-1.6978866,1.3074386,1.6054943,-0.2778336,2.5123346,3.0978148,2.1142347,2.4118762,3.2579572,1.7498721,2.1334004,2.6954052,1.0160172,1.3221943,-0.7680712,-1.4360094,-1.6418053,-0.19628806,-0.61758184,1.0809474,disgust
-482.2071,29.166937,-9.2695875,-0.6969303,-11.021253,-12.050214,-23.858952,-10.457275,-9.244266,-3.3289325,-8.230439,-6.717265,-10.300506,0.97347194,-6.9236813,-4.487422,-3.7747571,-7.246579,-4.6576777,-4.446314,0.017490564,-2.2861035,-0.18035471,-1.434735,-2.3420439,-2.2223728,-0.27454466,1.8753698,1.8264991,1.7109652,-0.11204269,1.2589383,2.112509,0.64200085,-2.661051,-3.2820737,-1.4475795,-0.031587083,0.24168642,-0.47398043,disgust
-511.9921,42.673805,6.1760736,-5.371595,-6.1092453,-3.9020662,-22.112774,-8.102824,-9.873948,-9.601097,-4.029754,-8.98207,-12.127626,-2.720857,-10.677544,-10.1152935,-4.2199903,-6.928351,-7.549298,-5.9879885,-5.875762,-5.9536715,-1.3923175,-2.0059776,-0.5840467,3.0455773,0.74466074,2.4377499,-0.44635472,-1.5706588,-0.22564514,0.9519437,1.7456939,1.7099006,1.0533873,0.74387705,1.1024563,2.7862024,1.9619482,2.1129193,disgust
-495.69525,39.82926,-4.1663046,-1.9334284,-4.543933,-6.8773103,-21.202309,-10.6845875,-8.116623,-5.8629823,-8.390456,-6.563281,-8.918735,-2.37909,-4.939251,-6.4551497,-2.9842396,-4.5344114,-5.6096725,-4.6454053,-3.2966022,-5.4569616,-3.247714,-3.1284258,-2.8690798,0.09858648,0.97901195,1.921835,0.96423215,0.19106264,-0.5745474,1.4485178,2.7458568,0.3490866,-0.42289272,-1.1176049,-0.477556,1.9690326,1.9133831,0.4388816,disgust
-653.6893,49.07976,-2.7870758,10.599847,-0.8936601,-4.966471,-8.713328,-9.752963,-9.3406,0.08883722,-6.607421,-0.33934385,-7.697272,-1.566564,-4.4879665,-8.290285,-2.3130448,-3.777978,-5.4795384,-4.2381625,-4.6065,-6.972729,-0.5918299,-5.223101,-3.2095537,-2.3918378,-3.646708,-2.428554,-4.8043594,-0.626217,-2.6031067,-1.5913283,0.54196215,0.973972,-1.212316,-2.1150281,-2.3626614,-0.22034147,0.6752893,-0.67586833,surprised
-667.8619,46.726467,-4.346494,13.361053,1.24016,-5.516398,-7.952764,-10.0619545,-5.0103974,-0.043993868,-7.648881,0.48214507,-8.021141,-1.5305884,-1.9049519,-6.0404496,-0.03377815,-0.6629724,-6.6363897,-2.853955,-3.4250548,-4.495817,-2.3850098,-4.550832,-2.7207422,-2.4759457,-2.261634,-1.5184369,-2.444906,-2.103247,-2.699429,-3.225362,-1.8094909,-1.5212554,-2.0051885,-3.3092172,-2.6436892,-1.3938406,-0.02001689,-1.4561249,surprised
-653.0489,51.031067,-0.5367738,13.798062,-2.0914,-1.8271326,-8.635818,-11.8125515,-6.5474524,0.3390736,-5.170805,-1.864799,-7.525876,0.9047277,-3.3577712,-6.4949455,-1.4511245,-0.8463308,-7.602404,-3.8698301,-2.732419,-5.9045167,-2.696285,-4.658156,-3.5688179,-1.6170907,-2.0070906,-2.7251682,-3.0531452,-3.3633506,-4.175183,-4.666946,-2.9207408,-1.3406727,-3.492873,-2.6715431,-3.269584,-0.25117785,-0.4790798,0.4073031,surprised
-650.3344,44.451603,-3.3083882,8.358927,-5.7704415,-3.5026095,-8.750618,-9.964689,-8.734508,-0.6425583,-7.743677,-0.59634125,-7.7832975,-0.49177307,-3.9412084,-8.680791,-1.5910461,-2.5983305,-7.0583496,-3.6950977,-2.001032,-6.296086,-0.774109,-4.5393453,-3.8871715,-1.7174326,-3.5506287,-1.65692,-4.521303,-2.616861,-4.578998,-3.105771,-1.059811,0.20812127,-1.7684511,-2.1443007,-2.2189994,-0.6456965,0.052114654,0.3838904,surprised
-591.06903,45.58461,-6.3795133,10.609362,-0.7931617,-6.480091,-9.284633,-10.519588,-8.798249,1.4393029,-9.413365,1.4426138,-7.1794,-1.4364932,-3.9281092,-8.985892,-2.7197444,-5.1709876,-5.7832904,-3.432833,-4.5599813,-7.4738464,-1.3453025,-5.2499256,-2.8922725,-1.3227868,-1.6501279,-0.78986204,-0.736633,0.09255681,-1.0463341,-0.030835893,0.81689125,0.7337306,-1.1370324,-1.7013581,-0.009027225,-0.36235124,-0.58137363,-1.1169913,surprised
-543.84875,36.894928,-5.7322793,8.260304,-4.219763,-4.432149,-9.792428,-10.8689575,-10.763907,-0.47274908,-8.51031,-0.45561638,-6.6519427,-4.0470586,-4.08578,-9.050807,-2.7082613,-4.757587,-5.8112936,-3.7582269,-4.206143,-6.797782,-0.29137653,-2.729824,0.97631305,2.0532825,0.54663926,1.2056372,-0.011605842,0.324874,-2.5345767,-1.734074,0.07383769,-0.3483509,-1.3425514,-1.7280897,-0.44197574,3.5940754,3.1045241,1.0868169,surprised
-588.7775,40.16936,-5.194394,8.601731,-4.2898965,-5.2810183,-10.829238,-15.567057,-7.3680882,-0.7821701,-7.658048,0.22959232,-8.771278,-1.4160893,-5.198421,-8.196312,-0.6617076,-3.300786,-7.558562,-3.5231984,-6.502176,-5.739955,-3.2624056,-3.8900197,-2.2070932,-3.7094848,-1.9986273,-1.8884487,-2.8775504,-2.9615567,-3.9137883,-3.0865202,-0.7117616,0.30094442,-1.0620205,0.6880991,0.68974954,2.350287,3.3195906,2.5163705,surprised
-569.6676,42.449303,-6.645323,6.5437546,-2.9516215,-3.913579,-13.249581,-11.432143,-9.419402,0.12930386,-7.969047,0.16613701,-8.1920595,-3.7230802,-2.8300858,-10.661094,-3.0674064,-2.0005527,-7.644754,-5.7069473,-2.351318,-7.4475718,-2.0478313,-1.5389094,-1.2098997,-0.28419393,-1.3676727,2.0748038,3.720769,4.0155044,3.3566556,-0.59668905,0.6219559,1.265786,1.0424937,0.043558657,1.5946405,0.9624543,-0.046286285,0.371232,surprised
-635.40546,46.724274,-9.126486,7.6220226,-9.228819,-2.2526362,-11.927205,-5.1333394,-2.8860655,-3.1843457,-4.7457595,-3.0650966,-2.5977137,-6.124979,-1.8442601,-3.04489,-1.4771302,-0.9040306,0.019703878,-0.9195291,-0.5437417,1.2913761,-2.1677918,-0.8719772,-0.43448442,0.49864575,1.7971781,0.29728484,2.768628,2.799539,3.8628983,3.0850008,0.942771,-0.76422477,0.59402347,-0.52044445,-0.37546742,-1.0186617,-0.546341,-3.2355938,neutral
-636.1977,40.699337,-8.0251665,9.808751,-10.634169,-1.0344396,-11.675278,-2.8833816,-3.8910053,-1.8063891,-4.794669,-3.4168859,-2.4210331,-5.8858147,-2.8536491,-1.6287122,-1.5706836,-1.1164511,-0.33890232,-1.6288657,-1.8779428,0.36453542,-2.325167,-2.4539585,-1.9333153,1.1894447,3.0112903,0.82466334,3.5081978,4.371406,3.172842,2.6520247,1.9363151,0.1815619,1.3364193,-1.1691476,-0.46082056,-0.9393357,0.2053989,-1.5758439,neutral
-610.567,45.034027,-11.266638,4.745263,-8.560231,-2.1599095,-12.786818,-6.30015,-4.42165,-3.2478724,-5.74154,-3.9214094,-0.40447596,-6.5593915,-2.5232077,-4.164769,-2.0991545,0.05416445,-0.08553168,-0.18958151,-0.6939793,0.33623502,0.08886234,0.3193668,3.7546241,2.3481395,2.91136,0.5721934,2.098282,2.3106267,0.89238787,3.2536004,2.499207,-1.2684525,-0.20317172,-0.32072026,1.7249858,0.38941622,0.12227822,-2.1898232,neutral
-627.9353,40.644955,-10.158667,4.5233154,-11.419609,-3.36693,-13.97392,-7.337733,-5.5211844,-4.2694473,-6.252713,-6.426897,-2.2384799,-7.3765316,-1.8709474,-4.972972,-2.4123797,-0.4920588,-0.2928443,-1.4658833,-2.11219,-0.5861605,-1.4740667,1.204236,3.747662,3.471582,4.7352242,2.8507466,2.6593876,0.47723028,-0.9301663,3.0501766,4.2703795,1.183467,1.0270427,-1.0604407,0.56184417,-0.15166433,0.17189626,-1.8588718,neutral
-647.83813,44.68281,-2.6711223,9.461971,-9.021506,0.6391364,-10.630217,-3.574412,-4.0354004,-1.9083246,-6.7329845,-2.015586,-1.1265398,-4.835714,-2.6187415,-2.5707707,-3.7901573,-2.778386,-1.3472196,-2.3578146,-0.82062835,0.31345424,0.044767953,3.160597,5.4855337,7.501418,6.8202767,3.7361412,3.674203,2.4214709,3.471705,2.7131703,1.5101211,-0.39542335,1.6028612,0.25376537,1.363235,0.94166005,0.097190395,-1.6247615,calm
-644.3049,39.74072,-8.272569,7.1271725,-10.224843,-0.43002543,-12.671678,-3.636428,-4.8013005,-2.552783,-9.39635,-2.619032,-1.1304442,-6.1052313,-3.622529,-4.9973707,-4.7319417,-4.2473364,-1.6228747,-2.8643155,-1.126356,-0.34864768,-0.44185686,0.5803092,1.3159527,3.4963346,5.7681413,4.7668905,5.7086043,3.2103457,2.014352,0.38511425,2.4267762,3.339616,5.1753383,1.667654,1.0418866,-0.85989165,-0.41058427,-1.8758719,calm
-641.79755,39.74957,-7.2182965,2.888638,-8.270582,-4.028354,-12.377615,-6.6888366,-4.975251,-4.631062,-7.816871,-4.441982,-2.03532,-8.808444,-3.6880472,-3.4089859,-5.022601,-3.1727803,-2.9067488,-5.5258374,-1.2525979,-1.0060135,-0.30204326,0.708675,4.285861,6.1170907,8.270617,6.3312845,5.951661,4.0744166,2.4994476,4.0840364,3.9939256,2.9271796,3.628154,1.8005334,2.5955212,-0.043497674,-0.02889344,-2.0616663,calm
-634.46356,41.66536,-13.791749,0.76770836,-10.538466,-4.5988154,-15.451441,-7.8763046,-6.193235,-5.586052,-9.089185,-7.3609815,-3.6912842,-9.423521,-4.6202536,-4.4612756,-5.964747,-4.877182,-4.3368545,-6.2102513,-2.443071,-1.0132002,-0.8680981,0.9498785,2.6353388,3.8735485,7.3371983,5.449969,5.9667315,4.296042,2.4456608,3.855237,3.9061735,2.9806464,4.151185,1.0691972,1.2706257,-0.2982409,-0.33603132,-2.1092594,calm
-630.25793,36.54704,-5.7362823,6.132927,-11.085209,-2.071126,-9.924001,-6.7612033,-4.4117913,-3.1549423,-9.031953,-3.2253582,-4.171502,-5.541437,-5.4374757,-4.6295652,-4.528741,-4.5740075,-1.6841455,-4.3133273,-1.8510759,-1.9736239,-2.061144,-0.5629836,0.71956366,2.95233,2.399705,0.89794385,1.5406154,2.390949,4.3715596,6.169303,6.4741435,2.3856397,2.634394,-0.09635946,0.064625025,-0.8174913,-0.076881,-0.8509468,calm
-641.808,38.204582,-8.419166,4.9410744,-11.31685,-0.23404422,-12.550733,-5.4237995,-5.8432856,-1.5354775,-9.743683,-3.8492563,-2.2305532,-6.2765656,-5.0736475,-5.59329,-4.243116,-5.2325926,-4.2394676,-6.507016,-3.5646434,-0.7274207,0.41920608,1.0338094,0.52688754,-0.84869796,0.87934756,0.66055197,2.7555225,3.433788,4.3017364,5.786172,6.471596,3.2353175,1.0453349,-1.6198548,0.032061864,-0.2210387,-1.4544374,-3.3944602,calm
-645.7035,35.32699,-8.023512,-1.1053995,-8.707755,-3.7567449,-15.876344,-8.908896,-5.9582915,-5.237083,-12.118076,-5.109925,-4.684057,-7.5672183,-3.5161567,-4.8095636,-5.168156,-5.5418334,-2.4405093,-6.7792315,-1.5219535,-1.4811007,-1.0347929,4.2613297,4.24298,6.375496,5.4749103,3.835002,4.237474,2.9656446,2.713843,5.027627,4.399608,0.98195297,0.39850077,-0.83640474,0.07934902,-0.80278355,-1.9865566,-3.3204675,calm
-647.8738,41.797832,-6.257359,0.90402174,-8.125261,-3.0570939,-14.571234,-6.8589916,-4.027121,-3.8591475,-12.477927,-5.3711977,-3.5474203,-7.3475323,-4.079311,-5.2800465,-5.0726943,-5.824871,-3.9274223,-7.6057305,-2.590573,-3.189015,-2.0436199,1.0733963,2.8172793,4.3131166,4.927789,2.6801608,3.433068,3.5152688,4.956377,7.952451,5.640008,0.62855095,-0.76998603,-1.9179649,0.45420235,0.7786953,-0.5571986,-3.572277,calm
-575.2524,34.172585,-20.05832,9.664356,-14.001209,-1.2343473,-15.455996,-7.162723,-4.4624877,-4.478281,-5.23597,-7.062744,-1.9498273,-5.7067795,-3.36319,-1.5041635,-3.453593,0.17340963,-0.8864304,-3.2551174,-1.3083724,-0.9702369,0.14767215,-0.74966574,1.3369465,1.860402,3.188304,-0.94955146,0.16693717,3.2464988,4.264438,2.5842624,-1.7322817,-1.1519423,2.116469,0.3327826,-0.37356874,-0.97862667,-0.74145156,-2.8001997,happy
-590.0678,35.446938,-15.525522,12.249591,-14.445168,-1.3680013,-15.171152,-5.8856697,-4.9971614,-5.660035,-4.101605,-6.1983953,-0.90522534,-5.7598915,-3.7474477,-0.8690629,-2.928661,1.2491997,-0.52568233,-3.4237065,-1.2856438,-1.7641524,-2.2375827,-3.035404,0.56709355,1.780701,3.9061685,1.202343,2.0424736,4.8441157,4.688431,3.3446307,0.74381834,0.43833953,1.6521261,-0.99886376,0.23337318,0.05203123,-1.4687304,-3.0910013,happy
-588.44073,33.536575,-20.773542,5.7390122,-13.611262,-4.905579,-19.264112,-7.6007595,-4.714629,-7.3966002,-5.307241,-8.648794,-1.7790099,-7.5284324,-4.571315,-3.1712193,-5.5360103,0.45180762,-0.2155846,-2.7876437,-0.60453874,-0.61497605,1.139241,1.9187036,3.8690467,1.4491413,1.5333167,-1.5205568,-0.37452435,2.9515991,4.6269836,6.0880547,2.236829,-0.01694061,1.9029926,2.7731726,2.0350075,-0.45820895,-2.3812845,-1.5097404,happy
-575.8838,37.82465,-14.791084,7.9226303,-12.259492,-4.9851446,-17.317606,-5.3238964,-3.042528,-5.766606,-4.6531134,-6.467085,-1.98245,-7.729743,-3.6874084,-3.0747774,-4.282235,0.7501554,-1.2102112,-4.258762,-2.4822693,-1.810151,-0.14078389,2.0044568,2.992122,1.0055223,2.4393616,-0.08421357,0.32319146,1.3329642,2.6226149,4.738894,0.29647514,-2.3732977,-1.1175598,1.3033694,1.1561246,-2.1159909,-2.951716,-2.4786842,happy
-467.038,21.11978,-28.63964,8.207037,-22.987545,-6.8591876,-17.250233,-7.080891,-7.9824443,-9.308075,-4.2222476,-10.219842,-0.71998143,-8.438803,-3.6784258,1.5317544,-0.68544495,1.8470665,-1.0491089,-3.59988,0.54760975,-0.12198304,0.70653546,-0.9635054,2.1858306,3.6049578,4.7208695,2.6746247,2.7091658,2.6236231,1.5370239,2.7892122,2.0042448,0.67004263,0.8868071,-1.1053832,0.8809565,0.73626274,-1.0198207,-2.442176,happy
-475.66223,25.609335,-31.023457,8.7571335,-21.603931,-9.58214,-16.478636,-7.758221,-6.1511827,-8.922474,-2.578115,-9.42736,0.9276043,-7.4048553,-0.6759654,3.347477,-0.7497492,2.0306253,-0.5296199,-3.0955677,-0.5312945,-0.33845174,-0.8234752,-0.9949393,0.92886984,1.7142812,3.1884997,4.0077605,6.5606036,6.4812207,2.5954134,2.694519,2.2755988,3.1138568,3.3037548,0.61941636,0.24046469,-1.517595,-1.5130591,-1.4902152,happy
-519.67847,29.003983,-23.798498,6.2715926,-15.269007,-10.747621,-18.993977,-7.2102695,-3.8944848,-10.847803,-4.4591684,-9.637912,-1.3445904,-9.163794,-5.370697,-3.2783337,-5.5824046,0.32000798,2.289378,-1.5758222,0.77824694,2.7969723,2.08688,2.626003,3.3651357,0.7596071,0.36201307,2.4697266,4.81178,6.2918024,2.025034,2.7835813,2.177197,1.1571858,2.2153075,2.4471624,1.3656956,-0.20164305,-0.67376494,-2.1038132,happy
-525.10736,27.800629,-23.747856,5.311183,-17.929525,-9.002615,-17.249086,-8.939772,-6.843163,-10.369582,-4.3812165,-10.044222,-0.57370615,-9.294173,-3.4219415,0.7111543,-2.4661586,1.835208,0.36691573,-4.8310685,-0.22198512,0.22955962,1.2919316,0.48334876,2.758222,2.1940935,3.3154237,4.2539787,7.332032,7.7613187,3.7950878,4.54088,2.5499363,2.4082255,2.2365727,1.4399734,-0.44876692,-1.3624351,-0.43811068,-1.480415,happy
-661.0233,44.365345,-10.496012,6.4579415,-10.8244915,-3.057783,-13.94004,-7.084259,-6.160957,-3.3826346,-8.176195,-2.0447967,-1.0401773,-5.2625184,-3.9839203,-3.410791,-4.1333117,-3.954326,-1.3460046,-2.6856034,-1.8337138,1.5724541,1.0119387,0.8570146,2.2280154,2.8474534,4.6106596,3.8400636,8.406045,9.12556,7.3570724,5.937254,1.8062427,-1.2355293,-0.3311557,-0.77897555,0.7512043,-1.4165651,-2.060231,-2.5302546,sad
-655.04297,47.295467,-9.504826,8.1560755,-10.038514,-0.92788035,-11.882471,-7.2978115,-4.161465,-3.0830953,-6.6665564,-2.6196315,-2.154352,-5.1776915,-4.572778,-3.280814,-4.4677196,-3.9861534,-0.9358625,-2.7112584,-3.4996917,0.5945878,-0.3738408,-1.0870906,3.0328066,2.1558554,5.3775783,3.8107982,6.7987814,6.711296,4.0510964,2.5162365,-0.561875,-2.1418972,0.7705075,-0.17489257,-0.23246686,-1.4176917,0.46725118,-0.5262155,sad
-641.6859,36.85587,-6.0221357,3.4416218,-8.657608,-5.389701,-15.849226,-5.9577236,-4.353003,-5.2437425,-5.900148,-4.619018,-2.2900846,-6.6084585,-3.795254,-2.914644,-4.377953,-2.9808905,-2.0678048,-5.3979144,-4.4518285,-0.9066342,-1.9225324,0.8068945,3.0884264,2.3509665,2.2543218,1.9265692,8.165494,12.503864,11.966544,9.72847,2.8365872,-1.3134613,1.7477512,1.7579525,1.8117496,-0.9741519,-0.8751373,-2.5993762,sad
-669.17004,38.393658,-6.3836083,6.501678,-7.428947,-3.638206,-12.907678,-6.674082,-2.4010277,-4.2381663,-6.1573977,-3.8255277,-2.7991188,-5.4045615,-2.6002054,-3.3443732,-3.2418308,-3.551863,-1.9213512,-5.1511245,-5.0061855,-1.6637828,-2.635055,-1.2896676,2.236146,3.5937383,6.614281,6.8105054,10.974827,12.938182,10.26529,8.364321,2.3632689,-2.0212243,0.17668217,1.8653879,2.2661462,-0.65370566,-1.6774058,-2.4436703,sad
-650.843,40.72871,-9.246671,4.180254,-13.377859,-5.800053,-18.130136,-11.082563,-6.8910737,-6.2695537,-5.4709635,-4.1212945,1.5505103,-6.579952,-4.981374,-1.1836478,-3.0529075,-0.95885324,0.99684393,-0.043860834,-0.14042279,4.907524,5.047304,6.384138,5.1672387,1.6340611,0.67912984,-3.09314,0.8961703,1.5476236,0.24652086,-1.5253341,-1.2298814,-1.5745203,-1.1721262,-1.7569484,-0.94797766,-0.32607502,0.21599337,-3.0756762,sad
-666.3118,47.67977,-5.437079,6.5096207,-9.213475,-5.888973,-16.619791,-10.045007,-6.673647,-4.9528112,-6.170078,-4.3595476,-2.837475,-4.8324,-4.144913,-0.5426184,-4.375935,-2.6897137,-1.7199697,-2.1048381,-0.9825984,2.1289725,2.117719,3.2364943,6.0392675,5.431651,4.9446025,1.2067374,1.3074777,0.32184854,0.71268487,0.12646204,-1.1213503,-2.7858355,-1.1997925,-0.8238784,-0.43421036,-2.393669,-1.4094375,-1.7623461,sad
-643.6321,37.03512,-7.2834253,1.9764454,-9.561776,-6.450409,-18.484287,-12.16946,-7.461353,-6.730093,-6.843817,-7.4928823,-2.4249718,-8.040395,-6.6414437,-1.9143269,-7.9336653,-3.8162785,-3.360628,-4.8742476,-1.7177439,3.373796,3.2807264,2.82617,3.4843948,2.0065496,4.393949,2.8426914,4.397984,1.7379191,-0.43410018,-1.3834987,0.27370012,-1.8394098,-1.9797279,-1.589196,-0.9907633,-1.6954873,-0.9991918,-3.3731978,sad
-651.98224,38.88322,-7.591327,5.015376,-9.922703,-9.294631,-18.363504,-10.839063,-5.166027,-8.2222595,-6.815825,-6.707876,-1.6541314,-7.09458,-6.179384,-0.74858445,-6.996282,-2.744106,-1.8494601,-2.232152,0.21941537,6.6121783,4.796523,4.177625,3.1740704,-0.82365733,-0.4037645,-1.8467057,1.3813357,0.5578743,-2.44017,-2.2394392,-1.2354542,-2.8463614,-2.6326208,-1.247343,-0.22845604,-0.7788929,0.01492271,-2.3901277,sad
-550.4616,37.126804,-10.296966,5.8845453,-11.541992,-0.78828037,-12.100042,-6.3632298,-3.752205,-1.9433957,-4.1014924,-3.060234,-0.7087394,-5.821369,-3.9135854,-3.180115,-2.2603953,0.026028449,2.6414213,0.6697565,-0.11989155,-0.743168,1.4234651,2.5449893,4.542288,1.1265928,0.61435074,-0.66830236,2.205826,3.2748363,2.3572648,1.2634883,0.4897463,-0.16194792,1.4982992,0.48576704,0.7709413,0.44989893,0.72181606,-0.31733435,angry
-518.1756,33.20961,-15.092018,6.9410524,-13.081227,-1.0203849,-13.879342,-4.284098,-2.1836252,-0.8345648,-3.6677823,-2.245758,-2.0127232,-5.175923,-3.59002,-1.6462817,-2.15177,2.1098702,2.289927,0.38085532,-0.4485426,-0.043788996,0.3643905,2.1889842,3.3604612,0.52743393,0.7082635,-0.5948923,3.2672167,3.3333693,2.7126927,2.9460804,0.9691183,0.20924287,0.9741365,0.051778447,2.0892055,0.9001478,0.39287403,-1.1711378,angry
-560.54895,39.410366,-9.880576,2.6073468,-11.7290535,-1.152456,-13.671922,-7.422152,-3.9886932,-4.405897,-4.804212,-4.958453,-1.4840815,-6.544826,-3.982841,-3.9974174,-6.520889,-2.817689,-1.5527494,-1.6054858,0.8058579,0.58258015,1.7842612,2.366491,4.807837,3.7150733,4.165577,1.560279,1.7179204,1.2147895,1.8373449,2.1601744,1.1424981,0.32509333,0.19481544,-1.7979949,-0.9363143,1.0626273,-0.02812631,-1.6356584,angry
-551.44244,33.720516,-15.628715,2.4794526,-16.706732,-1.9327704,-14.841023,-8.201318,-4.6286306,-3.71951,-5.2521486,-5.94276,-0.05767146,-6.3854227,-2.6672673,-5.2421694,-8.001143,-3.0576909,-1.8227837,-2.936841,-0.58683175,0.58198464,1.119863,1.7677138,4.1192365,4.3860993,6.3908,1.5731174,0.9451502,-0.039508037,2.1049397,2.926168,1.3765728,-1.5235951,0.3777318,0.579167,-0.65075475,-1.6920993,-0.45966125,-0.110193126,angry
-432.47113,21.181581,-22.267944,1.7722626,-20.865084,0.6702693,-15.065822,-5.3763976,-4.8051167,-3.4947882,-4.5532856,-6.056248,-1.7733208,-3.7526755,-0.0144378785,1.8984773,2.321859,3.124136,3.1684623,0.07031913,-0.9638834,0.41863304,2.1208472,4.1451135,2.759002,-1.2368021,-1.2735364,0.03344323,3.0497355,0.37802643,1.3595506,1.9692135,-0.89594144,0.8120934,1.1945662,1.2780862,-0.37063402,0.6956986,0.92211664,-0.3863222,angry
-456.5021,23.712025,-23.363634,1.925018,-21.036789,3.1798277,-12.504065,-6.8177185,-5.4676394,-3.134922,-3.4960146,-7.0505013,-0.73701805,-6.0031686,-2.1151533,0.38602653,0.5108226,2.1161397,1.5339967,-0.06593937,0.9484591,2.316728,3.168707,3.183084,1.6411992,0.23116341,1.9966744,0.31455702,1.4415601,-1.2251232,0.002748066,2.5886996,1.0513216,1.1734287,-0.055673115,0.43607476,-0.40242383,-0.1854987,0.83018893,-1.151996,angry
-415.10547,16.743078,-31.730055,-4.858996,-25.534586,-2.9725327,-18.155626,-11.792139,-7.8530755,-8.317683,-6.355126,-10.710406,-4.545664,-5.509023,-0.58851576,2.368427,4.1036553,5.372609,6.3985195,4.2716374,2.8208385,0.23019236,-0.45035046,-0.5768705,0.77467644,-2.692501,-1.3710252,-0.8095917,1.7664795,-0.304934,-0.11007751,2.688712,0.5939595,1.4406646,1.3915246,4.141107,0.32277662,0.67107815,1.1894717,0.5670194,angry
-405.35672,14.025391,-30.700766,-3.5098977,-25.765701,-1.278237,-17.203098,-10.068624,-7.7132626,-8.038142,-6.5141845,-10.943448,-4.103093,-5.869577,1.0162462,2.5122638,0.25218865,2.539094,2.213218,2.2586067,4.6113405,3.113983,1.6768308,-0.7828492,0.44600743,-0.73036104,0.90613794,-2.0233088,0.090117924,1.0481279,1.9024581,0.55042726,-1.7608396,0.626852,-0.46758252,-1.7153764,-1.2933333,1.7136871,2.6146135,0.3283832,angry
-553.3549,22.084358,-24.241869,4.419842,-18.99474,-4.8398247,-18.337267,-8.205303,-8.710853,-5.7867055,-7.4134808,-2.4286277,-0.22646391,-5.7472672,-6.9750113,-5.387644,-2.1153147,3.1708858,9.056832,7.8763366,8.931735,7.3280244,1.9174573,1.9572189,2.7716107,0.82925993,-0.07356605,-3.4761088,-0.7235024,-1.501023,-1.5872058,-0.937616,-3.578432,-3.8105543,-1.6205935,-0.49393404,0.4622443,0.09116467,0.43566832,-0.8665969,fearful
-554.9267,23.37704,-25.109528,2.4909868,-17.461088,-3.7598553,-18.397785,-9.799361,-7.1433105,-6.4658303,-7.2985883,-3.3904448,0.8843308,-7.439679,-3.9271169,-1.2695372,1.0620875,6.475967,10.044752,7.6286883,5.0924225,5.1431313,0.49968258,-0.49987784,0.96075624,-0.38570544,-0.57716906,-4.4766216,-1.2025725,-0.9933291,-1.6005884,0.35665157,-2.1385772,-1.4899627,-0.060875032,-1.1560012,0.54371023,2.7638106,1.8728245,-0.5741173,fearful
-556.5882,22.68968,-24.389767,3.2090924,-15.66788,-6.814566,-20.59921,-8.281238,-4.575251,-8.108864,-6.5409226,-3.8226023,0.1380558,-7.7953353,-3.3019252,-2.6683843,-0.2174045,5.744411,9.273486,7.095667,6.0573626,6.314443,0.92545885,1.8059776,3.9801316,0.063890114,0.55722106,-4.173853,-0.27298626,-1.5951521,-1.9342115,-0.5687021,-2.1093974,-1.5417067,0.12617078,0.2590294,0.87318105,2.0269947,0.9993837,-1.4000307,fearful
-552.8506,19.319305,-28.938042,0.764079,-15.469777,-9.738176,-23.288126,-8.2599,-4.075149,-9.20405,-8.058018,-1.902637,-0.11490784,-8.632951,-2.551273,-2.2360744,4.364157,12.267844,16.841711,10.286966,4.908766,3.050699,-4.1327877,-1.4043245,0.5204906,0.2709331,-0.50497735,-5.498575,-0.5661854,-0.83280945,-3.0904226,-1.1461604,-3.3814359,-0.96987975,1.4398488,2.366261,2.2074175,1.5220604,3.323274,1.925462,fearful
-506.29843,10.6490755,-30.898521,-0.10552132,-22.248175,-6.7164493,-18.021626,-9.845248,-4.15718,-9.243191,-7.8876915,-3.882207,2.9593987,2.0934443,10.383625,13.8319845,7.206981,2.6018004,-2.6688957,-6.31591,-2.7216415,0.1330483,-5.7884116,-5.471724,-2.6325536,-0.37984347,-0.8450187,-1.6092703,4.648432,6.127453,2.5654519,1.2114254,0.8354635,-1.4859011,-1.6201321,-0.2918864,2.4717333,-1.9920057,-1.8247355,-0.35854563,fearful
-484.66223,8.933294,-29.595257,0.3464486,-21.960833,-7.349624,-16.628222,-11.360639,-5.9094076,-9.750345,-5.4632506,-2.4243987,3.102726,-0.03563389,9.784521,16.053387,9.712563,3.9880588,-1.7604579,-7.9210687,-4.2154307,-0.2567984,-4.810481,-4.532557,-3.6326263,-1.194848,1.0697978,-3.2799692,0.45452148,1.7112659,5.0063787,2.4537377,1.4077926,1.1660087,-0.9499577,-3.7899592,0.4362697,1.468327,-1.8997495,-1.701479,fearful
-484.19293,8.521112,-28.745628,-3.2581992,-18.584824,-8.28969,-15.662823,-9.021528,-6.7460775,-9.723969,-7.034196,-4.668544,2.7913234,0.07995092,7.328414,11.823795,8.720245,5.842655,0.99718356,-5.8328114,-3.6705215,-1.093465,-4.6371107,-4.432917,-2.9546144,-2.2821412,-0.6994251,-0.5708903,4.0423417,0.53188556,0.5374907,2.3245096,-0.6033461,-0.113686755,5.177298,2.3659625,-1.3682451,-1.5566705,-0.66568154,-2.011045,fearful
-474.03302,12.107175,-26.953959,-2.4110572,-17.175589,-8.160783,-20.118282,-8.285341,-3.9573727,-9.086219,-5.9123626,-2.6851137,2.212074,1.6368483,11.410328,12.891218,7.98497,5.2528143,1.5362426,-2.8454635,-1.2888274,-1.7483321,-6.068274,-2.2371833,-0.93275195,-2.059246,0.086379126,0.8845373,5.2801995,-0.23675427,0.31340328,3.8597844,0.20373784,0.39351985,4.509326,2.6282918,-0.82330275,-0.36486068,1.030156,-0.75010675,fearful
-617.7003,41.746655,-10.3981905,3.8063245,-8.826358,-0.0705393,-17.85511,-4.9599404,-3.8105469,-3.3404682,-4.4113374,-3.1221197,-1.5538105,-4.9409866,-3.7294137,-3.9189105,-5.7142987,-3.2620108,-2.9651184,-4.1579366,-3.986427,-0.15355903,-2.0412393,0.50534284,-0.3074241,-0.18026239,-0.0112509485,1.4103265,3.2497978,4.368742,4.963126,3.3647377,1.0427483,-0.003882773,0.96302676,2.960512,2.0027385,-0.652581,-0.3777907,-1.3993477,disgust
-631.088,47.63037,-10.991911,5.546584,-11.430086,-0.012520564,-18.375973,-8.204264,-2.7825136,-4.1660247,-5.9692445,-5.699266,-2.4660645,-3.9939985,-5.593035,-2.410676,-6.0144234,-3.9626238,-3.0819924,-5.013044,-6.541366,-2.4945555,-4.2587023,-1.3036712,-1.3889303,0.85107684,2.4748795,-0.35847634,1.8700109,0.41644424,2.6564815,2.9599142,2.7753735,1.4830127,0.53159237,1.4822617,1.1609658,0.1383057,-0.5779638,-2.042423,disgust
-605.10474,44.49103,-10.093558,2.9463413,-8.565524,-3.123838,-16.709223,-8.804073,-1.8229945,-7.6745844,-4.57372,-6.7585697,-2.633117,-6.556229,-3.9709837,-3.2656648,-6.3624825,-3.542784,-3.4497468,-7.0653687,-5.9276304,-3.8942363,-7.5323105,-3.3704548,-3.309165,1.342839,4.050066,5.00431,5.057332,2.8687596,1.2191346,0.90206766,0.8172442,1.8081715,4.188879,3.9484055,1.7659085,-0.6633907,-0.11669303,-1.6820011,disgust
-617.51355,41.153774,-14.413463,4.043523,-12.625559,-4.6262026,-19.71516,-7.515694,-1.1645764,-9.25172,-4.7045374,-8.332717,-4.0126486,-6.472664,-3.15567,-4.590389,-6.111053,-3.9330137,-3.3934264,-7.1543856,-3.967663,-3.2661428,-6.1646657,-1.3611823,-2.1987603,2.2404418,3.3938813,4.187072,5.3659024,4.729156,3.303326,2.7715423,2.021179,3.328257,4.8175244,4.4565716,0.26501828,-1.6369247,-0.47199103,0.40442675,disgust
-560.94763,34.19694,-14.990398,0.31479657,-16.36998,-1.5205616,-18.33769,-8.790094,-3.1457055,-6.913703,-6.3565507,-5.2832274,-3.1207206,-7.3645463,-4.9932704,-4.0035553,-5.6000686,-4.493441,-4.075024,-4.872075,-5.488246,-2.1435397,-3.0669706,0.20074345,0.5205555,2.93245,3.819881,1.3689272,3.3728967,2.6194022,2.6210475,1.987743,-0.025891818,-0.63239056,-0.5001613,1.4245005,0.6034851,-0.711487,-1.2837543,-1.8841172,disgust
-563.1773,37.54295,-10.572157,2.2958403,-13.628083,0.90415317,-14.654044,-7.2233434,-2.1385384,-3.682275,-5.6068077,-4.6438007,-2.554553,-6.510129,-4.374696,-3.7012808,-4.8711734,-3.2173278,-1.8602889,-4.186768,-3.5662947,-0.48499468,0.5529296,2.6617527,3.8216088,3.2804422,3.9809947,1.6207232,3.2245498,2.342333,0.92825246,0.39852932,-0.11951934,0.10002409,0.38914633,-0.10248099,-0.65952104,-1.1337546,-2.0194314,-2.1044352,disgust
-537.9256,38.48642,-16.25257,-3.689826,-13.258373,-7.279717,-21.49163,-8.2347145,-3.9292388,-10.44427,-2.4484403,-8.760854,-3.7075322,-6.931983,-5.304658,-2.9572434,-6.5138955,-5.625692,-2.8090012,-8.359668,-3.530552,-3.2658405,-2.952931,3.6349628,3.9290211,7.3690324,4.772725,4.624068,3.3741806,5.545367,5.5527864,3.0146608,0.7049165,0.6228297,0.37273774,1.631311,-0.9479795,-3.0029705,-1.2675065,-1.5258349,disgust
-548.59875,37.44811,-16.196354,-1.3143169,-13.076074,-6.1552215,-18.702179,-8.166266,-2.5871575,-6.927865,-1.6678933,-8.091857,-1.3162149,-6.1239533,-3.2198687,-1.3880178,-8.407547,-3.644995,-4.8036914,-4.860454,-4.391434,-2.6164258,-3.626157,2.1810598,3.7066674,4.5282845,5.8992515,6.686013,8.670632,6.2364173,4.4698033,2.2886963,0.49770212,1.6946065,0.7372422,0.994171,-0.98937225,-0.054402646,-0.82502115,-1.1537596,disgust
-555.83997,29.290012,-13.096714,8.953996,-14.7843,-2.5444891,-8.286427,-3.1942697,-5.3291316,-3.179134,-6.795137,-1.0133804,-0.11445449,0.1302118,1.647285,-0.78215295,-0.86763746,1.8837346,1.3376114,-1.2104498,-1.743687,0.5568157,0.67207974,2.8748894,4.184232,3.7866347,5.7851353,4.743259,4.29406,1.2103474,2.0869007,3.5303736,3.2883463,1.0441159,2.0809674,1.0004503,0.64237666,-0.026261728,0.27294886,-0.29952553,surprised
-589.65607,31.98993,-17.224478,5.4101243,-13.008881,-2.5514348,-9.568748,-6.9922853,-6.7817707,-6.2413726,-5.3012214,-3.5672238,-0.74595094,-1.6189011,-1.3234884,-1.4252613,-2.2544963,-0.0021486112,1.0178605,-1.2680459,-2.3772507,-3.1897237,-1.0203087,1.9117833,3.5661495,2.8466697,2.6340535,1.9710013,2.9231443,2.1639206,1.8595701,2.276268,0.97333896,-0.6732136,0.57092625,2.492133,2.3306074,0.8469298,-0.021548575,-1.4755895,surprised
-580.1185,33.142296,-14.648586,3.212026,-14.045164,-2.7247381,-12.091038,-6.525799,-5.07375,-7.4249496,-6.306604,-6.3141284,1.0720223,-4.163701,0.34415242,-1.2611713,-4.1649027,-0.8645604,-0.6237437,-2.036344,-0.24121962,-1.3357106,-0.8892847,-1.1640751,0.89561796,0.3800611,3.0133317,4.116849,4.6965356,1.8600786,0.26023093,1.3761619,0.6216626,-0.34072945,0.89996177,1.1714826,0.23366079,0.23808886,-0.29680166,-0.8570491,surprised
-574.94324,32.673702,-17.528267,6.1643066,-15.625961,-7.5776987,-14.576489,-8.137153,-6.9602757,-7.2082148,-7.4732137,-3.003911,2.6608307,-2.7489843,-0.6659037,-3.6965384,-5.004477,-0.8263464,1.386114,-1.5804311,-1.5181148,0.6799716,1.1880544,1.3179772,4.279461,4.736403,4.7865686,1.6603223,3.113111,0.97616154,-0.5694947,1.0839411,0.9168406,-1.6233351,0.7145249,2.7912743,2.6030583,1.204291,-0.9961695,-1.2238308,surprised
-517.6637,25.280918,-16.597189,5.061655,-15.150992,-1.4619257,-11.5517435,-6.085297,-5.9991126,-3.9126785,-5.4329977,0.62559307,5.858849,1.1103376,-0.6972601,-2.3876076,-4.9463034,-1.1902661,1.4192715,-3.974126,-2.439855,0.11940986,2.9523203,3.0841148,3.0655622,6.709891,4.447421,3.4261484,2.4014695,3.3085551,0.76541436,1.4324812,0.84884965,0.49567476,0.093991354,0.8614338,0.13224441,0.3356063,-1.3627504,-1.4548482,surprised
-527.2085,26.783064,-21.943851,3.7863414,-17.607645,-2.4311495,-9.916307,-6.2256064,-5.7998614,-4.6320357,-4.8813853,1.6112483,5.101179,1.3444347,-1.0965176,0.014754044,-4.2096367,-1.6707138,-0.44218257,-5.3443,-3.0903072,-1.0084783,1.0095739,1.8195128,3.9888039,4.2772174,2.7352467,1.5537659,4.49387,3.9451945,2.7892683,1.2188092,1.0946629,-0.028817905,0.81982374,1.472691,-0.721933,-0.9356313,-0.47140312,-1.6293696,surprised
-526.59064,26.880774,-16.510292,-0.20381592,-18.786037,-6.2045183,-12.691205,-9.744315,-7.456968,-5.6285043,-3.0510652,-3.3038125,3.8136342,0.12938957,0.7031998,-0.7011213,-2.5376904,-0.49009866,-1.0155412,-2.472977,1.0511312,1.698482,2.873624,2.3869498,3.429211,2.9151928,2.0767362,1.8579382,3.0641475,3.0588062,2.5246487,2.8426464,0.29162356,-1.6094862,0.43098193,0.16686545,-1.0835998,-0.1017468,-0.06767032,-1.0795523,surprised
-506.26773,27.73102,-23.342062,-4.750439,-18.310797,-7.5625215,-16.935822,-9.276204,-7.383553,-7.991889,-8.287772,-6.1579723,-0.5861149,-6.2056155,-3.0084915,-0.2747902,-1.4780453,0.960034,-0.06887993,-4.204999,-0.060650274,-0.22835463,1.30772,0.016151281,2.2425437,3.175628,2.945344,0.58837605,2.0543795,3.052606,2.6676664,2.3008294,1.0339519,0.004967988,-0.0011152286,0.5616856,0.4689632,0.23974894,-1.081393,-0.68773335,surprised
-605.2227,52.040966,-3.5687602,12.550495,-0.99151546,-8.083781,-13.936629,-2.166558,-10.8826885,-2.0119717,-4.4555078,-3.7527802,-3.0403993,-5.112951,-2.5471697,-5.5541883,-1.1366463,-5.4129515,-4.4209905,-5.483606,-3.6384203,-3.975766,-3.2249074,-1.1371274,-2.6859472,-1.952553,-2.4163532,-1.2065287,-1.9732432,-0.944126,1.0646812,0.11218785,-2.2076883,-2.8867004,-2.2265582,1.319288,4.116694,3.4820354,0.4888468,-0.72278744,neutral
-609.915,65.0368,3.8463683,20.325369,5.055613,-3.2898688,-10.124155,1.9369645,-6.2945886,0.8318262,-1.092068,1.500414,-0.3418025,-1.5239205,3.5204308,-1.8417017,3.2322183,-1.3580326,-0.49983627,-1.155023,-1.1931461,-1.8791938,-0.14029182,1.5217428,1.5159786,3.018483,1.5267258,1.8674217,0.75945824,1.236809,2.3151731,2.0809374,1.6147792,1.2834831,1.0119224,1.200202,0.9078508,1.2252606,-0.2783638,0.20350508,neutral
-617.15356,53.97014,-1.1232238,14.063348,1.9245092,-8.1164,-14.305122,-2.5319965,-11.446804,0.5380091,-6.5005417,-2.3354013,-1.9756645,-5.3090878,-1.8850226,-5.490064,-2.83423,-4.6169415,-6.4682455,-4.0916047,-3.904992,-6.7630043,-2.9855013,-1.8239692,-3.8425212,-0.94207346,-3.042693,-2.5071604,-4.2434077,-3.2148218,-2.3980618,-2.8550131,-4.3570986,-3.8965437,-3.9229262,-0.38223198,0.7519322,0.09801752,-1.8703068,-1.6671686,neutral
-604.01715,51.534996,2.3086407,12.3393755,4.176553,-8.921255,-16.94944,-4.267659,-12.321475,-2.0262222,-4.998059,-2.3202302,-3.343789,-4.9875736,-1.2330298,-4.818677,-1.859359,-2.227571,-4.2198715,-3.8455603,-3.2034335,-5.4393864,-2.323449,-1.6849045,-1.8208514,0.14453082,-2.574856,-1.8553104,-2.89259,-2.6620631,-1.0052103,-1.400042,-2.016654,-2.5664325,-2.6272323,-0.5201667,-0.7367533,0.045211498,0.36794743,3.593304,neutral
-624.97815,60.35457,3.950475,12.869617,2.8017905,-7.465623,-12.233695,0.5607631,-9.241049,4.3171306,-6.628827,-1.5704014,-4.1586747,-4.0641975,-0.8392977,-5.7152095,-0.2955286,-5.0997105,-3.5522475,-4.216888,-3.694902,-5.125244,-3.1411214,-1.7551048,-3.0151312,-0.64680874,-2.3801055,-2.0028207,-3.5850322,-2.5428963,-1.4054573,-2.220099,-3.0189312,-4.919399,-5.1851883,-2.8834784,-1.7594485,-2.4283783,-3.4180756,-3.608344,calm
-609.49506,55.072403,-1.3350656,12.477716,-0.2182536,-9.018401,-13.11662,-0.0138223395,-9.279449,3.6908886,-7.797855,-2.519488,-4.088159,-6.762905,-1.5220633,-6.579365,0.38428244,-6.298407,-3.4720018,-4.1254907,-4.8586617,-5.922129,-3.1826346,-2.970199,-3.4744747,-0.5713628,-3.5155337,-2.6804423,-4.5810237,-3.5648906,-2.792853,-2.8274448,-3.5822785,-4.803383,-5.807174,-3.2289243,-2.071997,-3.2560031,-4.0932975,-4.5289245,calm
-616.66534,64.41561,-4.1607604,12.285501,7.681936,-17.095922,-11.564803,2.7025268,-13.88208,7.4119577,-9.891091,-1.4976993,-5.3968616,-2.4613175,-2.712155,-2.2679138,-3.052348,-3.596326,-4.6010103,-4.555341,-2.455393,-5.775388,-4.298454,-1.5639615,-2.9779115,-2.0871215,-2.7498581,-4.968971,-2.149276,-2.659077,-2.6571534,-1.6385407,-2.3886073,-5.408633,-4.9927063,-2.653394,-1.9874492,-3.6254134,-4.6213756,-4.437192,calm
-536.37067,49.15891,-4.234461,5.8290358,4.0836926,-11.008493,-14.750864,0.95873547,-13.161001,6.417721,-9.30146,-2.8925414,-3.9563506,-4.8901153,0.39458734,-7.176519,-0.3363108,-4.703719,-5.657458,-2.049052,-3.6839592,-4.593653,-1.9001756,-0.094350375,-3.5796618,0.08202151,-2.1893694,-2.406943,-1.6891533,-4.0216565,-2.5844855,-1.1984657,-1.7429948,-2.538375,-1.645267,1.9686297,4.813556,6.4678283,5.2138777,4.4693036,calm
-531.5706,67.72112,-17.884953,6.2327476,-4.992172,-13.846539,-18.128164,0.5007605,-16.711689,14.679652,-8.162973,-1.7169709,-2.725104,-6.035909,1.7103543,-5.4835067,-0.4869745,-4.137307,-8.726159,-3.3438878,-2.8386614,-3.866596,-2.8441358,-2.319432,-0.7567449,-0.012828879,-2.4751263,-3.596981,-3.3207614,-3.3493958,-1.5507634,-1.8614142,-1.6891466,-5.0549555,-5.01335,-2.3577743,-2.2335656,-0.37217334,-3.8159082,-4.2598033,calm
-509.06165,51.230152,-13.956103,10.966833,-0.6749708,-9.53034,-17.290981,-4.501483,-9.926752,5.1015205,-6.70229,-1.2260691,-4.047306,-3.4052696,1.904837,-6.0583024,2.118349,-3.3230712,-5.633395,-2.8157341,-3.4033582,-3.092978,-1.9769776,-2.1612926,-1.7674359,0.79133934,-2.7412434,-2.9455938,-3.703805,-5.3271203,-1.8857882,-2.2505867,-1.1497786,-2.8838594,-3.6047945,0.35583144,1.7651948,5.4757657,3.8633273,3.6445675,calm
-512.0678,54.46985,-6.2891374,9.728766,4.1621304,-9.632253,-13.220608,1.3033339,-12.261052,12.935199,-7.5861225,0.97254354,-0.14318085,-2.085047,2.9827254,-4.633763,2.9629498,-5.00476,-4.189965,0.13902238,-3.1737857,-2.7300124,-2.1077673,0.7470564,-2.3862243,1.4616553,-0.34914875,-1.2290908,-0.19058597,-3.500126,-1.8680577,0.025448447,-0.37462878,-2.7720442,-3.1501737,-4.2116284,-1.862215,-0.6551753,0.8470715,3.136311,calm
-517.20575,53.631878,-5.971077,6.710732,2.9485414,-8.996418,-17.68497,2.1691897,-11.65558,11.440254,-10.792045,-0.45372143,-1.9407684,-3.9136736,3.3174078,-5.612834,0.56263626,-4.860479,-6.850587,0.15477371,-4.431991,-3.5897365,-1.3149918,-1.6748706,-1.9779001,0.83656394,-1.4477657,-2.1553175,-1.4355793,-3.1775715,-2.6873987,-0.42660287,0.4863287,-3.4591007,-2.19547,-2.208841,3.9045126,6.2477255,6.17788,5.670643,calm
-525.558,55.202705,-13.45164,7.0620937,0.3498988,-8.330358,-18.389341,-8.941861,-13.404325,4.2099504,-9.440667,-3.7047935,-4.3570104,-4.534528,-2.2065349,-5.7143245,-4.08278,-6.1040506,-6.234165,-5.5239663,-3.5682523,-6.392897,-3.1008582,-2.7741086,-3.476224,-0.11456328,-3.467827,-0.55312103,-0.70684123,2.030322,4.083204,2.5773659,0.108096026,-3.619041,-5.530743,0.6750732,1.5545474,1.3775872,1.1842599,1.4015638,happy
-501.7478,52.335575,-16.365025,-1.9797972,-4.179393,-6.375536,-19.180357,-8.158416,-16.201387,2.395962,-11.740682,-3.7182295,-5.137871,-6.6016855,-5.4949656,-7.2092943,-1.7134643,-6.1412916,-7.6479573,-3.8213136,-4.4945774,-1.22429,-2.0752876,-0.33874518,-1.3804493,5.476651,4.6999516,4.7150145,5.744267,3.0491276,3.9165013,3.8739522,1.0345638,-1.2646446,-3.7745898,0.8513561,1.6409885,0.6222596,-0.6856884,-1.4311746,happy
-517.20044,41.0169,-7.8744383,4.8421974,0.17925118,-12.72008,-19.716051,-6.4054794,-16.534388,-2.0834696,-12.425524,-4.5996313,-6.6346545,-6.0202746,-4.445005,-6.9806914,-2.545808,-4.5031686,-5.4968147,-3.5678604,-5.5244737,-4.154756,-3.8637536,-2.6922898,-2.4679437,0.041735772,-1.7451695,-1.6249992,-2.5578356,-0.689546,0.99315023,3.3947058,2.7756903,1.4937055,-1.3347628,0.18625188,-1.1800361,-0.9390438,-1.8453174,-0.7497619,happy
-544.32837,46.2592,-5.270712,-0.4276339,0.78032726,-7.1599054,-20.203266,-4.5176926,-14.833066,1.4878399,-10.555747,-3.6434731,-6.3002896,-3.6180558,-5.623668,-6.9909525,-2.2602527,-5.61746,-8.252395,-5.5457253,-5.6811886,-6.0334687,-6.1889243,-4.5022902,-4.043074,-0.12312728,-2.3984568,-1.447913,-1.5516691,-1.2651192,-0.31701535,1.7463632,1.4919891,0.6200129,-3.6683004,-2.980166,-3.4350955,-0.20988345,-1.2364298,-3.1706612,happy
-419.25168,40.5335,-13.389385,-6.633519,-6.7014503,-7.6970243,-19.18504,-5.1499925,-17.700594,4.3471355,-11.3345375,-4.345008,-3.0399518,-6.7082367,-5.1723304,-6.3608346,-2.9363286,-6.5354176,-6.2118626,-2.2990122,-2.3898325,5.919246,10.044355,12.274957,11.113509,6.3431287,-0.18447945,0.018495291,2.499911,4.232301,2.8867471,0.22985727,0.102979705,-0.19529131,0.05672417,-2.2810984,-1.176193,1.7183632,0.9119026,-1.2806301,happy
-382.54004,36.176525,-18.791285,-7.220091,-11.492606,-4.835822,-21.14619,-9.166432,-20.545965,4.191907,-12.935856,-3.5088873,-3.997015,-9.5413885,-5.334998,-7.1393266,-2.0451262,-8.100917,-9.396226,-1.7544628,-4.3478017,5.1844215,8.075733,9.759657,13.454173,11.844386,6.080509,2.0153754,1.314528,0.90266156,1.8062288,4.9349794,3.1478937,0.32797197,-0.021778604,0.7476729,0.3804022,0.6802066,-0.100589976,0.5126507,happy
-335.5033,38.600143,-8.55825,-6.6297774,-9.129693,-3.8005784,-21.75795,-11.237164,-22.272278,-3.2812219,-8.123103,-8.784406,-0.22068693,-3.326092,-5.852853,-6.1431904,-3.6495404,-4.6296234,-0.5953205,5.261618,4.1113906,3.697702,4.4364457,3.0174778,2.4127984,5.3058457,7.3003387,5.216135,3.7578228,0.5744758,0.342463,5.352939,5.624679,1.671387,-0.57232594,1.6306448,4.1857986,4.80631,2.165371,1.8946341,happy
-386.04715,41.89214,-15.8371725,-6.2593555,-1.095651,-7.892565,-18.68197,-7.6303434,-17.44438,2.6346486,-12.900138,-3.6212962,-3.3854306,-4.2435994,-5.2789636,-4.5414176,-1.6416601,-7.656247,-8.577563,-0.9941698,1.2470601,4.3743215,5.1930585,4.831282,6.4666233,8.262473,5.7272754,0.9753684,-0.8089697,1.2710325,3.904243,5.1115985,2.2464252,0.12696253,-2.3439763,1.7876663,2.173577,-0.59469134,2.0810683,0.7433836,happy
-640.4811,67.85048,-5.5089717,13.030829,2.881281,-4.6558013,-12.832262,-2.0298073,-10.601822,1.7125618,-7.1791987,-2.0920606,-4.110309,-5.306176,-3.8104327,-3.5668056,-1.9504368,-6.375956,-2.9751697,-4.5902233,-2.7175043,-3.8008347,-3.3226175,-2.8278399,-2.4800036,-1.1503234,-1.8386183,-0.95766807,-3.7543216,-2.343164,-2.1413412,-0.05923077,-1.9092611,-4.248124,-3.3612876,-1.6699864,-0.88760793,-0.47164384,-1.3330878,-2.0373511,sad
-646.45154,67.515305,-1.7165784,13.49999,2.27731,-5.812106,-11.587448,-0.2717933,-8.111685,-1.103299,-5.8359613,-1.8487836,-4.096652,-3.0660293,-1.7634051,-3.4322565,-2.144225,-6.0991387,-2.5479777,-5.452151,-1.9050424,-4.08225,-3.1879354,-2.4378014,-2.298498,-0.5466741,-0.02446815,-2.3561456,-2.2119303,-1.4106866,-2.315902,0.19682978,-1.1333045,-1.517024,-1.4413843,0.07173651,0.14777477,0.73911524,0.36604056,0.6736123,sad
-584.0099,56.872253,-6.6167417,14.802872,0.09057837,-8.720733,-16.480282,-3.8609302,-11.595771,1.7165152,-6.75014,-2.2350166,-1.1353978,-2.9825394,-0.083803214,-4.041935,-0.9286465,-3.9325693,-6.5423822,-2.7900655,0.23986629,-6.464785,-3.373648,0.27042612,-0.65802276,0.8138587,-1.1228701,-0.3806074,-1.1361998,-1.6398029,-1.3383045,-0.11149724,-1.8601145,-2.0060852,-3.2898774,1.1592995,3.995168,4.6089454,3.7238617,1.5036763,sad
-593.0243,63.235664,1.0186442,14.389076,4.4974422,-7.286323,-17.54312,-0.4275414,-12.264777,2.5966475,-4.921157,-2.5884724,-2.2894435,-1.228058,-1.6599352,-2.746805,-2.1808217,-4.3669677,-5.6616797,-4.998085,-1.4999821,-5.325447,-5.1533947,-1.4454716,-1.2286102,-1.3429643,-1.8604751,-2.483203,-4.834903,-3.5382416,-4.054371,-1.8307836,-3.0749977,-4.375303,-4.124145,1.6057028,4.189878,4.587364,1.8318408,-1.0841664,sad
-501.0203,53.92032,-19.122564,0.11362127,-6.128234,-13.963996,-22.961594,-17.073076,-24.196796,-6.2258263,-10.08516,-10.502692,-7.403349,-5.6661696,-2.5334857,-5.479976,-0.9044214,-1.3164504,-2.7744403,-0.36618966,-1.7500409,-2.0533304,-3.698614,1.6850694,-0.69862384,1.3843365,1.6915816,1.3611238,3.0237231,1.8170345,4.959587,4.9451494,1.5067478,1.0078424,-1.6033906,-1.8490902,2.5328233,-0.10906495,-0.14642568,-0.65069866,sad
-458.09705,43.374012,-10.415863,6.013222,-4.752197,-8.894656,-21.022064,-10.400877,-17.075335,-3.3750768,-12.321757,-9.375605,-7.2000384,-6.0918283,-3.6553586,-5.4552016,-0.81083906,0.1649293,-0.85950035,2.319041,1.6072825,-1.7072393,0.092595905,1.8922743,-3.488143,2.1839736,2.0152905,4.164019,4.3409414,0.69983524,3.1856165,2.9749465,2.0923297,0.77453035,-1.0010608,0.6285222,0.7011598,-0.11331323,1.9281673,0.585048,sad
-411.45462,46.529655,-12.816729,10.840225,1.1845734,-6.6653056,-20.60141,-14.339831,-16.475769,-3.0241108,-11.773087,-3.490455,-6.182446,-4.185046,2.3262115,-3.016541,0.53607005,1.59117,-3.2663763,-1.9207405,1.5894128,-4.7635083,-2.581358,2.243774,-0.709783,4.204401,3.0120845,4.462504,2.9768708,4.774267,7.8854203,8.32298,8.0921335,7.74767,4.2942986,4.0444317,3.1900012,3.3624377,2.567453,2.542149,sad
-463.15417,51.530678,-8.522223,9.637262,1.3308583,-5.3657436,-15.851729,-11.534445,-16.695692,-1.8197901,-9.118158,-4.2257285,-3.9522126,-2.336831,0.20927742,-5.579427,-0.24342063,-0.64842814,-6.687207,-2.835165,-0.4603153,-5.8569746,-1.6057922,0.5061104,-0.5601275,2.7235615,2.6725042,5.839741,4.1382084,5.3887744,7.196092,7.3371153,8.008169,6.6483974,1.5132626,1.7829486,1.7024437,1.4084439,2.0626502,2.539456,sad
-596.62854,61.21967,2.0580387,20.207941,-2.03383,-3.1048608,-15.02874,-8.121736,-6.654639,-5.266876,-6.2990227,-1.712888,-5.96843,-4.773141,0.03381284,-3.207418,-3.542256,0.12976597,-3.4896812,-3.3495135,-5.1576324,-4.7860456,-4.519005,-3.6308706,-1.9983242,-0.040703855,-2.9942267,-0.89097124,-2.1039507,-2.7454646,-2.5471132,-1.5528373,-1.6517028,-4.0671024,-4.383115,-3.756883,-2.1903055,-2.5429149,-2.659829,-3.7173133,angry
-493.5078,49.306282,-10.44723,16.675983,-4.449862,-4.1170616,-15.741804,-8.60726,-9.002645,-8.973192,-6.059424,-2.1359067,-6.1139545,-6.9781575,0.5851563,-3.0411263,-0.6499628,-1.7178841,-2.6504326,-4.079665,-4.0852747,-2.9674416,-4.674371,-2.6023104,-1.9351546,-0.34462765,-1.3194033,-2.1231275,-1.625561,-2.8616264,-0.9413536,1.0556918,0.6917918,-0.47020024,-3.0413337,-1.5077353,1.3124074,-0.39163408,0.13677979,-1.4549308,angry
-510.0236,51.75036,-10.829004,15.026038,-5.077527,-6.6255493,-20.998734,-9.721963,-8.6474495,-6.964484,-5.2885523,-0.6422658,-9.11451,-4.902641,-0.80618805,-2.9825277,-2.7650032,-3.2230158,-2.2868223,-3.1610525,-4.562421,-5.378946,-4.25454,-3.9151175,-2.565332,-0.73478264,-2.8391137,-1.5365683,-3.611465,-4.0762863,-2.8439116,-1.9706557,-2.7282145,-3.2200608,-6.222652,-2.590964,-1.5768393,-0.8125087,-0.6418667,-1.3436738,angry
-467.7599,50.12727,-12.48063,7.664305,-4.344163,-9.831741,-19.304193,-9.941558,-10.910918,-6.4521966,-5.9434705,-2.3737102,-8.025956,-7.327261,-1.2279726,-3.1596208,-0.4454665,-2.5478432,-3.5052001,-4.146106,-2.7875361,-5.1409597,-5.714735,-1.8541088,-4.0877576,0.04524625,-2.83443,-3.1737711,-3.5144846,-2.5657084,-1.9700897,-0.8224087,-1.0463022,-2.679001,-3.729203,0.9395345,3.3900094,3.897046,3.700794,1.6788538,angry
-319.79218,32.098385,-15.700404,6.901438,-16.136528,1.5539142,-19.509338,-7.508132,-8.291082,-6.6625576,-3.7991307,-3.2524726,-3.8110754,-2.4914038,1.173675,-5.511765,-0.7715292,-0.58164084,-1.0555978,2.5590286,3.5999644,6.219682,4.17333,8.236907,8.651525,7.5289288,6.7322893,5.4138966,4.865213,3.0180004,1.1975956,3.357382,2.453212,1.9861262,0.62830484,-0.4718686,2.7728164,3.361128,2.9488406,1.369203,angry
-313.47717,33.079082,-12.646799,9.14375,-10.578795,-2.1588304,-18.380907,-9.152364,-6.6020303,-6.5571547,-6.129975,-2.6909096,-3.6445954,-4.188702,-0.485919,-4.451515,-2.0148199,-0.36210167,-1.8235707,0.70199674,4.20721,6.0858846,3.3226583,6.5948644,6.4636497,5.3824334,6.1541605,5.9604077,6.2439594,2.5394578,0.62501216,2.4326036,3.1446934,3.2988086,1.5635164,-0.6837696,1.6789011,2.7687533,2.676339,1.0136923,angry
-335.01047,39.81715,-13.353869,4.4368267,-14.308421,-0.432636,-18.491108,-11.299492,-8.257701,-5.2699947,-5.350966,-3.461012,-4.807821,-4.686102,1.1781731,-3.2086172,-0.33511934,0.8676196,-2.5685627,0.9932163,0.54427874,1.3505929,2.5203178,3.8506498,5.017423,5.0768747,3.2480574,2.9342563,3.641903,2.8653007,4.3750796,2.798588,1.8077368,0.9171545,0.21554738,1.0398277,0.43829963,1.4062068,2.8417537,0.40104294,angry
-306.1087,34.577744,-12.185777,3.75683,-15.264971,0.2333781,-16.025393,-11.193345,-8.7258625,-2.2757158,-5.9017496,-4.624162,-2.7530646,-6.042192,-1.7159286,-2.5719194,0.7646837,-0.24479643,-3.695294,1.2018751,1.2402178,1.7302617,3.2059617,4.8756795,4.6672425,5.5950727,7.4416676,5.6810145,5.301796,0.53917783,1.5181262,2.8049443,3.0840242,1.4916108,0.12224363,0.9831393,1.8399664,1.1884084,1.3068756,0.018781891,angry
-560.70935,58.061478,-3.6222706,13.750654,-0.27666003,-4.2606754,-22.688728,-3.884639,-6.3597226,-4.052891,-7.7134666,-5.6169577,-6.505108,-4.3725038,-2.4578192,-4.333801,-1.4856998,-4.143042,-5.8837132,-5.0384126,-2.0242066,-4.165752,-2.3155472,-3.708358,-0.4058041,-0.81779414,-1.9167428,-0.34096977,-1.2977276,-1.3117869,-2.307556,-0.3768137,-1.3500538,-1.8217472,-2.7924058,0.83598095,1.7061274,2.796413,1.8638204,-0.31010565,fearful
-496.97232,56.56861,-9.706727,12.668229,-3.7891374,-11.515723,-22.899261,-6.5845203,-11.461832,-7.2352304,-9.5675955,-8.21777,-6.511688,-7.0080667,-5.213625,-6.87895,-1.6096919,-6.808782,-8.28002,-7.1658354,-3.3917074,-7.0321097,-5.9789786,-2.372836,-1.6564473,-1.596064,-2.113138,-1.040441,-2.3360412,-2.9486074,-2.9754248,-3.0660772,-1.8601204,-4.2175145,-3.643759,0.7056212,2.6858027,3.6856298,2.4218802,1.7340213,fearful
-514.4865,48.164246,-5.7722344,9.360526,-3.3700023,-8.782053,-21.111155,-8.489655,-12.181164,-2.892381,-7.900126,-7.7305737,-3.8370333,-5.2339005,-4.785267,-6.65308,-1.7684929,-4.7410727,-7.37955,-4.569675,-4.4142623,-6.2992206,-4.066449,-1.4351274,-2.3748665,-1.4733773,-2.5193882,-1.6987011,-2.6670136,-3.549233,-2.8958192,-2.1380806,-2.2731736,-3.5412772,-3.0973341,1.3430084,5.3692255,6.0787725,4.7195168,4.7627964,fearful
-531.4225,52.60909,-12.455482,12.538663,-1.3205917,-8.335107,-21.537441,-6.961202,-11.639007,1.741538,-6.5413303,-3.9427788,-2.2430332,-0.850411,0.7654531,-5.702146,1.9631815,-3.0618014,-6.3677173,-5.0976195,-2.012648,-4.132471,-4.1462145,1.0158472,0.07054496,0.36787894,-0.43972972,-0.49643338,-3.0588386,-1.2963833,-2.161964,-0.8718838,-0.85424614,-2.4963036,-4.0245514,-2.1704173,2.2430682,3.4131315,4.206477,5.332599,fearful
-351.59283,59.318523,-12.357058,17.158792,2.544496,-0.69493306,-9.531508,-3.4905813,-13.965667,11.380735,-9.998168,-3.1116061,2.1294007,0.5704364,1.8391569,-5.6773877,2.6249163,-1.0826962,-5.3013997,0.75916684,-0.5503496,-2.536569,0.91508996,2.6418703,4.679264,3.9460332,7.5249066,7.350164,7.382541,5.3758283,4.4683805,5.8207955,5.936721,5.357107,4.014493,2.6514058,5.091649,3.745955,5.337802,1.6185495,fearful
-313.75317,40.435028,-24.38886,3.6906478,-7.0289383,-4.742057,-28.207846,-11.15649,-19.646547,0.48963577,-13.211947,-7.140603,-0.24768637,-2.3646553,1.5732352,-6.018825,0.47798654,3.2589328,-3.9754438,3.3731472,3.501702,2.3596935,10.476778,11.868207,9.557829,10.57515,7.450736,8.342571,4.8754086,3.7901094,2.9122689,2.543369,5.1518,2.685119,-0.8281714,-1.4443469,-1.9452101,0.48953038,2.0571065,-1.8119466,fearful
-375.6185,44.334286,-10.001801,9.072418,0.85621357,1.213136,-22.044111,-9.885685,-16.65009,2.7746127,-9.104903,-8.3010235,-2.068269,-0.8359901,2.3170166,-4.795902,0.20097192,2.2743,-5.309848,0.8999726,5.7919793,3.1993983,7.523913,11.817364,11.273797,9.319804,10.77766,6.1772637,7.187438,3.9592996,4.7342615,5.336041,6.7991276,2.6885705,-0.11116152,2.4537363,3.467857,3.2156858,1.7162971,0.31812543,fearful
-323.7972,43.222282,-27.674086,-5.3458943,-7.907247,-10.551735,-26.774565,-9.982283,-25.828417,8.230389,-8.499163,-8.23915,3.283867,1.1288899,2.2631505,-5.3549857,-0.8742352,1.6807387,-7.016205,1.7153087,8.277977,4.740286,11.502937,15.458751,10.990574,7.7696104,6.146294,5.9435,5.78706,2.6323645,0.6363477,2.6364684,3.4272137,2.3523836,-2.0314977,-0.8522164,0.1887624,0.57786494,0.25548247,-0.3775692,fearful
-522.43494,54.655342,-11.59546,12.091044,-6.591077,-7.057354,-11.769509,-7.1966677,-3.7918742,1.0087184,-9.892892,-5.0919247,-9.147877,-4.760332,-5.8595433,-4.9226527,-4.4928536,-5.0457973,-6.089274,-7.2109632,-2.8491187,-4.675509,-6.603664,-4.806676,-0.7549779,-4.112703,-1.2223972,-2.5622885,-3.4520836,-2.509455,-1.2532928,-0.8833615,0.1593746,-2.4939544,-1.0813012,-1.3203112,0.14467359,-0.091788255,-2.762253,-2.461211,disgust
-566.00037,57.635002,-7.243755,14.785266,-3.4032388,-7.251319,-13.021803,-9.703224,-5.9191527,-0.48604292,-8.138964,-4.87153,-6.8083982,-2.5771272,-4.3267097,-2.5406435,-4.115866,-4.2198057,-5.2360816,-5.474259,-3.7208889,-5.6290507,-2.9764245,-4.5424123,-1.1360021,-2.387118,-1.8391188,-0.792233,-1.9604675,-2.200479,-0.76692826,-2.1756153,-2.8660393,-4.050054,-4.8450966,-4.825665,-2.5493398,-2.2093961,-3.350076,-3.9996939,disgust
-571.7656,46.678318,1.6766893,13.525763,-1.7179111,-11.362915,-14.4790745,-3.5443292,-5.07934,-0.6163923,-11.80954,-4.159189,-5.008858,-2.9515336,-4.8405275,-3.0421863,-5.0401278,-1.9801617,-8.629648,-3.6769207,-4.7340136,-4.41058,-4.257516,-2.5981104,0.20299764,-3.3334737,-0.017791161,-0.9516112,-1.8534596,-2.4350278,-0.98147374,-2.3388996,-1.9164138,-6.1377,-3.482969,-3.3664525,-0.5004527,-2.077599,-1.5699573,-2.9418697,disgust
-489.8864,47.38505,-14.752893,10.9758835,-3.8473103,-12.477249,-15.818198,-8.42623,-7.3665996,1.7753798,-9.139852,-6.0044565,-8.963656,-3.00593,-6.4154034,-1.5045791,-4.6729054,-3.8637655,-7.017506,-6.0186844,-3.3888125,-5.197453,-5.542535,-3.2181644,-1.037366,-2.9229226,-2.94953,-1.6310122,-4.0046573,-3.5570548,-1.7390002,-3.4219751,-2.8885567,-5.3349714,-5.357136,-3.7299368,-3.1600323,-3.8809779,-3.6670055,-2.6135628,disgust
-527.2131,59.058346,-8.15609,17.7916,-6.3811016,-13.014679,-11.242933,-3.6319802,-7.3306623,-1.2090694,-8.492005,-5.5708,-5.274189,-6.6403146,-6.077059,-4.8606253,-5.49477,-4.339701,-7.2932973,-4.1285825,-7.863135,-3.2215135,-4.434646,-4.877675,-3.777639,-1.7811359,-1.2576704,-2.81041,-3.8706326,-2.1109564,-3.3933105,-2.0063152,-1.6821145,-4.7568254,-4.1520033,-1.6556212,-1.0357388,-1.0071118,-2.7230148,-2.7617676,disgust
-498.03912,62.472603,-3.464282,10.576277,-9.01229,-8.528889,-10.030107,-0.79915994,-9.139493,3.1357512,-6.5455785,-3.4117017,-6.202577,-6.152339,-5.5214324,-2.7758746,-4.3323298,-1.7287177,-9.767572,-6.8967075,-4.2356505,-2.9650822,-5.871847,-6.268015,-2.533886,-3.1881468,-1.1513535,-4.679681,-3.1268027,-3.7988446,-3.5163767,-1.9733031,-2.1036286,-6.410937,-2.6816442,-3.2618127,-1.1520003,-0.2393417,-2.5962641,-2.0269814,disgust
-477.43066,60.419254,-3.4669456,2.4886682,-9.249736,-12.633362,-10.002286,-3.5518677,-16.814579,-3.126331,-7.019613,-7.2813916,-5.7158976,-7.1990356,-7.913375,-4.637049,-5.458812,-4.293455,-7.0706177,-6.982943,-6.2175546,-5.697137,-4.031599,-4.848359,-4.5487804,-2.6038806,-3.1629536,-1.5087994,-4.4421077,-3.8076355,-1.7884737,-3.0176318,-1.8597199,-5.2850466,-5.9521585,-2.8685496,-0.78165334,-0.18455881,0.5975025,-0.63902825,disgust
-428.44754,41.58282,-10.452858,-0.75466263,-10.881131,-9.260774,-16.71084,-8.168915,-12.976454,-4.5005856,-5.1799903,-7.07988,-7.5786214,-1.5387179,-9.836093,-5.413391,-4.361056,-6.2876306,-7.4631896,-8.706656,-6.925749,-6.5572147,-6.3453593,-0.22654565,-1.9076986,0.702038,2.1401262,2.6444356,-0.9844778,0.9376716,1.3438536,2.2760053,1.0865637,-2.3118742,-2.5610404,-1.3935481,0.014476265,0.9540405,-2.11746,-2.4339244,disgust
-548.47217,49.337875,-17.246298,1.2483728,-8.651553,-7.9777718,-21.304003,-6.7726564,-12.999922,-1.2192006,-6.8488183,-2.8050158,-4.541674,-6.207783,-3.766285,-4.250921,-7.5358143,-3.2098174,-3.3067772,-1.794907,0.4181037,-3.6114604,0.8070047,-1.0394866,-0.64276445,1.0413256,1.9991778,2.0129037,4.1966057,3.3613389,2.4675827,0.95667595,-2.5623238,-3.0659935,-1.8806101,1.0743563,1.6952713,-0.0028556865,-0.9626685,-0.46634987,surprised
-544.51166,47.374615,-7.8663282,11.971281,-1.471016,-5.107805,-11.336812,0.012244265,-7.224585,0.570569,-3.6795292,-4.7966337,-0.46139437,-3.094855,-4.955962,-2.4309156,-2.3944175,-3.2319596,-3.8093464,-1.8573142,1.2067086,-1.846294,-0.03614355,-1.3763797,-0.6213243,-0.26795682,3.5136092,0.66745454,1.372909,1.3200941,0.95207953,1.3825287,1.879532,-1.0251415,0.40379035,3.593317,4.322379,2.5198772,3.1867442,1.442944,surprised
-578.52026,48.58718,-7.228987,5.070629,-4.9093404,-4.4470425,-17.48436,-4.936041,-12.977563,0.07935078,-3.06886,-6.7357197,-3.1480386,-5.2360606,-4.263923,-2.427379,-9.169161,-1.1342587,-4.5395403,-4.3930354,-1.5401325,-4.52159,-3.9542394,-2.258841,-2.1511886,-0.8251557,-0.2505523,-1.3906221,-2.8048778,-1.3680878,-2.4337618,-2.7803025,-2.515795,-5.5818067,-1.5837877,2.545383,4.9215713,5.5537915,2.2543995,-0.7950776,surprised
-513.671,49.01264,-16.685017,9.147806,-7.3709254,-8.499378,-14.922849,-2.3368137,-11.215132,2.4636557,-2.8639958,-5.578402,-1.6160214,-4.33047,-5.7979507,-2.1221719,-6.288392,-1.7874763,-6.8897347,-2.6660957,-1.909053,-3.5412118,-2.140817,-0.4835419,-1.4730921,1.4446838,1.5566521,0.85328895,-1.0692698,0.6889324,0.3777611,1.791568,1.0054051,-1.3913714,1.1404849,3.2268467,3.591872,1.231368,-0.12129716,-0.03664289,surprised
-487.33813,51.33303,-16.355896,6.1761956,-14.411504,-8.3832855,-16.392609,-5.945889,-14.486631,-4.279976,-1.2615026,-8.022203,-2.5252075,-5.227796,-5.4509187,-2.0734067,-6.2895923,-4.6414456,-5.2825704,-3.1253242,-2.605923,-3.8561246,-1.5243281,-1.6897576,0.46438354,2.3544595,2.8854017,0.68004876,0.3862148,-0.16367862,0.43108538,2.2563157,0.73524475,-1.5611702,1.0879064,2.1602547,4.23705,0.7095053,0.15992665,0.05737407,surprised
-446.13004,38.701824,-10.9327545,8.791957,-9.839826,-6.0157638,-13.636676,-0.8751428,-9.014967,-2.5404222,-0.3706626,-7.1309896,-0.51124716,-3.3963559,-4.989551,-5.123962,-4.3110733,-3.4225276,-7.423279,-3.9639814,-0.19995046,-3.6320126,1.8993878,2.318847,1.8849916,4.826807,4.6380363,0.5602957,1.3298771,0.034554087,1.8478565,4.2277894,2.3663425,1.4226369,0.80981874,1.060226,1.2552503,1.0286201,1.6148647,0.7835875,surprised
-441.5956,41.14762,-15.144229,-6.570842,-6.6292405,-8.360669,-21.93711,-1.9540478,-13.996309,-1.0163531,-3.0038323,-6.1962023,-5.611447,-1.7533951,-4.914888,-5.0026608,-5.8365374,-3.3278704,-6.9064393,-5.357336,-1.104134,-3.1685007,4.194076,5.3810368,5.4670806,3.714703,4.080805,0.855191,0.857705,1.358502,2.2175364,2.0697627,-0.8198207,-1.1985422,-0.56730765,3.5296125,2.7893429,-0.47518244,-0.15193747,0.054026056,surprised
-530.36676,47.467083,-11.125084,2.8173027,-7.486148,-8.000828,-14.48135,-4.736846,-11.737421,-1.7242848,-6.0379586,-5.8174996,-5.7558036,-7.4487085,-5.0554185,-2.9785864,-6.025155,-2.8794765,-6.1573787,-5.0086026,-0.07459737,-5.4420557,-1.3757502,-2.7341347,-1.0342054,0.15641008,-0.94811046,-1.9684021,-3.3223586,-1.1407909,-0.08673504,1.1807077,1.629799,-0.74041563,-0.24604058,3.1349273,4.6816835,3.464433,2.8460724,-0.33849388,surprised
-677.74084,35.097263,-7.45486,8.556913,-9.53946,-3.4206362,-14.592891,-9.455171,-5.3043523,-2.0938315,-8.835641,-2.483206,-1.3959814,-6.608635,-1.9652944,-0.53046405,-1.004085,3.9652638,0.28816122,-0.3345926,-5.0291815,-2.8802245,-0.54769796,-0.264801,2.6871715,2.7861443,3.11235,0.5817295,-0.20406191,-1.4130442,1.5221355,2.8486063,2.184591,0.4253122,2.4689367,5.7120624,3.6634996,0.2532576,-0.1487479,0.3506242,neutral
-687.90485,37.27347,-8.232087,4.57144,-13.572093,-6.203556,-17.322128,-13.16359,-7.985859,-3.092454,-10.256853,-3.2253308,-3.3198729,-7.7506723,-5.363544,-6.0284033,-5.906743,0.6826988,-0.63439,0.99761444,-1.6339962,-1.8818628,-2.2025797,-1.2243023,3.7495074,4.462117,2.2737064,0.4917641,2.3464344,2.7801647,-0.2001268,-1.9255003,-0.30913296,0.6495826,0.7768208,4.1960983,5.8343196,1.8373464,-2.7837415,-2.0183816,neutral
-710.1007,41.363384,-9.08006,0.82601935,-9.3862095,-5.4380827,-18.093729,-10.967667,-7.816174,-4.6979747,-11.201964,-4.0259805,-4.394023,-8.312071,-4.4895062,-3.869768,-6.2954793,-1.0072626,-1.6352142,-1.088709,-3.0617175,-1.1622196,0.44347233,-1.0245845,1.9556825,0.78447413,1.077051,0.6771383,2.2367063,2.9709542,2.6277134,2.7182865,3.899506,3.1295412,3.3250704,4.108648,1.1213921,-0.2923842,-0.96944946,-1.105302,neutral
-708.7284,40.555206,-6.3680916,0.9280929,-9.147473,-4.9448934,-16.952658,-11.306762,-7.718649,-3.970379,-10.65278,-4.213163,-3.2599077,-9.084465,-5.0611215,-3.9450178,-7.2604694,-2.4598753,-3.0078535,-1.8869835,-3.114757,-2.678063,-0.5707538,-1.8466539,0.57022893,0.20470335,1.8854793,2.1765637,2.245725,3.193538,1.9541436,0.3957371,2.4427135,2.8489945,3.149463,5.06947,2.4924474,1.0798514,-0.850081,-0.302174,neutral
-647.95197,44.254612,-11.736937,2.0827997,-15.215335,-6.182545,-17.91914,-12.863191,-8.309637,-2.5173597,-11.379097,-2.1174128,-3.2813678,-7.0248466,-4.9901986,-4.1495647,-5.971007,-0.9860603,-3.125736,-2.489224,-4.643492,-1.8957936,-1.2597377,0.005667456,0.2403494,-0.0925134,1.5017549,2.7178264,4.8744483,4.5416255,4.4728537,4.55709,4.949241,3.657412,3.2812135,1.3591532,-1.3660042,-3.0796502,-1.226942,0.39995286,calm
-644.4179,44.50136,-18.602953,4.890709,-12.811293,-6.152897,-17.754293,-9.728757,-6.765279,-1.3756253,-11.81327,-1.6366358,-2.9130087,-5.918893,-4.1042833,-3.5514781,-5.5088663,-0.9716271,-1.5454361,0.7584792,0.22898607,-0.1735006,0.093295336,-0.010388592,1.6012512,3.9845982,3.9168394,3.1464903,4.750914,8.886377,7.2776856,4.167848,0.13317867,-2.9832346,-1.5652027,1.3762271,1.7363644,-0.5560744,-3.4566348,-1.2306782,calm
-633.52563,43.251102,-6.133453,3.7995,-11.800661,-3.6295195,-17.098413,-10.6286745,-6.905237,-2.114376,-8.458787,-0.36408252,-4.731518,-5.18829,-3.120932,-4.726165,-6.027343,-1.2541718,-6.8370395,-3.442139,-5.028147,1.207867,4.1167865,5.556502,5.2163916,2.9026592,3.54596,4.9963827,8.001564,9.215155,6.3576093,1.2340143,-1.5000364,-1.4900542,1.5051812,2.5231233,0.5746069,-3.7753127,-3.8701503,-0.55739015,calm
-643.9551,47.42806,-15.629816,-0.17270292,-11.160985,-5.725392,-24.207829,-12.66725,-5.9388213,-4.8424697,-10.368585,-4.794452,-1.4353057,-3.7846625,-4.5387063,-4.436989,-7.402995,-3.2595356,-4.8603463,-3.4796398,-1.7635154,2.8860037,7.3262873,7.48174,5.5213275,5.611546,4.6365724,3.65979,5.6383395,8.227316,4.558582,2.5255508,1.2392101,1.3814682,1.7687366,1.111023,-0.93248856,-2.1170685,-2.9109638,-1.4681215,calm
-653.5828,41.204548,-11.523073,0.8260462,-11.3024645,-5.5771804,-17.454311,-10.232119,-7.0891223,-2.1872442,-12.800152,-3.5783787,-4.825506,-5.8451676,-3.7513468,-3.8239963,-4.381091,-0.4210547,-5.149151,0.41389647,-2.6659734,1.8653136,2.0838962,2.857206,2.0512893,2.5151653,5.882443,6.685843,8.742684,6.3816304,1.3882512,-1.4090222,-0.6370902,-0.50950086,0.60546446,1.2294399,-0.019024182,-2.237734,-3.2903275,-1.0114896,calm
-621.65643,50.524597,-20.151825,4.593228,-11.161665,-7.675985,-26.010464,-13.509454,-6.2999225,-3.8901477,-12.093175,-0.5172498,-1.7200174,-5.6516457,-2.88627,-5.5675807,-9.18753,-2.8066921,-5.5925446,-1.852733,-3.1973956,-0.51592815,2.1709378,-0.9039085,2.8810344,3.5599356,5.36861,6.100648,6.344461,5.8606954,2.3252912,-0.18938138,0.71866363,2.5911038,0.9765557,-1.3494222,-2.5725014,-1.3563176,-1.2746186,-2.8116972,calm
-601.33954,46.322548,-15.385389,3.5585608,-12.964612,-4.5482893,-25.57888,-8.640206,-5.4171987,-3.7359886,-10.718155,-0.3541811,-1.325636,-1.7563665,0.16756031,-4.030368,-6.7475314,-1.1894433,-3.6232395,0.14527294,0.66123736,3.470918,3.509978,2.0481403,3.661067,6.883345,8.066741,7.080158,6.4243565,8.016717,8.326233,6.425636,2.855926,-0.22129603,1.219203,2.3937688,1.3811502,-2.0267107,-2.0999508,-0.50065935,calm
-657.1382,41.51387,-7.4532795,-1.1360859,-11.976839,-9.890624,-21.32916,-10.072657,-7.8075542,-7.034293,-14.17986,-2.4955835,-8.469099,-7.7508564,-3.0996697,-7.862423,-7.7427573,-3.6196897,-8.405337,-4.8801455,-5.6105704,-1.7093505,-4.885399,-0.55491996,-0.47136784,4.253295,5.8229804,6.895082,8.237441,5.644173,3.5424902,3.869032,3.8880668,1.0043807,1.7640646,-1.4659561,-0.2519932,-0.17642748,-2.285177,-4.023725,calm
-635.8248,37.39371,-16.08126,6.3180466,-14.879118,-5.556158,-16.572557,-10.745512,-6.333173,-6.7943044,-11.577214,-3.6487935,-3.1790218,-6.7364087,-1.5859969,-4.9468813,-6.0120344,-3.1011896,-2.84293,-1.1551564,-3.343832,-1.4992152,-1.1983157,-4.513927,-2.238652,-2.537995,2.4576392,2.7458599,4.4250636,3.872669,2.965761,1.1542279,0.30925816,1.2717503,0.59540415,0.7212494,-0.18538855,0.049529716,-0.87184477,-1.217082,happy
-584.8986,31.402023,-20.5595,7.942341,-16.624552,-5.196092,-15.198257,-12.640023,-4.426267,-6.0904403,-10.225301,-4.6124353,-3.3258426,-7.7005153,-1.4243318,-0.095856965,1.4125203,4.193973,1.1878626,3.6619499,1.6058365,1.4697224,1.000201,-1.5312386,2.196579,1.4982234,1.2352709,-1.584835,0.1704936,2.1074493,1.5294585,-0.1263726,-0.17350194,0.57673496,0.39630166,0.35359487,-0.3827489,-0.66389716,-1.1843853,-0.326387,happy
-609.79254,37.317036,-13.082878,9.916164,-12.042197,-2.6328654,-13.014441,-9.956277,-7.196489,-4.0970516,-8.125509,-3.7132635,-4.0483394,-6.087012,-5.7297363,-4.77819,-5.660685,-3.1233368,-2.2376893,-2.7115328,0.9885113,1.7475501,2.9157693,2.2543683,0.4301839,1.9612474,-0.79086506,0.8746188,0.52760875,3.3145928,2.231366,2.5895789,0.86940414,-0.7626471,-1.8832458,-1.7004886,-0.92258894,0.73946893,-0.1783512,-3.0891483,happy
-594.9294,36.74078,-16.601706,8.080699,-12.546586,-6.168357,-15.037907,-9.28585,-4.2502036,-5.9990344,-7.2710857,-3.225237,-4.5817294,-7.539097,-1.8661187,-2.870607,-3.4729066,-0.6227184,-2.2509475,0.14403926,0.431988,3.4659638,2.0335917,1.0787817,-0.17765434,-1.3387468,0.5057365,0.91970783,1.1082724,0.18627636,-0.91061276,0.90035516,1.7616677,-1.5159689,-2.24575,-1.2921773,0.17107937,-0.6623131,-3.2005723,-2.1226766,happy
-484.0834,26.99819,-24.39164,5.287247,-14.05487,-3.2075558,-16.500553,-12.158327,-1.3771785,-2.863602,-11.063075,1.0582583,4.4553895,2.4371698,0.16313027,-1.9583466,1.1182178,6.6403394,3.8708541,3.5120673,3.5720544,5.2244697,4.544725,0.82421327,1.717163,4.5280657,1.167388,0.23307803,-0.061178025,0.006142247,-0.35016564,-0.118775636,-0.9327351,-0.8385983,0.10997663,-0.4869356,0.45489824,1.0983474,-0.8239928,-1.162079,happy
-486.8538,14.242083,-22.238115,4.4023476,-17.25426,-2.464353,-12.299539,-8.73998,-3.4834142,-6.2108583,-9.191557,-3.8585277,2.1588793,-1.7923887,8.181677,6.8848124,6.755285,5.6154532,0.09163829,2.3957508,-0.8612935,1.9525002,1.6682445,-1.286893,-0.04698724,1.4995581,-0.4055805,-2.205083,1.0271448,1.3601729,0.9825309,1.286669,0.19987239,-0.54104376,-0.48086092,1.8615049,0.82605416,0.54331857,-0.95036465,-0.96243036,happy
-513.0653,17.189247,-19.030647,1.9772422,-16.854294,-7.574029,-16.889927,-11.365535,-6.1189604,-6.994885,-7.9642053,-5.405319,-4.842875,-10.031578,-4.430212,-4.7857985,-0.10995629,5.651289,3.5201046,2.435413,0.67314595,0.5952131,4.5200872,3.3537905,1.6435378,-1.3816462,-1.5577363,0.93438506,0.9923599,-0.6157339,-1.0949142,1.5060536,1.0857252,0.414679,2.151342,1.2452674,-2.0901291,-3.85562,-2.1774826,-1.3952487,happy
-452.3437,17.902504,-26.381128,3.4796596,-18.096283,-10.097804,-21.380085,-9.085999,-5.73355,-9.588371,-14.23286,-3.3167822,-0.10694562,-3.8234777,4.581293,3.7204792,6.9696927,5.0353394,4.091444,3.2065341,0.9927977,-0.5109642,-1.2042209,-1.6314976,-2.2282956,-0.21607491,-2.2326677,-2.3185353,-1.1347226,-0.30368325,-0.40950578,0.08894179,0.3991035,0.4761062,0.09690196,-1.0556921,0.16108099,-0.8162974,-1.2656327,-1.4984936,happy
-678.8248,39.380527,-1.0182445,8.257666,-9.821909,-2.467449,-12.455318,-11.182934,-9.189995,-3.4597163,-8.948604,-5.4251075,-2.7363172,-5.6459317,-5.3356147,-2.1062348,-3.881103,-2.7526386,-2.0657885,-1.0018711,-2.9118352,-1.7868793,0.1300852,-0.5043276,0.31839624,1.4300078,2.989717,2.7461767,1.8910724,1.3001807,0.64802635,1.5426486,1.5656999,-0.4504956,-2.0902202,-0.7925286,-0.970253,-0.25510642,-3.1582391,-3.9378493,sad
-581.7774,27.922388,-11.359091,1.5590748,-13.261836,-3.9443183,-15.099181,-12.666283,-5.5083275,-4.1027093,-8.697182,-5.909255,1.4394367,-7.793469,1.2431839,0.8814698,3.1910288,2.2159421,2.2845454,3.0665402,3.9901865,3.8649638,2.7166696,-0.9485383,-4.2155614,0.9074021,1.8331109,0.4663927,-1.6747972,1.1547832,0.15706186,-0.72180367,-0.8765578,-0.63898426,-1.219516,-1.6672351,-1.1964539,-0.57853436,-0.4601681,-0.84403807,sad
-580.8651,26.6726,-12.429998,4.137181,-15.095953,-8.09416,-16.60479,-14.192078,-7.6729465,-7.644427,-9.161616,-5.796516,-0.7953158,-9.562751,-1.0256901,-3.7494173,-0.03686928,5.0403867,8.297728,6.3539515,2.4156785,-0.31144467,-0.017672073,-1.2736547,0.7557687,1.4713061,-1.0528737,-3.2972226,-1.8204395,-0.45447624,-1.1685952,-2.992026,-1.7662138,0.6576623,-0.35431972,-2.0558834,0.011866055,1.2666348,-0.20826,-1.9365389,sad
-590.72174,18.89332,-13.758448,-0.13968848,-17.731031,-9.5545435,-17.1714,-15.169996,-5.4251165,-8.383444,-8.071622,-4.9652634,-0.23040833,-6.6725984,1.3818254,-0.555062,3.851425,8.220479,7.4451866,2.3652563,-0.65665007,-1.6469089,0.99299055,1.9740047,-0.7295793,-2.2303598,-3.6080725,-1.459091,1.1500022,-0.116011865,-2.3856575,-1.5471419,0.1979042,-0.50886667,1.8629695,1.7703341,-1.0387425,-2.3004963,-1.3070846,-0.999531,sad
-525.25287,14.6601925,-23.551764,2.6967764,-17.93931,-11.138043,-18.457893,-13.107411,-2.6780677,-4.9592423,-6.0017505,0.121876456,8.8556795,4.8297787,6.6435494,2.6132348,3.6983223,2.7804306,-0.11620692,-2.0519295,-1.0278457,-0.3833331,-1.5371449,-2.3687553,-0.97057945,1.3661687,-1.1378572,-3.0497177,0.7305409,0.5980446,0.2351773,-0.5561587,2.6536894,-0.84044474,0.7270068,1.1191761,0.8376373,-0.2382635,-0.23647216,-0.17638355,sad
-489.81723,13.246249,-16.52948,-2.0556068,-16.448082,-4.810218,-11.748274,-10.97505,-2.4494812,-0.41018176,-0.8697848,5.08108,13.696675,9.887053,7.094018,0.60212547,2.1050725,2.4644754,-1.2994494,-0.7001776,0.8846415,-1.0208267,-0.23149471,0.41944423,1.1591439,2.1275501,-0.885907,-0.5866288,0.9335235,1.945313,1.0557016,-0.71320194,0.5607444,-1.7799876,0.54091597,1.5754712,1.5608758,-0.013951633,1.6665041,-0.24630088,sad
-441.88055,-1.6901395,-32.108345,-4.98667,-23.190723,-15.512633,-22.711164,-14.367154,-5.573775,-5.952552,-0.5422243,12.057548,18.343946,2.10323,0.14927308,-7.6023602,-2.6971753,1.3487674,-3.862332,-4.29153,-0.5598821,3.6950967,0.6872313,1.5520352,0.6892391,-2.549496,-4.1807375,-0.5481009,0.6352551,-3.9921546,-1.3293525,1.13746,2.4438405,1.2655615,1.8991776,-0.27865958,0.46630055,-1.4287338,-1.1521357,-0.23627904,sad
-468.67227,4.716816,-27.14641,1.3924071,-20.626753,-12.004112,-17.963358,-13.52958,-7.586812,-8.46168,-8.413926,2.7390575,12.343511,9.754407,11.910591,1.5036883,-2.5850558,-1.1497496,-2.4058728,-2.5841727,-2.5158079,-0.5629657,1.0326223,-0.7956798,0.8550157,4.9756722,-0.40579152,-4.640704,0.1398951,1.4139875,-0.8049301,-1.5989034,1.1086031,-1.7516905,-0.84888035,0.13504949,1.6649401,0.044983264,-0.4794651,-1.2582936,sad
-551.4062,28.43902,-10.506556,2.3438218,-14.458073,-4.7903047,-16.07063,-10.561479,-7.186806,-3.6237304,-10.176149,-1.8020185,-6.151179,-8.644425,-3.0534217,-2.8047118,-3.300812,1.8359138,1.2006217,2.2533753,1.4020247,0.7432316,0.7211411,-1.2923968,-0.63836235,0.60306275,2.3976495,1.5611145,1.2465553,0.61219144,-0.96210176,-0.70185876,-0.23531967,0.59308195,2.9260843,1.9270835,-1.881218,-2.4516943,-0.56588495,0.19960871,angry
-532.60223,22.962662,-12.21932,0.85178906,-16.729362,-1.5388918,-14.732476,-9.851325,-5.0703154,-2.5111337,-7.927382,-2.3051236,-0.20851669,-5.119861,1.1523132,-2.5306077,-2.105562,0.38547412,-0.52976596,0.06408817,-0.44946855,0.6700942,1.3858018,-0.20718965,1.4591643,4.2714334,1.687538,-0.7695482,-0.2094025,2.0956252,0.03652213,-1.461247,-1.0960606,0.11801539,-0.047550835,0.35655543,0.25351298,0.3444119,0.68422395,-0.42589656,angry
-544.524,23.578733,-13.20687,-0.89899635,-16.486937,-6.344914,-17.956434,-12.688903,-8.122609,-4.2268577,-10.125869,-6.663433,-5.902132,-6.8252463,1.4405643,1.6466411,1.9955852,1.2723413,-1.0028081,-0.21580201,3.6424518,3.745703,3.3856373,-1.3551434,-0.64609826,0.4157137,-2.8298109,-3.020887,2.205579,3.218877,-0.17494833,-0.19454603,-0.45292303,-1.6768317,-2.456028,1.240988,-0.6842243,-3.3891473,-2.0106187,-0.4730572,angry
-563.1931,27.654924,-12.242733,-0.14126818,-16.143707,-5.462218,-18.128479,-11.810667,-5.920331,-3.221775,-9.8614235,-3.4850726,-5.0829864,-6.9881253,-4.1331906,-4.838361,-5.298354,-0.008860274,-3.4950604,0.62827253,-0.09386383,0.66277397,0.40616456,1.2750167,3.2506108,3.5159478,3.0741587,0.62058556,0.03627323,0.34201798,0.8469903,0.72961664,-1.8807083,-0.7028629,-0.2677093,-1.5767517,-2.5479515,-0.87942046,-1.2675952,-1.5064245,angry
-402.25876,10.42731,-18.391264,-1.8857027,-19.216461,2.420602,-17.528502,-7.5033693,-8.050293,-3.0607097,-6.005869,0.44265637,5.583686,0.8902063,6.649153,1.4247422,4.4007154,0.7160724,1.1300615,5.120716,5.3666945,2.4319053,-1.6765207,-0.15245795,-1.2763057,0.46900555,-0.7329043,0.05295471,0.64557624,1.0143943,1.2237613,2.6001766,0.13045663,1.0709255,1.6572766,-0.9321517,-1.5253931,1.0317217,0.9465953,-0.64070356,angry
-425.48007,11.91754,-16.468103,-2.9091167,-19.405373,-0.46798044,-18.764635,-8.984102,-5.8732066,-3.0319865,-4.210947,1.8385307,3.5033226,-4.113953,2.7180862,-3.6705706,-0.21534413,-0.08256159,-0.19999774,1.5556397,1.0287364,4.1042943,6.1160736,3.2461076,0.38615376,0.6634999,-1.3111713,0.6196873,2.3747005,0.98207223,-1.134299,-0.5199815,0.61761755,2.5571723,2.0969884,0.58644307,0.24313043,0.3425347,-0.9467185,-1.6141219,angry
-394.1635,6.3628836,-18.154995,0.09498889,-20.490076,-4.4025717,-21.065742,-8.487335,-4.6566305,-2.895151,-9.077346,-3.1979122,-3.415285,-7.5466685,0.68300444,-1.06168,5.3527,2.0457237,3.027973,4.359077,6.2534842,5.5643973,0.13869572,-2.447871,-1.3306736,-2.2499392,-1.9961662,-1.9306765,-1.5679245,-0.40294614,-1.1159551,-0.51542485,0.1737642,-0.6827616,-2.0244195,0.4089517,-0.2133112,-2.1374705,-0.5851133,0.25755394,angry
-456.54544,6.5053554,-20.840368,-10.478945,-23.121183,-3.5424979,-22.241556,-9.557469,-10.272382,-4.0168347,-6.6442394,-0.71339875,-0.6674519,-3.5651057,1.8337344,-1.0629032,5.419509,1.2287946,5.0796237,2.6828988,6.75196,2.5858846,0.1358451,-0.8361066,-2.879545,0.8228836,-1.0242168,-1.4405904,0.067476384,0.290913,0.30887976,1.5902598,-1.9820112,-0.6746193,0.65315753,2.2486992,-1.3406843,-1.7618388,0.23095919,0.89004666,angry
-552.80237,21.065737,-15.722447,0.32534233,-12.749284,-2.6227324,-17.27675,-15.069337,-4.698127,-5.4471188,-9.642691,-3.2866495,-0.6021314,-5.643399,-1.4369489,-2.9261005,0.35946274,5.6754904,5.751272,6.6735196,2.5350747,1.3199503,1.3116224,1.6285387,0.09951416,-0.65332854,-3.028131,-2.8593497,-1.6044835,-0.08820221,-1.8978951,-1.7434477,-1.0386927,-0.7437487,-0.15938446,-1.0210608,1.3595176,1.838929,-1.3936228,-1.91936,fearful
-536.98816,19.33629,-19.45261,4.2076335,-15.70356,-3.9919977,-15.403297,-12.324475,-5.4223843,-6.9686155,-9.327645,-3.7962604,-2.4676082,-6.8931866,-1.0160906,-0.612306,5.387245,10.411523,6.497336,4.704191,-0.41102207,2.55662,3.0578468,2.0322728,-2.0235248,-3.017211,-2.916182,-2.2980535,-0.6495422,-1.6249253,-0.92821914,1.9123113,0.7993021,0.55459857,0.45619324,-0.065290004,0.0658985,-1.0019764,-2.7247486,-2.1668468,fearful
-549.00305,22.706928,-16.092457,3.3117344,-11.801186,-6.214793,-17.763502,-12.931058,-4.0890326,-7.250701,-8.575191,-5.9934006,-1.9514298,-7.475769,-1.4379447,-4.7796474,-0.6687215,9.805944,10.786576,12.026734,5.0715785,-0.09399688,-2.7709966,0.42065075,-0.043949198,-1.4300976,-4.2484384,-2.5059724,-0.73475534,-2.066831,-4.4696627,-1.9434056,-0.8432261,-1.0105367,-0.94445986,0.95860505,1.4166325,-1.0886191,-1.6989585,-0.6834537,fearful
-538.32294,21.684818,-14.05357,-0.5064994,-11.688256,-4.9778976,-14.580181,-14.832168,-6.0691476,-6.5322657,-9.921438,-5.1708093,-1.9790744,-7.1842523,-2.7429378,-2.2485838,0.35257462,7.288718,10.559531,10.84865,5.2824335,1.1802381,1.2875915,0.96131843,-0.746295,-2.0318084,-4.1568127,-1.3923663,-1.1621952,-2.830768,-4.825272,-1.3198996,-0.21899413,-1.7673789,-1.0429916,1.9366709,2.59163,-1.5485423,-2.1218019,-0.4539867,fearful
-409.67163,2.0126352,-17.18881,2.1927438,-9.281077,-0.96523607,-18.728882,-10.961691,-0.43629438,-0.6527087,-1.6140379,15.593973,19.124903,0.54594356,-3.7389615,-0.7362645,4.19323,0.40184146,-4.449152,-0.73349875,3.0297937,4.6876993,-0.6053677,0.82140034,-3.817275,-2.8785615,-0.9498489,-1.3585246,0.17358936,3.0760894,4.4243517,2.983706,1.4433367,-0.27743286,-0.059583113,1.2827014,0.20825922,-0.62609947,-1.0937225,-1.0242506,fearful
-437.18588,11.387801,-18.30418,-2.7646189,-13.37513,-1.9199487,-13.868442,-12.847052,-7.687841,-4.9796257,-1.1647836,9.965279,15.8864155,5.2756667,0.24085514,-2.051586,2.6778662,2.521434,-1.2582695,-1.7198815,-2.0500007,-0.18479282,1.5510225,1.719932,-0.88682836,1.4738368,-2.7927434,-1.8712276,0.18843938,0.3130903,-0.17603414,1.0038819,0.61483216,0.44682464,3.437536,1.5841699,0.19073106,0.9526534,-0.74628204,-0.79871464,fearful
-420.36362,12.259009,-18.769371,-8.402598,-17.490616,-6.477042,-18.931656,-10.78394,-9.542895,-7.9068117,-8.166663,4.6690836,9.624787,1.6784284,6.9071856,1.8810073,3.994074,2.4023523,-0.4588819,1.1011424,-0.3254575,-0.10086264,-0.8952957,0.21189034,-3.129262,-0.87102133,-1.4613627,-2.6224382,-2.149984,1.5862273,2.0693526,0.04324913,0.012628454,-1.5046918,-1.3450537,0.9324004,0.40225226,-1.5440528,-0.067656495,-1.1451402,fearful
-435.4038,11.375268,-21.08035,-7.947165,-15.696281,-7.5710526,-16.284313,-10.157519,-6.83578,-5.5998645,-6.384153,4.234243,8.20748,4.5738983,10.44734,2.4933283,5.084248,3.1516407,0.3487392,0.3511922,-0.2693892,1.2703044,-1.9916685,-1.0940561,0.7269018,0.5055175,-3.345592,-1.3824959,1.9692584,1.2501389,-0.16310279,-0.42936584,1.1840742,0.3009562,1.509349,0.36881828,0.4614103,0.09892232,-0.65483284,-1.3844473,fearful
-596.4066,40.27457,-7.057647,2.141903,-7.934449,-2.7191734,-8.683597,-11.2647,-6.9385695,-1.1728784,-9.8496895,-0.7060453,-2.3403094,-7.496073,-2.9991548,-2.5796685,-4.18796,-2.8675396,-1.7025565,-1.1543149,1.7619023,-1.0483203,2.4510672,0.26321167,1.9636893,0.601157,0.7614179,1.5538936,1.4784068,2.8847113,3.304711,0.030414406,-0.62765205,-1.4548672,0.79228854,0.46504784,-1.4432809,-1.1071086,-1.7643288,-1.4284581,disgust
-578.703,38.359,-8.609061,2.163245,-10.39378,-9.469012,-16.389708,-11.606355,-4.051289,-4.814729,-9.944918,-1.5461837,-3.3070848,-4.1174626,0.10933678,-1.8790843,-4.7681885,-3.4871116,-0.7723348,2.7734795,4.7146587,5.0075274,4.528611,1.7310523,-1.4264462,0.93585736,3.14921,2.5486915,1.2491972,-0.5310544,1.0765618,0.6180875,0.123789035,0.26286805,0.77533454,0.07786718,-0.32021585,-0.7007763,-0.64030033,0.88260794,disgust
-577.4638,29.925293,-13.803871,0.088509925,-10.0559225,-7.9007726,-15.24137,-11.258898,-4.817208,-5.5617194,-8.286089,-2.6662228,-5.160331,-8.060664,-2.706525,-4.6573467,-4.355708,-3.7459652,-2.837449,0.88238513,3.0760515,6.59261,6.2912793,4.010797,2.9059513,3.4660082,3.6911263,4.048395,2.9425402,0.8239876,-1.799737,-1.0391625,-0.77215165,-1.5987737,-0.7870595,-0.6223976,0.38842747,-1.2474335,-1.6244065,-2.212398,disgust
-553.5952,24.80853,-11.327688,5.558179,-7.448202,-7.363445,-11.890977,-6.7188954,-1.4069413,-4.659233,-4.989638,0.12734932,-2.0969076,-3.8872762,3.5092998,1.6823039,0.80570084,0.18893982,0.97322845,5.5269966,7.6842723,13.129748,8.192863,5.966707,0.74921525,0.31577075,0.85378116,2.971424,3.5946083,1.7716837,1.2647772,0.91329247,0.7526033,-0.49438405,-0.34834424,0.43897295,-0.51708925,-1.2020472,-0.49325106,-0.08176104,disgust
-494.68533,19.675858,-8.545705,3.3106174,-11.557664,-2.2453363,-12.921951,-9.854368,-6.0775223,-2.8753097,-7.025841,-2.013703,-2.6682405,-7.005958,-3.0581803,-1.9889481,-0.2717691,1.1104614,1.2655815,3.139413,4.97636,6.9038267,8.416297,5.8601985,3.839466,1.4475045,-0.46339133,-0.469646,-0.45951384,-0.6920658,-1.8595612,-0.90234464,-0.44009995,0.255926,0.31103373,0.8648878,-0.67173773,-0.16388613,-0.35636598,0.3502406,disgust
-508.6144,19.43027,-10.027046,-0.23610541,-10.837593,-3.8741722,-10.2689905,-11.6523,-7.3028874,-2.9501693,-7.310688,-3.2074046,-3.0393445,-7.4303994,-4.124052,-5.133977,-3.9368017,-3.648037,-3.4910028,-1.9939159,0.59299624,5.085058,8.000188,6.6041164,6.91626,2.6226022,2.4294403,3.2724931,2.0290713,0.028986502,-2.4618535,-0.8263061,0.6018446,-0.27575195,-2.0165079,0.53931123,-1.4613434,-0.97774696,-2.7177744,-1.5671793,disgust
-543.5007,25.61376,-15.074045,-1.5607631,-12.161612,-9.060139,-18.543142,-17.94286,-6.4115496,-6.674477,-13.326883,-2.100274,-3.6957922,-10.174208,-1.209076,-6.0769634,-5.6741295,-4.593339,-5.499507,-1.4897102,-0.35158944,8.428719,9.586223,9.64889,6.792251,2.3591008,1.1124063,1.4895977,1.6330752,0.49909008,-1.2505713,-1.7905065,0.9416545,-1.6906092,-1.084043,-1.336269,-0.8543626,-2.905689,-3.3303761,-2.6103156,disgust
-519.4348,25.220682,-12.983302,-7.043897,-13.719456,-10.060642,-19.884632,-16.313587,-7.4159575,-7.7500863,-12.7687645,-3.2126882,-8.900552,-9.583451,-2.1701198,-4.4472585,-0.65864253,4.93804,4.306359,4.690856,1.2375052,4.842426,1.2042366,-0.2860346,-3.4058692,0.44904807,2.9870346,0.7701397,-0.3015411,-1.2575301,0.04137555,0.52240443,0.5553329,-0.2899278,1.1008875,0.018846162,-1.3220453,-0.18393314,0.24978271,-0.38621026,disgust
-602.3665,33.8313,-14.914909,1.4355538,-14.5465145,-6.8938475,-15.559268,-12.062791,-7.185673,-5.9600334,-11.05919,-4.763027,-3.6044772,-7.534921,-1.9456226,-3.5196967,-2.676432,-0.008340557,1.1871092,3.999062,1.1379004,1.9947921,-1.2265556,-1.233543,-0.9269777,-0.05103074,0.06892589,-1.7390019,0.42459032,3.1482704,2.1301537,0.39994663,-0.85690314,-0.2467836,0.615652,0.93072397,0.16231613,0.0029216309,-0.47739294,0.31158552,surprised
-573.34076,29.346842,-14.781973,1.4788744,-16.95993,-5.826978,-17.497643,-12.877022,-6.247798,-6.7949157,-11.126721,-4.999966,-2.2272017,-4.936584,1.8770478,-2.7301712,-0.9530907,0.49312863,1.6045995,2.0831819,-0.2864201,-0.9248578,-2.3453248,-2.3378046,-1.8977821,1.8578964,1.4961219,0.44748893,0.7734362,-0.78325367,-1.2178032,-1.0316073,-1.0626214,-0.4030491,0.9305532,1.0418135,0.6662065,0.12016375,-0.6224233,-1.3600368,surprised
-550.3879,33.70076,-12.902681,-2.1691482,-16.781664,-9.5720825,-19.248375,-12.607376,-6.2259045,-8.74563,-11.333586,-4.713638,-2.2877052,-4.645851,2.1619034,-2.7858799,1.092239,0.5751675,0.64538586,0.60267293,-1.5394256,-0.14792153,1.1598138,0.016111337,0.8954193,1.4623748,1.3234609,-0.23115583,0.7851875,1.1905885,2.3474662,0.14714515,-0.21239354,-1.3345292,-0.33893555,1.3746818,-0.033973105,-1.5839635,-1.6318803,-0.41928583,surprised
-558.3241,31.414309,-17.024063,-3.200799,-19.080679,-7.0446606,-21.09399,-14.898449,-5.341931,-8.967156,-13.610278,-5.321081,-1.2880554,-4.797926,2.9108334,-4.7688937,0.2834401,-0.9808419,0.4254231,1.2135718,0.2689557,3.5838423,1.4113495,2.3365362,0.21210147,1.9788603,-0.63567275,-0.26965502,0.8818667,-0.8896666,-1.5205564,-0.602124,-0.30353475,-1.5047536,-0.7614884,0.16986267,0.15199432,-1.3887538,-2.4126296,-2.1568854,surprised
-478.17896,20.63706,-22.26963,-2.650465,-20.34465,-4.2368994,-18.35079,-13.268394,-2.6957772,-5.9194007,-5.6919246,2.115686,2.7107613,-4.5480237,1.686464,1.3349705,4.580017,2.5924683,-1.3105254,4.946398,4.781093,2.9839058,1.4163802,1.7838138,0.48271024,-0.44876128,-1.0949486,-1.6255106,-0.36879662,0.5624641,1.6187633,0.83989835,-0.907723,0.19234756,1.0172935,-0.41879073,-0.12374536,0.09176416,-0.19477424,-0.18674366,surprised
-482.50742,17.212355,-18.22458,-4.5363607,-17.992844,-7.948704,-20.853437,-11.518851,-2.1286147,-3.4136238,-3.6507401,1.4280968,0.17256567,-5.9856753,0.93110836,-1.2717825,1.8483828,2.7314572,1.3918251,3.4253662,2.9319057,4.073644,1.330814,-1.0863107,-1.9597113,-0.64180994,-1.7539438,1.8176954,0.6985425,-0.19058408,0.13119605,0.45154378,-0.21815968,0.030104296,-2.4985988,1.0308832,-0.69899356,-3.155627,-0.5189055,-1.2079408,surprised
-480.52737,22.93598,-16.637918,-2.9089859,-16.420528,-8.442778,-18.164276,-8.117546,-5.253492,-5.998449,-5.2589293,0.31342742,0.9828591,-2.5617032,3.4555502,-0.56021214,4.154038,3.8532426,2.0223746,2.6874647,0.62373817,2.8763442,0.19209482,0.38806888,-1.1801478,1.0537311,-1.801421,-0.89848536,1.0550022,0.8803699,1.0248773,0.2135836,0.1314431,0.6797991,-0.61113226,-0.5489451,0.27743214,-0.7233381,-0.5480229,-1.63401,surprised
-477.9232,21.176168,-17.375837,-6.429812,-18.905823,-8.547643,-23.641052,-11.401501,-8.094733,-9.775953,-8.894274,-1.8334583,-1.08391,-5.5475082,1.445692,-3.6805844,1.7915809,1.5912778,1.6000063,3.2787821,1.6695461,3.9357085,3.169101,1.3572065,0.9468841,3.0128386,-0.34982768,0.07170651,1.3519653,0.6263295,-1.7421148,-0.44095266,0.019350173,-0.1033153,1.0145864,-0.6684787,-0.014844482,0.12157784,-0.85674155,-1.1481711,surprised
-693.63,65.23274,5.400302,19.534445,4.1286926,0.9851829,-3.2501705,-1.3032864,0.8224253,3.1621373,0.8829937,0.9786743,-0.068625726,2.815934,0.9622595,-0.24493067,2.9128363,-0.18840852,0.005593916,0.81635034,-1.2730393,0.17435466,-0.54357946,-0.8336308,0.83675724,1.2472054,0.34744856,-0.07476233,0.79460365,0.81254,0.563323,1.1490766,2.2383926,-1.1984562,-2.150187,-0.7155063,0.65944564,0.51473176,-1.2077981,-2.221744,neutral
-712.9025,66.56636,3.60728,23.877644,4.303739,5.0971465,-4.1870437,0.010622342,3.355318,4.9777794,2.1373088,0.7960056,0.9693509,4.856314,-0.40274665,0.010458656,2.302539,2.4790847,-1.6204265,0.048983525,-0.5888758,-0.33787325,-0.56783587,-1.0691302,0.1596692,2.040822,-0.62417203,0.22106051,1.431825,0.46214545,0.35013908,0.5833605,2.961972,0.068621315,-2.7261474,-2.170211,1.3830198,1.963955,-0.35656303,-2.915653,neutral
-674.3372,61.254894,2.7972674,21.006338,0.77986914,3.3365152,-4.473033,-8.405371,0.6826913,3.7030065,0.41198853,0.37320018,-0.4328835,3.0814419,-0.3373703,-2.551007,1.9961357,2.0106711,-3.0413888,0.28733498,-2.9060085,-1.7328643,-0.005686787,1.2823687,-0.59818035,-0.06505499,0.9429271,1.4826787,-0.58218205,-0.2660109,-0.10791532,1.9937192,1.3615683,-1.6928155,-3.9072912,-1.9506339,0.7774732,-0.3634534,-1.9815946,-1.6586654,neutral
-701.10675,66.55265,7.117914,20.988007,1.4694699,4.771785,-5.839229,-5.626215,2.4503622,2.6175478,3.415404,1.1005679,-0.18879423,4.353955,0.63736004,-0.72000575,2.9151335,0.7233312,-2.4638727,0.6287087,-1.2055056,-0.0046718945,-0.67487854,0.6153776,0.9965971,1.1790435,0.9751428,0.02338331,0.8308476,0.3858395,0.064913556,0.6953515,1.3037442,-0.33857092,-1.7259411,-1.6914169,0.2420116,-0.25020388,-0.8396876,-2.223395,neutral
-716.8281,69.226685,11.243596,20.585981,0.6725098,2.160469,-3.416072,2.5911283,1.1113592,4.9969387,2.1343017,-0.68292254,-0.20897934,4.0185504,-2.4856956,0.45967633,2.4406438,0.08368337,2.1840909,-1.4169813,-2.0557342,-1.1022806,1.6362153,0.571074,0.03290906,1.2702442,-1.1441693,0.8869689,0.45113376,1.313547,0.4117249,2.016777,-0.19600154,-1.1833116,-2.3920076,0.2776953,-1.0731784,0.09643848,-1.3967739,-1.9635277,calm
-747.43494,62.420883,16.672382,23.61123,-0.0538598,6.2418523,-2.9058962,5.401,2.1816623,4.0238366,4.0157375,-0.88264304,0.87219673,4.8344803,-1.535855,0.98010796,1.733311,0.42828497,1.2602845,-1.1023792,-2.1834314,-0.3607037,0.8931231,0.009358323,-0.59065706,2.1974509,-0.7039835,-0.7101554,-0.23106341,-0.8112404,-0.3816284,1.3879958,0.32045922,-1.9421642,-2.4559488,0.39961433,0.17175967,1.0005834,-0.91504365,-0.49197623,calm
-723.6084,64.572205,14.950777,19.193882,0.8405159,5.2093253,-5.8216777,-1.0121404,3.4567049,6.2341123,1.2919853,0.51447135,0.051603023,2.8104732,-2.895457,0.876053,2.1765075,0.00068078405,0.1361342,-0.1455531,-2.4888556,-0.23661569,0.057302535,0.9243099,-1.0194026,1.933026,-1.8380693,0.3061091,0.52496445,-0.03204441,1.1420469,0.9782682,0.78879017,-2.4556744,-2.3952153,0.50020164,0.8606683,0.59459513,-1.538457,-1.1113329,calm
-694.95087,61.92391,13.532296,12.411072,0.14924358,3.651938,-6.784558,-1.015831,1.9430177,6.1505303,-0.4422994,0.0039249505,-1.6963928,3.4324133,-2.246067,0.37607998,2.4664147,-0.50629544,-0.47185233,-0.24560417,-3.1088986,0.12249232,-0.25414577,2.3997257,-0.8378402,1.9451312,-1.0307622,0.19128558,0.039036658,-0.20286721,0.13242535,1.3671817,-0.32610798,-2.420597,-3.2293653,-0.4451912,-0.2173011,-0.104381904,-1.9238694,-2.737255,calm
-703.62195,61.048874,10.065548,21.036474,1.6178964,3.0087035,-3.406984,4.1146336,1.644766,7.6930285,2.0281293,0.09207246,1.141152,1.7746402,-1.0618918,0.5090821,1.5651232,0.8587754,-0.56021,0.8903455,-4.153753,-0.73071116,0.28249967,-1.2833779,0.57938075,2.126272,-2.6212733,0.2281087,0.36128688,0.64202756,-0.10494263,2.0033426,-0.25041297,-3.3297114,-2.8872063,-1.8256557,-0.65881664,0.7049928,-0.6155071,-2.3984504,calm
-766.3473,56.62063,18.139763,21.82234,4.539115,5.109063,-3.391912,4.54668,6.4055357,8.144344,2.8770094,1.3342987,2.0652237,2.4286466,0.099603765,1.731764,1.7790529,0.47217727,0.82668716,2.2135057,-3.1838732,0.3532519,1.1451713,-0.13137211,0.36038777,3.263846,-1.2422827,0.68872106,0.102075726,-0.3795047,0.54871815,1.3620571,1.1135094,-1.5190285,-2.6811688,-0.8152892,0.3987066,0.92099434,0.21890163,-0.4590374,calm
-736.565,58.79076,19.519928,20.909962,-1.8964994,3.7368693,-3.4382162,1.4051548,6.1703825,4.924481,2.916965,-2.5715563,-1.6521025,5.1963944,-4.332075,2.2141755,0.81972486,-1.4594098,1.5372579,-2.1297433,-1.4367402,-0.32796276,-0.94330305,0.5675543,-0.13741943,2.1624484,-2.2488375,-0.8284777,0.44857523,-0.56521314,1.2984011,1.32556,-1.0535868,-1.9178902,-2.4711838,-0.36029184,-0.23805583,0.6131981,-1.0898066,-1.4597023,calm
-754.7338,58.863857,22.124596,23.678093,2.1055973,5.416122,-5.477585,1.5348215,7.1915283,5.585665,3.5506673,-0.9004135,0.13558474,4.64143,-1.8348064,0.97425413,2.537295,-0.57872945,1.0553845,0.9227514,-1.7925347,0.4344078,0.65855885,-1.1775283,-0.41463968,3.125274,-2.2174227,-1.0505351,1.843954,-0.43792278,-0.33814067,0.7627213,-0.85174245,-2.6645982,-1.8264366,-0.40631968,-0.5318982,0.18984362,-0.59658915,-0.7911775,calm
-661.27124,60.763054,3.1347828,18.067211,3.7541485,0.8602008,-1.7448679,-8.270892,-8.359177,7.863561,-4.174054,-0.0042158174,0.9948773,0.50962526,-0.5031659,-2.148636,0.60049427,-0.6630137,-1.4813609,-0.15547286,-1.1148664,-1.4702353,-0.11614426,-0.79452854,0.18615991,1.9105748,-0.014143174,0.78657717,-2.3799095,-0.47486416,-1.1916711,3.4280257,0.6811769,2.0450594,0.7072465,2.3617494,1.8267167,2.4313323,0.73211926,-0.4782109,happy
-644.4003,56.98839,-1.7717315,18.255733,3.7867994,-0.15997842,-0.3507516,-3.7164965,-3.096567,5.7084827,-2.5678256,0.07110355,0.11683232,-0.69274545,1.1970131,-3.3794181,1.4989045,1.0220842,-2.618889,0.32072228,-2.6321113,-2.498094,1.4668802,-0.9113556,0.6075857,0.44155952,-0.23831148,0.69126475,-1.9964241,0.14939746,0.727957,1.15177,1.637527,-1.6994971,-0.4921165,1.3260993,0.77908814,1.3415728,-0.008497643,-0.21928386,happy
-672.445,51.884304,7.776502,17.38947,2.2204573,2.0626967,-3.8908634,-3.4657543,-1.3090395,3.3664882,-1.9281875,-0.616521,-1.2605921,1.0415225,1.2620335,-3.0729969,2.9893534,2.1420896,-0.7308833,0.009863982,-0.60869247,-1.0831443,0.26147318,1.7519374,-0.7599303,0.8233594,0.5664539,0.2653409,-0.6031755,0.61198664,-0.15167879,1.5098642,0.3539949,-1.5087696,-2.2948384,-0.7427818,0.26192835,-0.12386403,-1.167132,-2.3113027,happy
-602.88153,64.14256,-0.9435971,13.430778,-2.9365366,-2.4453518,-7.1219583,-8.501742,-4.320961,4.2715173,-4.8006296,-0.081596695,-1.7257619,-0.14360175,-1.6775345,-4.1593556,2.2315338,-2.3503873,-3.5028436,-1.569871,-4.299188,-1.8368148,-0.7851028,-0.96088946,-0.6209131,-0.467316,-1.3885311,-0.778134,-2.801554,0.19241212,-0.90976644,1.6586806,1.0266895,0.44875315,0.34826294,3.7371562,3.591147,4.365895,4.1685495,2.7348945,happy
-608.20636,49.354015,2.612785,5.6740956,-5.5295672,-2.936193,-7.9735193,-7.3582706,-11.513198,3.9772837,-6.9414954,-2.4422846,1.4172012,-0.01570106,-3.9109042,-3.6920872,-2.58055,-0.27081323,-2.656307,-1.2158874,1.3710717,1.986984,5.8544445,5.4004407,5.246107,6.324643,5.108576,7.4693465,4.6138086,3.765753,3.8147893,4.8655014,3.513916,3.3939638,0.6068983,0.7642296,2.1270447,3.0449686,0.97551304,0.4215471,happy
-530.82104,50.565147,-14.166001,5.4061465,-1.5381242,-7.787136,-7.753209,-8.745053,-12.20587,7.3181367,-8.31849,0.42508256,1.6312016,-2.398214,-2.1713169,-3.8578916,-3.4203641,-2.180471,-3.8978982,0.59694636,1.5012755,1.8850418,6.4176435,3.1043408,5.6695914,7.1767745,6.0412593,8.051476,3.9585054,1.9558514,6.4147105,6.9292173,4.062171,-0.65106344,-1.5499891,1.2592889,3.2390082,2.0074534,-1.0816799,-0.27791998,happy
-543.45636,53.037846,-5.029416,9.34708,-0.3730797,-6.488607,-9.774054,-15.516818,-11.084846,5.168407,-9.272646,-2.9788988,-0.79196596,-2.6692305,-1.4621803,-6.225611,-2.608986,-2.1065052,-5.9676747,-2.3069973,-4.1380715,-4.8829684,1.0616283,0.13612229,1.963639,3.3711226,3.1020908,4.1020613,0.46907982,3.6447055,5.602101,7.0762033,3.1030767,1.0378681,-1.7067084,1.7605973,5.0133414,5.1196923,3.9766107,2.922896,happy
-556.7746,40.751377,-1.343619,6.070342,-1.0022506,-3.0672982,-7.6343,-7.6806135,-12.642752,2.8492775,-6.592784,-3.591313,-0.091402024,-1.7479863,-1.9774635,-5.2047987,-2.7596524,-0.18025215,-6.162717,-2.6058166,-3.410374,-2.9312584,2.532372,3.159703,5.3180075,6.910316,7.449064,7.2618265,4.530567,4.2669816,3.1181855,2.7769835,1.0531822,1.8345966,0.5955832,2.2176483,1.9683033,0.7645792,0.05472118,0.67227924,happy
-750.24255,69.06532,14.15266,23.886505,4.7078714,6.0066323,-4.134866,0.49271542,4.314379,1.8608669,4.522734,-0.13962196,0.7745432,4.2465987,0.68783957,2.053323,2.0411406,2.4411864,-0.77480733,-0.37605062,0.4473514,-0.37094218,0.5856483,2.8542264,-0.049432732,2.9161086,-0.634195,2.0839887,1.1072986,0.63290656,1.8570104,1.2773815,0.07745797,-0.04712544,-2.4579027,0.40555224,0.35520872,0.61248606,-0.8266107,-1.6717558,sad
-725.497,67.69112,8.241737,24.798468,2.785239,3.3172514,-4.734439,-1.6131145,4.6235743,3.582518,0.77365124,-1.6867319,-0.63397217,3.8189023,1.4298015,0.14204079,1.5359348,1.8858764,-2.1511347,-0.47895774,-3.458344,-0.12337524,0.84957606,5.3029003,-1.2230026,1.9878561,0.7273064,0.77283204,0.8295954,-1.0594888,1.5767709,1.7128464,0.01832652,-2.4154997,-2.4788158,-0.7720924,0.967158,-1.1270686,-2.8451438,-2.8363664,sad
-749.8566,60.81584,13.037605,21.446756,6.287106,5.1061563,-4.611061,-4.4464846,3.5906518,5.3288836,-0.2946786,-0.49543592,0.83775234,4.230331,0.9463246,-0.64434165,3.4119718,1.7597046,-1.9519097,0.27754688,-0.5987024,2.3070874,0.1389249,3.1873267,-1.065213,2.113945,1.4946171,2.5347962,0.9855356,0.3429281,0.0626837,1.4131863,1.7760466,0.4200474,-1.7678084,-1.021974,2.6334314,1.9072331,0.7648291,-2.1567724,sad
-718.43414,71.343285,15.212323,23.371973,2.5225656,4.6089425,-5.2560697,-2.5148904,5.7139015,5.4127903,0.791544,-0.12507801,0.29799464,2.940442,-0.82813555,0.8276945,3.3280776,1.0875788,-1.2829233,-0.78816026,-2.507663,-0.26803496,-1.2523835,2.7920744,-1.2078848,2.0084,-0.004588094,1.3252245,-0.641098,-0.22724386,1.0081438,1.3086243,-0.9956705,-1.3848346,-2.2930293,-0.7584124,1.2556291,1.0660297,-0.9636441,-2.5225441,sad
-716.7676,66.59873,12.927028,21.82088,1.6553024,1.6012834,-4.377405,0.34832963,-1.6016278,2.7422757,-1.7885897,0.29852164,1.5457034,2.5415313,1.3093785,-0.8899467,1.8859718,-0.9522183,-0.78308856,-2.591301,-0.55411613,0.12906407,0.76811886,2.3194978,-2.6558077,2.9224274,0.850175,1.2933885,0.029305544,1.9590123,2.2022948,4.457569,2.341966,1.9031595,-0.94801193,1.0151173,2.8621461,1.694742,1.3369951,-1.1435032,sad
-732.0937,62.918026,7.4437604,27.29139,7.0726147,0.32901555,-6.097014,1.0494841,-1.6733785,3.515841,-1.4685917,0.19958565,0.52290004,1.250721,2.0848324,-1.0238371,2.4120603,0.374825,-1.4226277,-3.3430994,-1.4208672,0.30667633,-0.35018295,3.7433586,-2.1804852,2.6243212,2.2006369,2.9004009,-1.0504014,0.49772343,1.6173059,3.4360523,2.5794127,-0.052156486,-0.17280723,3.543184,4.280274,0.49919525,0.2954855,1.9745263,sad
-705.7858,54.766785,8.973957,20.82013,-0.59625274,1.3939836,-6.929505,-0.7578982,-0.9459002,3.1303322,-1.7073199,-1.0589387,0.85480255,5.180566,3.1758666,-1.2789515,2.829363,2.4138181,1.1962864,-1.1379485,-0.15883453,0.21929428,-0.3590669,2.4729722,-1.5045825,2.3187737,1.89886,2.0247364,0.17967598,0.98308796,1.1505762,3.3395238,1.4106299,1.157917,1.5061506,2.6497915,4.3261585,4.2849874,3.6783829,2.3046079,sad
-734.10254,63.688717,3.7914495,21.650812,5.423049,2.4574258,-3.7733047,-3.0591722,-1.4411051,6.4009013,-0.5079713,-0.81392175,0.045262482,4.921246,3.9911354,-4.006124,-0.08414094,3.0849767,1.1222404,-2.611127,-2.3922315,1.3777729,0.5927596,3.479431,-2.149931,2.842193,3.8268292,2.9723191,-1.365869,0.77758217,1.9491729,4.3285537,0.3763278,-1.6675216,0.20906258,4.117807,3.9003792,1.3750395,-0.12787533,0.712451,sad
-513.8714,51.07079,-16.369505,14.28696,-7.446272,-11.550833,-4.0368004,-6.7256045,-7.481758,2.0461195,-4.434308,-0.7461784,-2.74692,-2.8676236,0.024641475,-5.960994,-1.4727341,-2.0287187,-3.3883665,-2.3516495,-4.6348085,-1.9275868,0.4817166,1.6210985,1.965199,2.3570344,2.4679139,2.1065025,1.0630018,0.39022094,0.33949456,1.2830577,2.5203993,-0.21681176,-1.6463919,-0.94789135,1.725863,2.386085,1.3446019,0.11753096,angry
-531.1395,48.384663,-4.5635233,18.59397,-4.772533,-8.811195,-1.7016551,-1.6501716,-4.4429955,3.0070992,-2.2621372,0.8553777,0.39004254,-0.76945436,0.44057947,-3.3150055,-0.10448573,-0.8870332,-2.264744,-1.3875196,-2.2151117,-0.69750714,-1.0415401,0.18585396,0.3683155,1.4528267,1.6813061,1.9128182,0.08953257,3.4340613,3.0012877,3.7516422,3.42851,1.5738724,0.13144171,1.1211526,2.8466024,3.6025808,3.070456,2.0549269,angry
-602.0233,72.666214,0.10146165,14.938778,-2.1960683,-4.2738996,-5.397721,-9.201783,-0.40410516,2.5828905,0.11496627,3.553753,-3.841607,0.17913216,-1.5605854,-3.9669762,0.60570985,-1.4038107,-3.5297768,-1.7057195,-1.9151161,-1.2781117,0.7463285,0.18609107,-0.9532974,0.23289663,0.6254916,0.5392748,-1.2484875,1.2821685,-0.17807652,1.7794654,-0.15037352,-1.6777241,-3.2649126,-1.2383215,-0.43097115,-0.9381455,-1.3056808,-3.4488182,angry
-560.74396,62.92958,-3.5520144,16.915749,-8.515887,-4.33504,-5.4593863,-8.058242,-3.2775888,1.1694978,-0.34299475,-2.3675005,0.48602167,-1.9409938,-2.5117722,-4.483081,-0.44570968,-1.6474892,-4.939939,1.2060398,-4.436606,-1.9904747,-0.07480896,-0.86862785,1.0401177,-0.83294743,1.4086533,0.0737413,-1.0552976,0.6959518,-0.90594894,1.8090804,1.5537231,-1.6947075,-2.1509867,-1.0475347,-0.34153485,0.6288416,-1.9836941,-1.2045476,angry
-373.87607,27.443254,-18.76044,3.9587116,-7.7302313,-14.664703,-7.1471915,-7.191898,-9.221323,1.94387,-5.5936136,-1.9806387,-3.196072,-6.939313,-3.018626,-6.340701,-1.2509397,-0.80521727,-1.3450907,4.2028747,3.3621101,1.9650619,3.6927829,2.0198793,0.94419837,1.6391895,2.5332675,1.8709707,1.5625491,1.8449097,1.520301,2.0372856,1.7254739,-0.9668612,-1.3963283,-0.7702052,1.3287519,4.0357265,1.0340538,0.30828837,angry
-409.27127,33.422054,-10.424203,7.1837277,-7.501091,-11.131447,-7.5390244,-5.0872498,-8.154494,1.7862151,-4.96679,-1.4317259,-2.7430203,-4.5898747,0.8871418,-6.0392227,0.8614016,1.6579846,0.99318504,5.1332593,1.1596909,2.8487225,2.6204417,6.0638084,2.5819194,3.988419,2.8805425,4.006148,2.910292,2.636841,2.7609403,3.1952684,2.1159613,0.7254749,0.8999446,1.9836913,2.9302123,2.9206643,2.2867901,2.010408,angry
-341.11212,26.900223,-14.007138,-0.337971,-4.059735,-16.640678,-7.94239,-7.850241,-11.973444,5.6192355,-2.6540937,-3.56097,-2.0017257,-4.222394,-4.249292,-3.0237505,0.5026942,4.224737,0.99674326,0.56276923,0.9717762,-2.0434449,2.4471111,2.578373,0.9132778,-0.7430024,0.96053904,2.7167542,3.9224803,1.7357582,0.30598697,1.4174026,3.0242357,2.107455,0.6545264,2.2468712,0.6168947,2.7743046,0.31458795,0.3891132,angry
-335.23416,25.611403,-18.468214,-2.0742857,-5.7791524,-15.428049,-5.106598,-9.345505,-15.409959,5.467839,-4.0606813,-2.8537288,-0.72478366,-4.588635,-5.5850916,0.6227761,0.86437464,4.70109,0.6088752,-1.4083765,1.9719793,0.2735709,4.2980685,4.235583,-0.46544433,2.246941,0.66738254,2.950686,0.6486921,-0.72981864,0.9833801,2.6452618,1.766837,2.237027,1.2565379,0.3234791,-1.199223,1.832838,1.0110967,0.45946005,angry
-655.6445,52.789215,1.998714,13.135265,-3.3902981,-5.5628033,-4.594734,0.45789322,-2.2388604,0.1605994,-0.3691263,-3.2553563,-0.7714641,0.46818683,-1.1944133,4.317577,-0.16059421,2.2774677,-3.3481529,-3.963219,0.21209936,-0.9708591,-1.1438502,0.8485365,-0.60464376,0.80948263,1.4453704,1.3945497,1.1381466,2.196295,4.373942,4.294172,0.34018126,0.5764966,1.3628267,3.0330365,2.6825438,0.6953765,0.31058848,1.8891927,fearful
-647.0046,47.841568,2.7777352,14.658987,-1.7935063,-3.7321072,-4.9133105,-2.4783156,-2.0759535,0.21634498,-0.81671184,-3.189878,-1.8352671,0.4793107,-1.954039,1.4069498,0.60670674,-0.6893855,-1.1238694,-3.2592118,-0.5687346,-3.1680577,-0.090986565,1.1065925,-1.3116745,1.417887,0.1917494,0.69088495,-0.6942336,0.11402175,1.3810513,3.0452335,2.4125087,3.00674,2.0312054,4.3046575,3.8446946,2.3887982,1.1215687,1.8343108,fearful
-696.8537,57.96719,7.15194,19.061197,0.80378044,0.5864561,-3.8237612,-1.6182563,0.9125561,3.292802,0.82796997,-0.8554388,-1.1157799,5.1601777,0.3932199,0.78864914,1.8152354,1.9282306,-0.7679788,-2.0358553,0.25653982,-0.644037,1.0093747,2.2828162,-0.22973232,2.6052911,1.5766474,0.2033335,-1.105377,1.8958236,2.4723535,0.91248214,-1.8912666,-0.81814146,-0.54935145,1.7620883,0.2029814,-1.0251045,-1.2386341,0.95626986,fearful
-609.74567,51.23407,-0.9222775,12.512077,-5.2382884,-5.630108,-5.497557,-4.513679,-4.642359,-0.10144051,-1.6779591,-1.9522467,-2.229872,0.15103428,-1.2595974,-0.71734005,0.4893317,-0.70496845,-1.7209778,-5.144445,0.1350027,-2.0951188,-0.09357715,0.75568295,-1.5057293,0.40543175,-0.27308527,0.39081416,-1.2419504,-0.08314955,-0.28078568,1.5493928,-1.9494886,-0.069580875,0.6336276,4.0557857,4.091189,3.1231375,1.3599992,1.6479522,fearful
-464.43994,28.727472,-17.807722,-0.19094637,-7.6818805,-11.403357,-14.399361,-6.6161427,-10.517758,0.2844018,-4.5663104,-4.363089,-3.2397833,-2.038298,-0.7981338,-1.6514539,3.714406,4.479142,4.020074,3.1057682,5.151012,4.4638343,4.989296,7.4626555,3.6266482,5.284506,4.4209485,6.116084,3.7969892,3.4085674,4.43669,3.323357,2.0950851,2.0252285,1.3447529,2.684726,3.316552,2.0512826,0.13438703,-0.7457666,fearful
-434.04495,35.226814,-21.163519,3.1327589,-10.479174,-12.150572,-20.571018,-9.776391,-12.9460535,2.3408046,-7.6366553,-4.3456807,-3.4270706,-5.0155587,-0.07046171,-6.75214,-0.82469386,-0.54054135,-2.0352378,-1.9018091,2.4789314,4.440682,8.847662,11.652699,7.6438456,11.028792,4.806784,4.6352897,4.3245263,3.1417134,5.073506,3.7024496,0.9379979,1.9596163,2.9866862,7.216746,3.2934377,-1.23605,-0.32828304,1.4445838,fearful
-480.38272,28.066456,-10.751407,5.6745987,-6.7152166,-11.42588,-8.130473,-10.814969,-13.327419,0.45983574,-6.6538153,-5.58659,-3.6166062,-5.1889534,-2.227529,-7.3838754,-2.0433414,-1.7967377,-3.9982255,-2.223116,2.7724798,3.4662116,5.3793316,10.251873,5.0914617,7.69836,3.7095575,3.729031,1.5092016,4.6127443,5.7229266,3.9281166,0.7367256,1.9843117,3.6987038,5.7763205,3.5698137,0.26776522,0.9283193,2.3695958,fearful
-456.28204,36.475574,-16.646069,3.4767342,-8.260435,-10.025267,-19.089432,-9.111359,-15.806231,-0.3450776,-8.366848,-6.882917,-3.9951844,-7.074529,-5.728309,-8.846035,-5.228829,1.0267695,2.5495644,8.10276,12.849081,10.779164,7.9272065,6.5032706,1.3951992,0.8322139,3.1044605,3.3577828,3.3528075,2.4036143,1.7406415,2.370061,-0.5645801,-2.2956035,-1.9584913,3.2917068,4.133879,0.66503686,-0.6017264,-0.10562759,fearful
-711.7134,53.00771,11.134737,19.911402,-0.6531067,2.9896066,-2.116045,1.6822469,2.3234222,8.520312,2.028345,1.3413074,3.4335167,4.9344044,0.23782663,1.4553604,1.7389259,0.33730596,0.50329936,-0.92958593,-1.538914,-0.39146066,1.1476766,1.4787539,-0.9093,2.7301075,-0.39552847,2.4629135,0.7161094,1.0837567,1.4210714,1.7294989,0.18589093,-1.1868299,-2.3164575,1.0676986,1.3188533,0.27500236,-0.79487675,-1.036425,disgust
-649.0402,41.795273,7.6805825,14.804645,-4.553441,-1.9152291,-0.48604318,2.3101492,1.7144519,7.791763,2.864661,0.6562845,2.267915,2.7761033,-1.4352989,1.3415875,0.05825241,2.044442,-0.8614705,-1.9516438,-0.7210505,-0.33702585,-0.62417877,0.805691,-2.8752537,3.9768085,1.0413166,1.4651977,0.28084114,0.2787567,1.9070288,1.6409543,-0.39926994,-1.261409,-2.292049,-0.35730302,1.5383633,0.04261005,-1.6215972,-2.1891892,disgust
-693.288,54.434,10.252588,14.648725,-1.6996075,5.0772386,-3.7608294,-3.5608914,0.6618939,9.236727,2.755197,0.77685827,2.8023767,3.0440812,0.121173054,-1.0247895,2.4988775,1.5891068,-2.2429163,-0.08983419,-1.4440043,-2.4249709,1.6727026,2.5107262,-2.601889,3.5820162,0.61930823,1.810223,0.14401832,-0.32620385,0.93156147,2.4818606,-0.14883679,-0.9509316,-1.7096626,1.5896081,1.8706409,-0.5571127,-1.563673,-1.5099559,disgust
-655.9499,47.77412,9.888137,11.4369545,-2.9090748,2.999051,-4.9690456,-4.1631956,-0.27302235,4.400805,0.4873455,-0.58786696,-0.026627308,2.7721953,-0.75795525,-0.51044935,-0.20805968,1.5905291,-0.61469394,-2.0279756,-1.1703516,-2.6625228,0.37772107,2.8897479,-1.7095382,2.7684891,1.5877502,0.9927097,-0.37096834,0.85199344,0.13317625,1.0891249,-0.32119226,-1.4140816,-2.6974568,0.39526656,0.6152539,0.20153691,-1.3970356,-0.68262184,disgust
-650.10724,55.2674,7.3740425,16.27673,-10.307564,-2.0116804,-5.8350167,0.020275172,-3.9761298,1.319698,2.668539,-3.902892,4.2859354,4.1766887,-3.626627,-0.64794886,-1.8480495,0.9335686,-1.2514246,-1.8721141,-0.061365634,-2.9650042,2.0766325,-1.2253822,-0.4886883,1.9594421,-0.6752177,0.85890585,1.1679138,0.9241416,2.3363779,3.8000112,2.7897882,3.2035716,1.9891927,1.9719027,1.5693158,1.0194091,1.6499821,2.20031,disgust
-575.16327,44.55054,2.706177,12.158383,-10.992416,-6.662604,-5.9795365,-3.0712945,-6.4492383,-2.835761,0.34944123,-4.114775,1.4181747,-0.23741531,-3.2877455,-2.4877067,-3.3825533,2.6839042,-2.961114,-1.3824134,-1.727073,-3.087401,0.102199554,-0.3706581,-1.6329627,-0.008660254,-0.43151155,0.041962653,1.5169501,1.4915391,2.3272502,2.86692,0.58170617,1.7594835,0.2398234,2.8076632,2.0698752,0.52009004,0.07072481,1.433969,disgust
-568.70056,50.554092,2.5707803,5.0946608,-7.2421527,-8.18725,-14.276362,-7.6712737,-6.0993204,-3.4822466,-1.7406757,-0.97704893,-0.5883778,-1.5528666,-0.22390537,-3.7201538,-1.407997,-1.1076272,-1.5571053,-1.4441973,-1.0775832,-5.0987587,-0.43911457,-0.93125397,-2.3152475,1.8021512,-2.532167,0.5158946,-2.0488517,1.9214973,3.6560664,5.1240034,3.291351,1.4096483,-0.02061037,3.7809775,2.653368,2.7675006,0.12733428,0.5532902,disgust
-600.94104,77.952484,9.534403,9.252476,-14.362681,-4.88183,-7.5281177,-2.0659232,-5.116819,-3.6626308,3.547699,-0.41155824,-2.0370805,2.736879,-2.0332801,-6.530084,-2.825401,-0.12571271,-3.1266708,-0.7905652,-2.750897,-3.4276264,1.6130074,0.94418144,-1.9086757,2.1174457,-1.2216498,1.1524748,-1.2590908,0.34991938,1.7228955,0.7825517,-1.1583097,-0.8465254,-0.19920021,2.2698774,-1.057096,-1.3539472,-1.808056,-0.4347021,disgust
-624.5838,53.67651,3.3098586,13.510421,-2.755098,-3.833831,-4.639661,-1.8656466,-4.566682,1.5258031,-3.0199697,-0.17898634,-0.25274986,-0.6301869,-1.9087974,-3.305229,1.1103227,-2.0121026,-0.61245185,-1.3344878,-2.842014,0.28415692,2.4911742,2.8644876,-0.097724184,1.3507096,-0.05950599,2.4237058,2.4337595,3.2314253,3.1687999,3.0338504,1.0414224,0.43524122,0.51736844,2.5189023,3.1466067,2.85151,1.790171,-0.05941217,surprised
-609.2026,56.188263,-5.6014295,13.274368,-8.28346,-8.284689,-4.496416,-5.799926,-6.738879,-0.4132699,-4.495087,-0.33249852,-1.5561857,-1.1126485,-0.4896523,-4.827989,0.4290936,-2.1594112,-2.9522338,-1.1950908,-2.7821484,-0.31116965,1.1285167,0.92476296,0.6747943,2.177265,2.6668153,3.9401383,2.0814984,2.0165424,2.1640358,2.3638213,1.1375335,0.8252918,1.1158149,4.003745,4.98629,4.154003,2.0827374,1.0218948,surprised
-644.5197,53.01714,-8.913097,13.883743,-6.5235295,-4.878548,-4.1696124,-10.079044,-3.8043106,-1.0416222,-2.1741292,0.74088436,-1.6996197,0.8439171,-0.55176085,-4.619782,0.19458686,-0.65042603,-0.7510605,-1.8670014,-2.5749505,-0.9261734,-0.12142095,1.2020426,0.6938595,0.49969187,0.9023611,2.5377276,2.5417216,4.134859,3.0914571,4.321568,1.3335849,0.63897824,0.786449,3.5043857,2.7900162,1.914225,0.5943435,-0.08484744,surprised
-601.94147,56.922974,3.839097,14.155102,-2.0532858,-2.4384937,-9.878479,-7.7399297,-5.564575,-1.2682034,-5.8101315,-4.444042,-3.1960561,-0.3822988,-3.3297696,-4.8241067,-2.8658686,-2.9163232,-3.41425,-2.7727256,-3.629791,-2.5289793,-0.19909324,2.420595,2.710616,5.3545227,6.0844226,3.4934185,1.7145578,2.1486642,0.7669167,3.642664,1.4015182,0.6724511,0.7233824,2.6841655,4.149719,4.0762506,2.1802678,0.58385813,surprised
-587.3428,37.678997,7.877359,8.972081,-6.8908544,-1.1493714,-8.501066,-3.8146615,-6.301758,1.9337423,-3.8571944,-5.0918427,-0.78660417,-3.2677443,-3.071083,-3.0353835,-2.556338,-0.040370237,-2.0125024,4.141164,0.26712197,1.7151297,3.3249385,2.0261927,3.994486,3.1123047,3.6954021,2.195175,1.6462626,2.0335793,3.3308566,4.644096,3.7943716,1.3009225,1.6478708,2.641319,2.703141,4.5408726,1.6433796,1.0033149,surprised
-560.5412,47.597916,1.4972503,4.0928774,-9.868594,-4.2839456,-5.950687,-5.5773425,-9.215376,3.7180395,-5.632913,-3.9348001,-0.51074606,-3.294619,-4.72065,-0.62400883,0.26673633,4.86457,1.3471946,2.2622526,-0.7273225,-0.111273125,3.5077236,1.6783913,3.3901424,3.4027848,3.2578351,1.863607,0.152961,3.0164328,5.610462,8.015196,6.9272504,3.7301948,1.7568556,3.2746933,3.130109,3.0880516,1.171123,0.04746164,surprised
-569.7345,41.605103,-3.8616958,4.750436,-7.3339553,-5.8627033,-10.284734,-8.582269,-8.518632,3.5968251,-5.112173,-2.976734,-2.0000165,-2.129448,-3.8069568,-5.2304454,0.28000292,-0.7891676,-4.3572044,-1.2919754,-2.8690557,-0.51096517,2.240867,3.55084,3.6051025,2.687972,3.0660112,3.072507,5.2157784,6.039133,4.249077,5.0965533,4.91533,3.557065,2.335005,3.872898,2.46305,3.698487,0.44358152,0.58115655,surprised
-588.4852,53.374374,1.6275812,7.4806986,-6.4643817,-3.926487,-8.257057,-9.653358,-9.977389,-0.16219881,-6.714463,-6.142591,-1.7859578,-2.4367554,-2.957389,-6.6216583,-3.0526583,-1.2331226,-5.990804,-0.07976132,-3.9328346,-0.8585677,2.5314033,2.007333,6.008653,4.723887,6.4111834,3.1981387,0.8897039,2.0649302,1.2736033,4.020611,3.1967294,1.297602,1.9985065,2.6294155,4.0204444,4.430964,1.3672644,-0.44536617,surprised
-719.0395,40.720444,-19.012432,12.071475,-9.406989,-9.562127,-12.570809,-8.904402,-1.6494676,-4.4961276,-5.775325,-6.1825385,-7.012117,-6.023243,-3.3854442,-5.227274,-3.9495451,-8.831934,-1.9275504,1.8729645,1.6312118,2.082336,0.50271845,0.3940863,-0.13685298,3.3532147,6.6870995,6.041388,6.2792997,5.1811123,5.1394353,4.867819,3.4245512,0.556377,0.18445325,3.6635306,1.9951357,0.10317944,-0.07241617,0.35400277,neutral
-679.4858,41.909733,-17.846897,16.079329,-12.331806,-11.34223,-13.632016,-5.812168,0.5431168,-3.330177,-3.222739,-5.2424245,-3.644717,-5.6937823,-3.553892,-6.3352566,-3.8943882,-6.665499,-0.8759181,0.18711597,-1.1189934,1.9068972,-0.9518895,2.173368,4.1418552,7.113443,8.130264,6.0630984,5.722895,7.0193753,8.792933,9.4956,6.737577,1.3465247,0.8493572,6.967435,6.2240767,-0.17276114,-2.2713203,0.24389891,neutral
-689.03046,42.23167,-11.652668,10.789381,-7.7564416,-11.469117,-13.445767,-7.850922,-0.8439261,-5.233241,-2.93546,-3.754609,-5.576801,-3.6474288,-3.1556802,-3.3193402,-3.6072407,-4.7681155,-0.38942608,-2.2870142,-2.5860534,2.017939,0.8948024,4.534104,6.910331,6.7573543,4.835287,3.682087,6.8457575,11.56562,10.093354,8.420462,4.2040257,1.3903689,3.1138716,6.694485,3.7922194,1.656041,0.00848187,-0.31706598,neutral
-695.1441,43.889828,-15.897758,11.1217575,-9.670057,-12.6297245,-15.065154,-8.457457,-1.5215402,-7.2867,-4.323817,-5.2050953,-5.2476196,-4.7959657,-3.1375675,-3.483196,-4.5610423,-5.5275745,-1.0912343,-1.5416895,-2.9066849,0.033349175,-1.311763,2.322363,5.4062304,8.242951,8.611096,5.790616,5.1731105,8.367075,8.6946125,8.048794,6.672171,4.3049173,1.9514761,4.919743,4.4207463,3.8186977,1.5999029,-0.10016791,neutral
-716.0304,40.62357,-4.711455,12.425219,-3.613255,-15.540591,-15.769625,-2.7518265,-3.0236557,-4.6279545,-8.853637,-4.3839407,-3.1084332,-2.9351015,-3.8317664,-6.3107495,-2.7326643,-7.6711407,-1.7437053,-3.9421706,-5.3838663,-2.752613,-3.0543075,-0.40564153,1.4794612,2.4783034,4.2092795,3.457915,4.983117,7.311995,9.736341,10.614292,9.114765,7.400822,7.20112,7.6609244,4.438418,1.0609324,-0.048883256,1.2821397,calm
-709.4748,46.917767,-7.950869,12.496928,-2.2825468,-15.562715,-19.677338,-3.6106465,-0.35862276,-5.2167144,-9.424786,-4.120258,-2.7925823,-3.3562458,-3.986014,-6.9871607,-0.8988734,-8.042644,-1.9627001,-2.4748104,-4.8790975,-2.753069,-2.9627576,2.0895627,1.0483478,1.9300431,3.080584,1.8967931,3.859585,9.879008,13.228384,13.475616,9.7936325,5.6533875,6.286852,7.07193,4.466575,0.6803931,-1.6839906,0.06842739,calm
-685.36206,56.20775,-7.512721,7.764699,-1.7457827,-15.504335,-20.302538,-4.7199388,2.2505918,-3.7787476,-8.110696,-3.2191076,-4.965743,-3.4611068,-0.16495636,-4.2855287,-1.532061,-6.2404656,-0.96236724,-1.1409352,-3.3119326,-1.5710938,-4.214131,-1.4677333,-0.7711029,1.9354984,6.0889387,7.3210664,10.299323,11.991743,11.072435,11.7892885,11.06137,10.729843,9.282485,6.271564,3.827745,0.50753605,2.0262673,2.5079677,calm
-666.7776,54.895756,-13.130486,6.540287,-4.006335,-20.963701,-20.856619,-1.7661047,0.807715,-8.841904,-6.018353,-2.5436933,-7.946171,-1.4485036,-4.3310347,-3.5919502,-4.1271267,-6.0285397,-1.18829,-1.0702866,-1.633447,-3.1619408,-3.4175208,-1.4838022,1.7421153,3.877566,7.992857,6.386352,6.6124926,7.019745,9.702713,8.350858,9.336827,4.742811,6.106222,8.523108,8.575195,4.0078597,1.7130499,0.27827892,calm
-686.0504,44.37967,-10.479699,15.650894,-6.9255533,-14.823754,-16.370155,-0.9731902,-2.6321657,-4.0605054,-5.094129,-5.0519457,-3.0844142,-2.9836626,-5.120204,-7.737141,-1.9145746,-7.679305,-3.1823852,-4.2287517,-3.3256106,-0.49481302,-1.5903336,2.918371,4.2088103,2.6252875,2.329756,1.9033407,5.166089,8.363437,10.150704,8.995429,7.0219727,7.384722,8.589528,8.421851,2.5577452,-0.04940731,0.33291692,0.26823956,calm
-695.74054,44.889153,-7.711435,10.99227,-7.5007534,-12.832838,-16.203018,-1.1152478,-1.9714261,-4.4149137,-8.654068,-3.4250631,-2.1265743,-4.2572255,-5.158327,-6.765571,-1.6231271,-7.2456307,-0.8245151,-5.260808,-4.3992615,-2.1567547,-4.348042,0.0022984997,2.155309,2.4271338,5.0657563,3.4890032,4.9160156,6.115789,9.771036,10.379978,8.787025,5.802607,5.722653,9.638185,7.8222175,3.7174616,-0.007429662,-0.07743425,calm
-696.01416,50.864796,-3.8079255,2.2895904,-5.6497903,-15.509788,-22.005428,-7.2561655,-2.504658,-8.051898,-9.606336,-6.8365026,-7.263495,-6.609779,-5.593412,-5.8449774,-6.0157886,-10.099825,-2.641685,-4.604718,-4.441986,-3.429043,-5.4516726,-1.7757303,1.6449634,2.568477,6.573517,4.654444,7.606257,7.7818685,8.88038,11.619997,9.689308,6.2672725,4.370683,6.339301,5.890914,3.7611299,1.438323,0.003994437,calm
-714.8892,54.850266,-4.628972,3.588339,-5.2032156,-11.286014,-15.668042,-6.375353,-2.1069026,-0.81601214,-9.548704,-5.5288153,-1.7973584,-4.8326983,-4.942584,-4.0366235,-0.85753775,-7.0064063,-3.0458183,-1.590884,-4.970497,0.087059736,-2.6841242,-1.8637229,0.5264022,1.1498358,4.2426105,6.7017756,8.015162,9.34106,10.28054,9.84469,11.622271,11.653217,13.358636,11.785411,6.254971,1.2745136,0.5066916,2.485744,calm
-597.0243,45.34275,-39.5122,23.986963,-18.81295,-22.365007,-17.742476,-7.385365,0.29520014,-13.349424,-5.222996,-2.4363995,-4.8360486,-2.4880831,-9.835499,-3.398267,-3.719878,-6.430941,3.3575437,0.0919441,-0.15093799,1.350469,-0.78736246,2.7374146,3.8180392,6.4148645,8.3808155,8.882213,9.8956175,6.5377607,7.2537794,7.5077972,3.51263,3.0242546,5.6702294,6.849036,1.9051573,-2.6461399,-2.6258233,0.8242042,happy
-558.3584,24.887178,-48.84591,15.338808,-20.835266,-22.266815,-18.076597,-15.964517,4.4405675,-15.524546,-5.4006996,-6.2032523,-9.219545,-3.6931913,-11.539365,-2.2363083,-1.8076994,-4.929986,0.8221603,-0.26915076,-0.7052877,1.709442,1.4624027,6.2530565,9.155842,9.241726,4.909924,2.7791274,4.902389,5.042415,8.279548,5.2871222,3.7807271,0.74986273,1.7259494,2.5159595,3.0790195,0.39246997,-3.5417042,-0.62912816,happy
-630.0116,31.959837,-31.915016,11.755955,-17.964165,-16.58564,-20.009497,-10.908162,0.41335842,-13.629923,-4.349987,-5.1100373,-10.031515,-3.0752683,-10.163146,-4.154445,-4.516424,-8.897787,2.306666,-3.40296,3.3504217,4.65346,4.280265,6.0016036,4.135756,3.8858368,2.094983,5.027707,10.785514,9.09366,8.352523,3.694723,4.2528353,5.864417,5.6578345,4.965471,1.5244324,0.15902027,0.58708334,0.9755096,happy
-602.1031,31.554296,-30.697327,14.291179,-15.279229,-16.595552,-16.268791,-12.729597,3.2856994,-10.360517,-5.205843,-2.6934192,-8.296017,-3.0577052,-7.0409036,-2.8128195,-3.9681811,-10.707646,2.2649834,0.43323544,2.0319114,7.244418,3.6331422,4.1560726,2.2007267,2.8795516,4.393297,4.7370768,8.898198,4.3943157,3.7539847,2.3207598,2.585227,2.9953885,-0.18552405,0.8784347,2.171321,2.895542,0.813737,-2.7949324,happy
-416.58438,0.9451263,-51.635586,0.7655448,-12.5956955,-28.757975,-16.668222,-16.581095,5.8662066,4.0060744,14.202585,20.518148,0.678623,-3.216109,-7.5016174,7.3913603,-1.0465765,-5.723816,2.4727802,10.008888,3.9769354,2.3608646,-2.508455,2.3101597,-1.2651082,-0.63654375,3.3489122,3.5117562,3.7200968,4.7856107,5.827607,5.612997,2.5409527,5.5434957,3.6538177,6.697529,2.3049862,-0.52953213,-0.069230795,2.1228564,happy
-445.2387,-0.6076691,-48.243225,-1.2774353,-16.031717,-22.663187,-14.721539,-19.09381,-1.6138574,-8.9153805,3.1916137,18.356453,13.247347,6.155565,-10.256144,1.7651157,2.6360557,-0.05759535,-3.7100258,-4.1074505,2.844325,6.34986,-0.07097396,1.8409007,3.9496715,-3.1992273,-2.9548526,4.23603,3.8646402,2.518572,5.4632154,4.769762,3.0166218,2.8710186,2.6515932,2.242595,4.36465,1.2706035,-2.2382598,0.12113309,happy
-443.44016,-2.7734663,-50.938515,0.9048719,-20.705866,-24.428415,-17.703468,-16.633581,0.7235351,-9.149282,5.9094477,19.090725,17.38059,5.579885,-7.659547,-2.3165514,-0.94216496,0.22254029,4.1984015,-1.3641727,0.35632548,6.6668744,4.67343,-1.3057374,3.1830275,2.6006515,-2.2609503,-1.4033031,4.108997,7.16216,3.7371733,4.6221395,2.4711816,0.4703076,7.5414057,5.3473916,-0.059470978,3.832515,0.64464104,-0.72339535,happy
-423.3733,8.453264,-48.346245,4.289876,-18.532324,-26.743906,-15.66056,-13.71827,1.4521786,-9.776742,4.1451516,17.270842,16.461533,5.704798,-7.710934,-2.018267,-3.297194,-1.8578857,3.9811828,0.2763773,3.9192317,8.635531,5.3679566,0.27316162,1.4004608,-0.8023554,0.394771,0.50109243,3.992234,6.9336514,5.5517507,4.9319654,4.324748,0.3834023,2.9536378,4.3992496,2.139582,1.1226773,-0.123040624,0.53996336,happy
-732.7962,45.3651,-2.488453,12.838401,-2.5708604,-8.3554535,-14.07907,-3.8950748,-1.9347483,-0.7996297,-5.2733607,-1.9115189,-5.4316907,-1.3439553,-5.0452394,-4.6039286,-0.5604086,-6.301211,-0.69847834,-2.5834694,-2.1463163,1.4494871,0.017155597,2.9966872,3.6935298,3.0649822,6.712772,7.889573,13.86582,12.263713,9.386569,3.2993355,0.009121963,2.027818,3.0853345,4.4187093,1.2262242,-1.7619733,-0.8910569,-0.333123,sad
-709.54926,46.326466,-10.015167,19.079828,-6.8479805,-12.317886,-16.047766,-3.9000068,-1.369737,-5.9962306,-7.059757,-0.45120415,-5.1867843,-4.873767,-5.502903,-6.4402423,-2.2288427,-8.826311,-1.5260295,-1.523665,-0.7815426,1.2753752,-0.034199726,4.0761156,7.3440967,6.515363,6.6053576,4.9655523,11.913419,11.759385,9.117211,5.1418204,0.74484265,1.0743622,1.1799903,3.4822063,2.1201994,-0.99597996,-2.1825905,-3.3583138,sad
-699.4074,44.337933,-8.343375,3.0159829,-8.349612,-12.884104,-16.607782,-10.115871,-3.0466468,-6.9005604,-4.150533,-5.9285398,-7.7372794,-3.0615115,-8.453262,-4.683696,-4.7174406,-9.442272,-2.9349186,-4.1955194,-3.7716277,-0.0057698525,2.7795613,3.4230218,5.2193255,2.7035253,1.7817744,3.136813,7.9736757,9.8626585,7.8857026,2.5656044,-0.07731125,1.0029886,1.9851806,1.8234785,-0.034996063,-0.6483545,-2.492354,-2.2599645,sad
-728.53937,48.45804,-7.095117,5.809702,-5.055383,-13.115039,-15.352452,-8.007607,-1.7832743,-5.7046394,-4.6068506,-4.076773,-6.4737606,-2.5497546,-8.0567465,-5.0727906,-3.343538,-6.874289,-2.0895762,-3.6072438,-4.395519,-2.5276003,-2.5087557,1.1369978,7.560519,9.604822,9.500508,7.771561,9.155839,8.937759,9.196367,6.839866,1.8463156,1.1521832,2.220421,6.3879223,4.282523,-0.66372484,-3.2371829,-0.2779019,sad
-499.40933,4.6442966,-37.868336,12.664712,-18.261581,-11.736809,-8.712745,-14.6093645,7.150213,-10.654708,3.0050628,6.3112345,5.465103,13.742323,7.557012,13.03785,0.90959007,-10.612422,-8.583716,1.1722211,5.713206,-4.1459036,-9.157192,-1.8936561,1.5977253,-2.646303,-3.1754541,8.487621,12.867814,6.377274,2.5780096,3.5938296,0.6601485,-2.2423193,3.3298123,3.4022224,-1.2737217,0.43838766,1.3835905,0.6738755,sad
-683.039,29.291624,-16.922031,7.560125,-16.223267,-12.621349,-15.604721,-10.4574585,4.8984203,-4.78994,-1.835751,2.0076756,1.0501655,6.1295247,0.5194741,5.7915945,1.7761348,-4.921588,0.58207935,0.19931859,2.7754688,0.44632939,-1.1565845,1.80463,2.369362,1.0516778,1.691992,2.8302495,4.850917,5.5291686,6.745172,4.57823,3.5990095,0.52601117,1.4063712,3.8405201,3.0030432,1.8323293,0.6027418,-0.6207102,sad
-505.8861,23.009758,-24.078566,1.132222,-19.501974,-11.879433,-13.552412,-11.980224,0.16255082,-14.233666,-7.140698,4.1826177,7.298012,12.065405,8.10705,8.810576,-1.7535002,-5.3057904,0.3019985,-2.1101122,-1.9802015,-3.2996051,-4.576884,-0.56215316,-1.0717534,-1.3952565,1.1310365,2.4051273,1.8483813,2.8504932,3.8837748,2.3451374,2.3590722,0.43193996,1.1065785,2.801209,3.6700597,3.4843721,-0.04405479,1.0932415,sad
-551.36224,16.07915,-33.601257,8.844304,-22.937891,-23.648565,-18.965738,-19.367025,8.700715,-15.807753,-2.7876303,-2.469557,-6.9526243,-2.2459676,-13.128073,5.566148,-0.4189879,3.1944828,9.837598,8.495923,6.8938556,7.754334,-1.4618826,-1.6515646,-2.2117975,0.25330955,-1.6706439,-1.3876837,-1.4910604,3.3094137,4.1954813,2.9647534,2.3935215,0.3730357,-0.7266782,1.1017478,4.8518043,2.997865,-1.9137597,0.27857643,sad
-610.00244,31.096869,-17.834805,9.759311,-13.223238,-10.276705,-13.211254,-7.6141787,-1.5379113,-6.8708606,-5.1662674,-3.3008122,-8.073062,-4.005264,-6.4658413,-6.922347,-3.8739564,-4.844279,2.160539,-0.0820893,-0.26268354,-0.91586316,-3.3059995,2.2467706,3.490977,7.1401815,6.6308556,6.3625035,7.4594097,5.018738,4.010133,2.9491553,1.5224656,-0.41156527,-0.19743614,3.7248118,2.0133803,-0.5782125,-1.2797055,-1.3391576,angry
-596.472,44.64234,-7.69975,15.693391,-11.609744,-8.310671,-12.100741,-8.339928,0.47354996,-2.5129604,-2.9470303,-3.355237,-3.169409,-1.281347,-4.265836,-4.020523,-1.8950859,-1.4620346,4.58268,1.4880607,3.3260732,2.1807208,2.6309328,5.2941365,5.0372963,6.7596445,7.5477595,9.148805,7.992906,4.930689,2.974207,4.0303364,3.7290154,1.962712,0.41633958,4.211944,3.182992,2.750887,-0.58682895,-2.3091326,angry
-565.2773,32.27782,-22.362947,5.276291,-20.741207,-14.36492,-15.634045,-12.728439,0.20145346,-6.973264,-5.2575746,-6.762985,-5.408507,-5.8541765,-5.78694,-7.1107965,-4.2529044,-6.195561,-0.65941364,-0.066804595,1.3752422,4.5224533,5.3413258,6.0642867,6.5726895,6.9866896,6.1560965,2.2081838,3.6960883,5.0384517,4.788488,3.248453,0.5196087,-1.2310424,0.21139279,2.3685706,1.7809118,-1.0084932,-3.1680367,-2.2700825,angry
-534.7098,26.190737,-15.97057,3.4786222,-15.785672,-12.873133,-10.663213,-12.332955,-0.85393006,-5.6583633,-5.149587,-5.3817935,-4.242418,-5.793593,-6.72397,-4.216122,-7.437021,-8.129169,-2.8365083,-2.5793352,0.7257425,4.578264,8.314943,7.813615,9.102729,5.459265,2.526679,-0.07520024,1.8646718,1.4996833,2.1202676,2.3572364,0.6375511,-2.7838128,-2.1030881,0.7290668,2.1761281,-2.1117198,-4.0281544,-2.5550904,angry
-336.94797,12.966651,-45.97118,-4.9606876,-23.827877,-13.893803,-12.970937,-12.712458,2.9693468,0.21850929,10.230302,11.913001,4.03264,-2.5065515,-4.2899313,0.7621537,1.9653873,-1.8502036,-0.83306813,3.3248382,5.640535,3.610643,2.9297903,0.08594232,1.8309052,-2.306012,0.8400971,1.1323227,0.2195134,3.5546799,3.3134189,4.0369387,4.1794066,1.6267991,0.12380962,-0.007526605,2.9227273,2.120015,0.08530355,-0.3674731,angry
-346.96823,10.90022,-42.830936,-2.6747918,-22.28579,-13.74078,-11.786967,-10.877588,-0.7031382,-0.08984155,8.840227,11.828722,5.3499384,0.59185225,-4.0679092,-1.1804214,1.5706338,-2.5578566,-1.1822639,1.4818126,4.012043,3.3113792,2.2419157,1.0580083,2.4188235,-0.49075446,-0.19995834,1.422158,0.59513307,2.7885575,5.2879,5.091405,3.8085134,0.5831583,1.3953475,2.627622,1.7752179,1.5537777,0.68829846,1.0080614,angry
-358.869,14.091246,-39.15766,-6.4733663,-24.298542,-14.422859,-10.983537,-15.500228,0.93928057,-9.465788,-2.198398,2.7653155,7.34146,10.741864,6.4520373,1.114074,-2.0744126,-5.659342,0.8584185,3.1193445,-1.0087087,-2.2846406,1.1590931,-0.37409222,1.9873978,2.2389736,4.5545893,2.3733451,0.018713094,0.91699064,2.1106768,1.7989007,1.9155021,0.4737595,-0.44679064,1.2704437,4.1774545,1.8043635,2.4191618,0.8645246,angry
-368.74887,11.560404,-38.660706,-1.7628702,-23.338993,-9.925304,-11.704108,-16.325634,-1.2099999,-9.921152,-1.2988502,10.396902,16.384636,12.751389,3.3522682,-6.8758926,-4.758253,1.3866206,4.4832215,-4.067447,-6.4572377,2.968324,6.266414,1.6363201,3.9438565,5.4954686,-0.9142004,-2.92105,3.8882587,3.7352374,0.49657965,2.0898907,1.9668013,0.87268144,5.0763297,2.4172843,0.3840009,4.0977793,2.391742,-1.5759552,angry
-664.5424,41.395508,-15.009859,8.878958,-6.2306466,-10.310439,-12.799095,-5.9088163,0.1699539,-6.8601956,-6.313652,-3.9954505,-4.2742653,-3.8890755,-6.8322363,-6.372891,-6.0018125,-7.196972,1.5878097,2.3922546,7.174115,9.340762,7.86574,5.8475904,4.8325276,5.633992,6.263445,4.9815497,5.990781,7.2111106,6.163774,3.949025,1.561789,-0.1960023,-0.07641575,3.0808282,1.6981997,-0.81902164,-0.5012994,0.6315166,fearful
-636.6642,40.62481,-24.778294,17.984503,-9.523388,-10.05996,-17.691654,-8.3167715,4.345556,-8.240005,-8.9203615,2.1763835,-4.732014,-5.508272,-5.9750953,-5.172227,-2.342585,-7.4161625,3.9999247,3.439826,4.2586627,8.069616,5.723788,6.431368,3.4804637,4.2863016,5.128171,4.4617667,6.5765896,6.4835997,5.537168,6.868624,4.2528176,1.1903739,1.0772588,3.6365385,3.1320522,1.5377347,-0.77753747,-1.0581858,fearful
-637.1939,43.198547,-22.372606,5.9856334,-14.735842,-18.55071,-20.680136,-13.5692425,0.4624245,-11.591708,-7.4702725,-6.5396714,-4.715781,-5.082452,-10.397903,-6.756557,-5.334782,-10.581205,-0.101920776,3.9197981,10.056556,15.597642,14.025164,10.378869,6.648893,4.0958457,4.9336905,4.7514796,6.629668,5.1505966,4.2466216,3.7784917,0.12230519,-0.47172406,1.1853489,2.9635427,2.8084428,1.5261946,-1.1920033,1.5373019,fearful
-640.374,38.758682,-13.778366,10.276401,-6.5709705,-14.8307705,-14.745133,-7.4080205,-0.23421891,-7.878497,-7.833666,-6.044133,-7.8514447,-7.7629123,-8.079574,-5.9924345,-3.621402,-9.449729,-1.5931278,-1.1172189,4.629024,9.383389,9.527535,9.657308,6.7759905,3.8568492,2.5356605,3.4966133,6.811737,7.243443,4.990559,3.2414281,2.315386,2.442519,1.9776956,3.7334642,3.5638092,1.7834594,-0.8763301,-0.4555321,fearful
-360.59988,-5.893329,-53.644497,-9.747808,-20.411203,-26.258566,-19.727571,-7.784322,13.670109,11.81597,12.358337,15.537377,-11.1591015,-8.731591,-7.1829925,8.301117,-2.8944187,-8.157508,13.896601,4.947215,-2.798768,-1.4767913,-2.5865865,-1.0757842,-1.0486368,3.145156,1.3171467,4.706896,4.3576546,4.457904,4.1695213,3.8393576,1.7596072,0.7303318,2.2360759,4.1121793,4.8806496,1.5841613,-2.204863,-1.1881181,fearful
-365.17386,-7.760532,-50.07568,-10.170287,-24.459362,-25.257164,-11.182941,-4.6132245,16.733778,17.196276,3.2784965,3.0297303,-12.927099,-5.466766,1.8176718,2.9069743,-2.0554779,0.94375044,10.164811,-3.563106,-6.831636,0.22751729,-2.2057338,1.1106163,5.697452,0.789021,2.1488662,5.282885,-0.06969659,4.841593,6.1371574,3.242153,4.3224616,0.69975317,2.3194234,2.725755,2.136277,1.1464244,-1.3884099,-1.3474143,fearful
-381.97748,-2.4371085,-46.81701,-8.605861,-22.558594,-28.866951,-16.940458,-13.162776,9.811553,4.490883,5.9142294,15.944368,-2.2636092,-5.609029,-5.188946,3.5008433,-6.131664,-10.127619,9.174024,3.5237706,-0.69114137,-2.0738294,-2.4952092,0.47189665,-1.6742212,1.9108735,3.1778762,5.519116,2.967843,4.1567345,4.22578,3.8462768,3.1790807,2.3321137,2.6639626,0.6780785,4.313285,2.0599577,-2.4830248,0.15571937,fearful
-323.70227,-0.053745743,-52.267673,-16.059706,-18.333372,-24.736965,-6.887396,-0.57748675,21.637259,10.963021,-4.675976,6.561768,-10.845923,-0.024218697,-3.2139366,3.6232986,0.12930974,0.29937914,12.596369,-1.6630665,-5.497225,0.9189475,-3.2845492,2.1127388,4.4235063,-0.8688464,2.3735623,8.4096775,-4.2517667,-0.09512552,4.169218,4.216917,5.5300198,0.9811933,3.316254,3.8845623,1.0123708,3.6456156,-0.35491508,-0.41414633,fearful
-669.139,48.705387,-8.397649,4.006261,-11.12651,-12.477734,-18.591923,-6.907965,-5.742855,-3.9842007,-7.5513973,-7.9433827,-5.751977,-1.9847169,-10.001593,-4.2948937,-6.351472,-7.8646965,-4.4585075,-3.4403148,-3.0055885,-0.12084532,-1.5868827,-2.9052663,0.26055223,2.0612938,5.5918374,8.338224,9.286912,7.3239484,5.125444,2.192219,-0.078981385,2.258932,3.6302931,1.3581413,-0.7299632,-2.2198722,-2.6648645,-0.7234713,disgust
-701.1556,37.657135,-1.8047646,9.150865,-6.471763,-6.3557687,-14.403963,-3.407294,0.46570688,-5.021969,-3.749593,-2.5520852,-2.7487268,-0.8907242,-9.071944,-0.22298597,-4.692397,-6.918188,-0.5204563,-1.5103608,-1.4438784,0.1227185,1.0993425,0.058427382,2.218003,3.4179168,3.215155,5.884188,7.05279,7.7487135,8.590508,4.521894,4.992859,3.7119577,4.129646,5.207426,2.8755069,0.64283854,-1.3646152,0.8078467,disgust
-748.3417,39.77452,3.161154,-4.690196,-2.080437,-11.898089,-16.04433,-3.818268,-4.211962,-4.9726996,-3.7158306,-5.788236,-4.403185,0.8007265,-6.551058,-0.73823315,-6.4690557,-7.2190194,-4.9354706,-2.7617435,-3.6101565,-2.20887,2.0368865,2.0539603,5.8145766,6.7863283,4.8497996,6.4450073,6.9734216,8.80566,6.164112,3.285972,0.7417003,1.8734407,3.1297312,2.6707199,-0.69344956,-2.4187508,-0.1696961,0.84564644,disgust
-716.5735,39.331154,-4.0484185,-0.8047943,-3.831784,-14.671719,-17.90064,-3.1100926,-5.5613046,-9.144266,-3.014216,-5.3149467,-5.0119762,-3.1310835,-7.566848,-2.0248349,-7.588062,-5.0537667,-4.0449286,-2.8388746,-5.31906,-3.0739827,-2.0974452,-4.0965505,0.97659314,0.51518613,1.5894526,5.5805526,6.6885557,10.930415,11.214381,8.327328,4.066364,1.2908114,2.8282726,4.363908,5.3381624,0.09113145,-1.1517947,-1.080222,disgust
-550.25824,20.923777,-18.647491,2.3614764,-21.34254,-16.455135,-10.849413,-9.61225,-3.4735396,-6.9912343,-8.971848,-7.769032,-2.2505975,-5.822006,1.613637,6.6742034,9.462338,10.480886,3.474482,2.5555532,-1.0234538,2.370324,-1.876884,-1.9695977,-2.0850232,-2.6121237,-0.34305713,2.2351398,1.6382114,4.1291957,4.7449946,4.3201036,2.855733,4.270798,3.7172983,0.97521293,-0.46247932,-0.7634893,-0.84247506,1.0666487,disgust
-647.59283,31.169287,-22.472237,0.20458528,-19.207361,-14.211049,-13.093743,-7.3773746,-3.4679892,-6.2627773,-3.4256768,-8.893561,-1.8558736,-6.0973444,-7.4985466,-5.9589777,-7.8699994,-4.4756474,-2.653066,-0.2128095,3.1998181,4.751095,7.173081,9.135179,10.329952,8.519987,3.8304145,3.6711686,2.4340382,4.3780417,4.16885,-1.2675252,-1.0153444,2.0759711,2.7351792,0.61620456,-1.9225814,-0.16195619,2.0678954,1.8588152,disgust
-587.9243,40.79913,-16.950348,2.6558774,-11.06362,-18.62912,-12.138083,-5.037537,-3.562848,-10.152376,-1.798275,-7.8192644,-5.2889686,-6.4103637,-9.071168,-1.6949066,-5.7552547,-2.3303938,1.520735,4.8183756,3.4980578,5.1382203,5.678382,4.2342567,4.2299776,2.1236773,1.6360335,3.1349862,3.9180198,5.575988,4.2403016,3.0318906,1.3977902,3.80539,3.4876337,4.374683,2.6459723,1.3851246,1.1136559,1.4454149,disgust
-639.05646,47.15852,-0.20955268,2.767072,-5.678296,-8.627985,-5.078702,-0.69055665,1.0041653,1.9004307,3.59062,0.7558347,1.2224271,1.0449909,-1.375077,-0.19706672,-3.7133892,-5.4748845,-0.71147287,2.7264643,6.1967177,13.574057,15.132081,12.527275,9.454742,4.0400033,3.7599056,6.884797,6.861322,5.585263,3.563248,2.21065,2.2792387,3.6728013,3.4750707,0.91263694,0.1486751,0.75803274,-0.57451636,-0.008214702,disgust
-719.55707,47.868977,-13.726936,5.573991,-8.375384,-8.954642,-13.123571,-5.6421514,-1.5260491,-5.6830325,-4.5613937,-5.7969337,-6.2397857,-3.2059395,-9.327803,-3.544755,-6.55669,-6.6802907,-2.0984054,-2.0766017,0.5877677,0.39323753,2.7718844,0.89454985,5.1703753,7.538402,6.5290084,5.2841907,4.734658,3.6500094,4.590019,1.8866906,1.8992692,0.22535862,2.9748042,2.0523658,0.78771704,0.026327098,1.6230626,0.71970445,surprised
-702.41907,43.96884,-17.598124,4.0435433,-11.495463,-10.516462,-16.213692,-9.27514,-1.8677508,-10.073233,-3.975565,-7.3853226,-7.589369,-5.103438,-8.291795,-5.075736,-6.978533,-6.7497644,-2.753032,-4.6935325,-1.1778523,0.19963919,3.5655215,2.2544181,3.5833008,1.4445947,0.68150526,3.862997,4.899832,6.593652,4.3257313,-0.7017855,1.1835971,1.5638162,3.6819081,2.807757,1.358676,0.59565467,0.011400915,0.5693032,surprised
-681.1553,42.9335,-14.333993,-0.17605901,-11.106392,-14.335529,-16.586544,-7.589014,-0.917326,-9.436932,-4.0260468,-8.585684,-8.438342,-3.1404793,-8.840407,-2.165519,-4.7937226,-6.1447635,2.164778,0.5777347,3.4703019,4.3174624,4.595206,2.0589166,3.421718,2.7249606,2.5118442,4.5178733,4.6766677,6.707961,5.845198,3.622633,2.3886433,1.1832515,5.2708025,5.411103,3.900229,2.402436,2.2897,3.3218982,surprised
-668.7952,53.175602,-9.64043,8.965496,-9.00342,-16.523928,-17.299828,-3.7206104,1.5456553,-7.4926796,-4.2048054,-2.4625459,-6.0206738,0.15471248,-6.0393705,1.6123248,-0.7598071,-1.7051525,6.261278,3.8292751,6.4443994,5.8391347,3.8228612,0.80527735,4.247369,7.0945387,8.380018,9.028363,8.631862,7.658491,5.1071353,4.81426,6.330041,3.3593853,5.049382,4.6965423,4.1063848,1.4183587,1.829291,1.9662424,surprised
-668.01373,50.113564,-17.202986,12.957026,-14.370931,-15.090341,-16.919123,-2.2617664,-0.833936,-9.465143,-5.9239087,-7.1141505,-10.024807,-4.943661,-10.178935,-4.5990777,-4.1965747,-5.970431,3.3899076,0.6718495,2.6949184,3.3701596,0.18750037,-2.2169902,0.1326504,3.2258523,5.03617,5.084194,5.4629884,6.414593,4.210908,2.3658738,4.592706,3.3646026,5.7214212,4.8186173,3.8150413,1.6225541,1.1287087,1.7152898,surprised
-567.57025,25.94285,-32.024933,-2.7772617,-19.51824,-13.76801,-16.623062,-11.897876,-0.54700327,-8.17458,-4.851806,-3.6624618,-4.10977,-0.6038877,-0.06033242,8.566106,3.3736665,2.0975544,6.0747094,4.4634504,4.0538626,-1.8377819,0.36037743,-1.0665497,0.67191535,1.5161797,-0.048317317,4.474149,5.862712,6.0920734,3.6371684,2.4480443,3.30184,2.230932,4.815188,3.2579718,2.2377486,1.8527485,0.07009139,1.2347918,surprised
-576.9474,25.66902,-27.087208,3.288383,-15.572444,-16.410679,-19.728874,-10.434699,-0.0140823955,-11.785304,-3.8280165,-4.12402,-3.6163113,0.7498075,0.6443454,6.002961,7.099487,5.245946,7.185551,-0.08679419,0.28094476,1.7478471,1.4384801,1.8559862,1.0761621,-0.80254996,1.0349808,5.7102594,4.8205557,6.4994726,3.837715,3.6017697,3.3288534,0.5803327,4.3388453,3.9321644,1.2148553,-0.41788322,-1.445174,0.7823871,surprised
-573.8674,30.707666,-29.165796,-2.2883697,-14.728483,-15.570543,-18.875763,-12.98008,2.4489093,-10.969989,-9.443984,-3.3795023,-3.871162,-1.5688187,2.8072681,6.238525,5.3930125,-0.0216443,4.6726966,0.57721496,1.8665736,1.3448672,-2.7147124,-2.3649142,-0.20882104,-0.8116193,1.3194625,2.5935786,5.020429,6.389027,3.042999,1.7084514,0.57908595,-0.5420279,0.13597423,1.7809047,1.3680357,-0.40022448,-2.3059263,-0.75756645,surprised
-635.7303,66.64235,3.513017,21.606144,0.33187976,-3.955326,-12.175788,0.7956138,-4.148572,-4.5119367,-1.1751225,1.7581663,-6.763694,3.3087318,-5.1018715,-2.8256867,-1.0585947,-2.849686,-5.48595,-2.2409499,-2.5340567,-4.942237,-0.2894799,-2.3743446,-0.25618452,-2.168938,-2.658958,-3.7279632,-1.5900351,-1.0539751,-2.0093753,-2.2993026,-4.9610734,-5.2514286,-2.5712457,-0.56496316,-0.27579373,-0.9328836,2.6016052,2.8142877,neutral
-632.01624,69.62291,4.964183,22.88582,0.9076711,-3.3777297,-12.783046,1.9864433,-2.3470023,-3.628786,2.0868502,3.297001,-6.187919,5.190519,-4.0222125,1.1768628,1.5111794,-2.3216617,-2.9077783,-2.5514336,-1.5284562,-4.669467,0.60456616,-0.36186847,0.66788423,0.29988214,-2.6525803,-1.9083407,-0.16739218,1.5193369,-0.88101125,-1.3022728,-4.838548,-4.265267,-2.2864387,1.0956362,-0.9719095,-1.3564796,1.2693157,2.8633006,neutral
-638.97345,62.944756,2.7551913,16.359438,3.1612182,-6.3979335,-16.059458,-3.5141542,-5.6992464,-6.6577106,-3.3297017,0.06959104,-8.749659,-0.25438643,-5.0552893,-5.0163383,-0.875983,-6.7433734,-5.1544003,-4.2339945,-3.747947,-6.2353063,-1.5647527,-2.0670183,-1.8958672,-3.2253025,-5.4047313,-4.1566997,-3.4724858,-1.2494789,-2.3529136,-3.757554,-4.005445,-3.5728498,-2.4847662,-0.16571602,-1.7638817,-3.2801201,-2.1018279,0.47995606,neutral
-634.40247,69.39665,9.47291,18.714775,1.2568197,-3.536003,-13.316625,3.7618563,-5.3737407,-2.991887,1.5820081,1.2589875,-4.46294,4.1631365,-4.700987,0.77577394,0.06759121,-2.3084822,-4.0484033,-0.935055,-1.8314275,-5.233021,2.069216,-1.4275292,-0.34791636,-1.5571235,-3.3533833,-3.0994713,-1.8387207,0.17123146,-1.0138693,-2.7543287,-4.5465627,-4.9021344,-2.3169613,0.68015635,-1.3965304,-3.784704,-3.02056,-2.2090037,neutral
-675.83264,73.55341,1.8727225,19.657969,4.7781787,-4.179772,-9.745137,1.0455542,-1.2366949,-4.075654,3.0384216,1.3974005,-4.7254605,3.1385257,-3.8327305,0.007486354,1.3187166,-1.060924,-4.3972197,-2.3455808,-1.7121993,-4.8294334,1.12852,-0.5022207,0.694118,-1.2361263,-2.6277716,-2.5720382,-0.7566483,1.7567153,-0.8239098,-3.0622802,-4.468926,-2.7049115,-1.9578053,-0.7867034,-1.572889,-3.9043581,-2.480703,-0.7495305,calm
-688.2633,75.193474,-2.6508641,17.441015,2.7711968,-4.0203004,-11.15055,0.58437955,-1.735715,-4.418799,1.0716954,2.1687083,-5.984923,2.3930974,-5.404074,-2.5379386,0.6098882,-4.1340265,-3.4097824,-3.3558803,-2.0204334,-4.9487762,0.2899858,-2.0672028,-0.94414544,-2.5512373,-3.4730957,-3.331348,-1.9247448,1.0133951,-0.73558974,-3.1074145,-4.771859,-3.6941178,-1.766436,-0.25702515,-2.1976614,-4.126609,-3.2959194,-1.4086725,calm
-666.94196,79.34747,9.656794,22.574507,11.99211,5.019944,-8.057227,2.4750624,1.8195978,0.81274074,2.530608,7.5874457,-2.3078866,3.7765448,2.5977695,-0.8191568,4.5293703,-0.29021543,-1.059594,1.1564159,-0.7349966,-0.54763734,-0.1348006,5.829574,2.179659,1.6838224,-0.41288614,0.5301058,0.4389081,2.5931818,0.86525065,1.1564095,-2.809959,-0.386857,0.5234126,0.8976712,-0.9501572,-1.7483996,0.039652843,1.0736609,calm
-667.7138,73.50052,-2.2341948,18.499887,5.066351,-0.78475493,-13.425661,-2.9788084,-1.457102,-5.753365,-0.17558224,2.8542316,-7.2222543,3.1313512,-2.878786,-2.6244876,2.4521778,-4.611705,-4.0214753,-2.2666628,-1.7979039,-4.5109744,-1.1067691,1.0247034,-1.35282,-0.07632299,-4.3336687,-2.6606262,-0.12149733,2.1464021,-0.09496347,-1.4511907,-4.638622,-2.7020042,-3.2021499,0.83878464,-1.267254,-2.199673,-3.2472064,-1.7161374,calm
-615.2409,60.126278,0.43396753,29.36938,5.0417404,-10.054567,-16.626444,6.851469,-3.7323198,0.600661,0.5301095,2.3461816,-4.7156234,1.2517325,-1.1834202,0.77794176,1.5911747,-2.5753186,-3.280799,2.1899135,-1.2960203,-1.3483262,1.7906408,0.3562826,1.0312356,-0.04993937,-4.5033197,-1.7755965,-2.25866,1.4723133,-2.1344404,-5.8268447,-4.840443,-2.2467086,1.2034849,2.7071407,-1.6883215,-3.4524074,-0.6618721,0.5111177,calm
-635.56903,59.063095,0.89413077,22.7331,-1.5706952,-2.0811129,-19.962214,-4.5316954,-3.2581177,-5.0896654,-1.9235975,2.1674876,-8.600387,-1.9328153,-1.6288176,-5.27327,1.0118799,-5.1502824,-5.626143,-3.7070885,-2.580529,-2.8467484,-0.14119591,1.7224265,-0.45578665,1.1635588,-4.835768,-1.1174155,-0.4956844,1.7668899,-1.1854248,-4.842638,-4.8611336,-3.3578727,-2.157189,-0.0038363244,-2.1909912,-2.4531074,-1.5018324,1.3461716,calm
-627.13403,65.550804,6.00674,22.016058,3.3704894,-4.424616,-15.363928,-3.0885067,-5.4392276,-3.0934196,-4.022639,1.4353021,-7.5920763,-2.6910527,-2.6706874,-6.592904,-2.3991368,-6.2463584,-4.7434793,-1.9322722,-6.1349154,-2.1406515,-1.9716287,0.7454969,-2.8137002,-2.0854287,-7.918572,-1.3209212,-3.3649821,-0.8601308,-4.8199053,-4.340195,-5.4441857,-2.2543757,0.24520874,0.3321453,0.70777494,-0.36137533,0.88341933,-0.29770273,calm
-648.70483,81.64364,1.6202121,21.952927,1.3926616,-6.012227,-17.229715,0.38768134,-0.18807568,-0.3549011,-0.9694241,6.1134653,-3.128282,2.4046874,-3.175776,-6.516387,3.0360444,-5.6327357,-3.6993778,-2.8922272,-2.3817961,-4.23533,-0.34067917,-0.62455785,-2.11437,-0.13938874,-6.9029436,-2.264718,-4.085776,-0.23537126,-2.9465866,-3.0503945,-8.097954,-5.00915,-3.1652634,-1.5228753,-4.2163177,-4.9041324,-4.046056,-3.856645,calm
-632.3217,64.89353,-3.9959376,26.71394,3.550713,1.1179938,-10.496493,0.24548805,3.5449612,-0.39792976,2.4704065,5.513243,-7.070947,6.969444,0.3859296,-0.36664432,4.8329062,-3.6452591,-1.5340595,-2.1184728,1.0111113,-2.6005962,0.24071698,2.3760095,-0.7460943,0.5333341,-4.232023,0.17887309,2.3438735,2.1192482,-1.1046559,-1.0445558,-4.1835155,-0.76487,0.95905846,1.3608378,-2.1623836,-1.3063794,-2.17054,-0.728957,happy
-620.89594,69.56062,-7.9718738,20.446047,-2.2007654,-6.9925146,-12.893934,-0.3903682,-0.79885375,-5.3678007,1.6073257,2.060341,-4.615873,2.6584744,-5.586462,-1.5607772,-3.067184,-4.335944,-5.2731524,-3.2715392,-0.22343588,-3.3421628,0.49173635,-1.1803616,-0.0922077,-2.146582,-5.140296,-2.2601304,0.6287275,0.3095591,-1.5662053,-2.1469865,-3.9432077,-2.621739,0.8802517,4.090573,3.3645697,2.991404,4.639928,4.3105316,happy
-595.89056,63.589306,-9.411207,18.322073,0.09844643,-6.3519,-16.387861,-2.345813,0.30020505,-6.4987907,0.75135404,4.198566,-7.893285,5.1175632,-5.066162,-2.9625177,-0.62934595,-5.42288,-3.3418381,-2.4263756,0.6574878,-3.1381898,-0.16857266,0.5894456,-1.0177091,0.85070616,-3.743982,-0.018109491,1.2135186,1.3249698,1.2090347,1.950515,1.9906934,5.1375566,8.152365,7.3617735,2.0074582,0.79252195,1.5969825,3.8219447,happy
-595.89056,63.589306,-9.411207,18.322073,0.09844643,-6.3519,-16.387861,-2.345813,0.30020505,-6.4987907,0.75135404,4.198566,-7.893285,5.1175632,-5.066162,-2.9625177,-0.62934595,-5.42288,-3.3418381,-2.4263756,0.6574878,-3.1381898,-0.16857266,0.5894456,-1.0177091,0.85070616,-3.743982,-0.018109491,1.2135186,1.3249698,1.2090347,1.950515,1.9906934,5.1375566,8.152365,7.3617735,2.0074582,0.79252195,1.5969825,3.8219447,happy
-464.45428,57.57674,-15.872268,14.366168,-5.0656176,-18.06132,-11.787946,-11.245174,-1.8937126,-3.03303,-1.24235,6.6311727,-4.9040713,4.0701356,-3.1877503,-1.4734198,1.8632132,-1.4948123,-2.9957502,-2.101752,0.73029655,-0.34755972,5.7600102,3.9927354,5.712388,6.3194275,5.1278663,8.406627,8.908624,7.81887,10.066736,8.622895,5.966258,2.3034582,4.0948067,7.0889134,6.1419687,3.195382,0.66111666,2.5468128,happy
-420.49442,40.392742,-12.384113,16.702682,-7.2644134,-16.920809,-12.030255,-6.7621255,-4.126603,-4.490369,-3.272142,1.462648,-6.123338,3.763927,-5.5494204,-1.1769536,-1.5422091,-1.6055514,-4.4848137,-2.6466937,0.42416614,0.51134956,5.628461,6.587862,6.432723,9.216497,5.9600625,6.848343,6.8978024,5.155805,4.4012465,4.050649,1.2816265,0.34136146,1.2368199,1.4926038,2.1904619,0.5695882,0.55260646,-0.42913797,happy
-475.15323,55.483166,-22.614115,17.12826,-9.257338,-17.554596,-12.07477,-14.298907,-0.19426496,-7.72415,-3.679808,2.176881,-7.3696036,-1.4687828,-6.6678743,-5.482881,-0.088187635,-6.1640368,-5.4079375,-3.0508559,-0.8474425,-2.566205,3.2596064,1.5055194,1.4085096,4.092836,3.1617405,6.220136,10.734475,11.1642275,10.035328,5.51716,1.4802448,3.025933,6.1410456,6.6662054,3.4359288,2.6066995,2.3547854,3.7875814,happy
-438.73807,43.27015,-14.836163,11.640579,0.50452656,-19.94742,-10.558023,-5.9953694,-3.7929351,-2.080977,-4.878631,4.364123,-6.457134,4.744986,-7.3894753,-4.1694474,-0.3720949,-3.8454683,-3.815484,-2.7735093,1.0207453,0.37993088,10.872288,12.00024,16.475832,11.3234005,7.7610173,5.326516,4.380346,2.7214036,6.192618,4.8995576,1.1891714,1.3904828,1.5502017,2.379424,1.4026713,1.6712927,-0.31791487,-1.2853165,happy
-704.88043,65.65913,-1.4564687,15.306175,-0.43156067,-2.6322734,-11.7663555,-9.173389,-3.744329,-5.2881327,-6.863573,-0.29902646,-4.2327294,-0.4529459,-3.7567942,-5.882661,0.8729796,-3.7412076,-4.2441554,-4.092585,-5.1731977,-2.8960326,-2.5721703,-0.34919357,-3.130542,-0.031322274,-4.2966747,-2.494906,-2.445234,0.41630805,-1.809827,-0.03544773,-3.6018047,-1.9583212,-1.357489,2.1242878,2.2389596,1.9619107,0.88401765,0.68345916,sad
-676.2533,76.004974,3.2219622,24.237041,3.8685727,0.15132374,-8.237604,-7.7623634,0.4939409,-3.7325618,-0.41294783,4.516933,-3.6469223,4.112382,-2.016893,-4.862964,3.6993794,-2.134775,-1.8860877,-3.3823216,-1.7804558,-4.124483,-0.27803174,0.8899077,-0.08360265,1.8183036,-1.3945014,-1.2583292,-1.0773518,0.82855856,0.23092392,1.2535534,-3.2768662,-2.5608902,-3.1644433,-0.03448703,-0.33834887,-1.2243581,-1.9464405,-1.6132845,sad
-692.16315,72.94077,5.3783965,13.427265,0.8380064,-1.2639902,-13.054342,-8.599126,-2.280163,-5.8171687,-5.2843766,1.674153,-7.6088552,3.0755093,-4.0061507,-6.241648,0.80817425,-4.611738,-2.3925765,-3.9192972,-3.483739,-6.3069167,-1.8677177,-1.151278,-2.87881,0.692019,-4.1226606,-2.1907926,-3.2293646,-1.0251651,-1.0052198,-1.1100823,-3.9943652,-2.199284,-3.5553308,1.4086565,-0.35892254,-0.08194687,-0.22725579,-0.48462114,sad
-608.3674,69.633766,-6.2097583,20.022776,-5.3213315,-8.338807,-13.309638,-13.0415535,-2.9279008,-6.9392037,-1.0007167,0.67416894,-10.487827,2.176137,-7.5194597,-6.6787333,1.2469538,-4.70197,-5.186215,-7.1705294,-3.0900042,-6.3939095,-1.3857996,-1.6528627,-2.204914,0.079710454,-4.899386,-2.3823943,-2.4180937,0.059190497,-0.80570346,-0.11585881,-4.519925,-4.2225356,-2.1302216,0.02662408,0.005290989,-0.3448246,-0.29433566,1.1017057,sad
-580.28516,66.922935,-12.013568,22.106237,0.95508486,-19.806356,-13.082527,-16.30453,-14.811591,-11.048223,-9.902326,-1.5700756,-10.8766985,-1.4510906,-6.2305555,-2.5666425,-4.166004,-1.3905842,-9.533803,-4.119658,-2.5315974,-7.2412724,0.6135324,-1.1541052,0.048235856,2.789499,0.52239335,0.09060473,3.822467,2.687625,4.9326897,2.1236508,-0.6913216,1.0395317,3.034184,4.9589844,1.6356491,0.34734958,0.6833252,4.00591,sad
-590.6272,57.487125,-2.5982208,17.60242,-2.3365414,-14.96311,-7.797308,-10.754215,-5.9322696,-5.9067426,-9.236554,1.3251015,-7.632188,-0.4517786,-4.171689,-1.6485379,1.3331188,0.5668971,-1.7534703,-0.9327152,0.44151908,-2.3242908,5.2216554,0.28158155,4.622757,5.2295594,4.7485933,3.4786744,5.959788,5.9139676,5.979729,4.786799,3.8375545,5.8987093,7.2832494,8.534809,7.1011972,4.1556673,3.0500412,4.0829806,sad
-552.5337,51.225616,-0.13768439,12.664219,2.9598715,-11.717396,-15.076963,-9.395454,-10.593443,-8.030372,-8.093354,2.3962328,-8.221913,1.8185687,-4.9151855,-5.102542,2.9089077,-1.463924,-3.7283654,-2.5307322,1.2122242,-6.2285643,1.5061667,0.8232147,1.7160314,5.411869,2.3664255,2.3180127,6.1094694,7.496312,8.941692,8.242491,5.6865144,6.0343676,6.4698024,7.7431974,3.5164623,2.2310104,2.2279277,4.4458833,sad
-585.2582,53.55883,-1.8632076,16.306028,1.5660235,-17.896109,-10.525302,-15.190293,-11.022764,-5.4231114,-10.672439,0.2637747,-10.803953,-3.776239,-5.3857203,-6.768159,2.0511372,-3.3412318,-4.7526407,-3.9492872,-1.8418201,-6.847115,1.5267901,-0.96239763,-0.18930785,1.4458086,-0.8193583,0.16396472,2.4227452,3.29408,4.420885,1.1912348,-0.9640761,-0.11429892,1.328686,5.4201856,3.8643565,3.564081,2.3569744,4.1208453,sad
-494.13242,42.734352,-9.302617,19.150787,-5.8551903,-2.8311038,-7.397108,-9.492066,3.7125554,-0.8823384,-3.283554,8.694201,-6.9923477,2.7563822,-1.1610404,-5.596064,2.1111681,-4.3970137,-1.8474815,-1.6187118,-1.7149938,-0.18190421,0.056727268,1.2896867,0.27068356,3.1464365,-1.7769848,2.09903,0.3513778,1.5203733,5.0280056,9.190775,7.0921383,4.271707,2.430206,3.9629977,5.0112414,5.9807506,4.723433,2.517732,angry
-419.08862,35.6023,-12.440352,17.017765,-9.36529,-8.706747,-4.384223,-7.223743,1.2722331,-2.1152573,-2.849351,3.8794444,-6.7774673,2.6870637,-3.125747,-4.3303676,1.483274,-1.5404831,-1.7586248,-0.35957673,1.8698732,0.695862,5.4213576,6.8186784,10.684109,14.553021,9.134258,7.3980575,2.9081492,4.501724,5.0847797,5.7149897,3.072545,1.7667272,1.8479748,1.830625,2.2422526,3.1830697,1.8676586,1.0994853,angry
-578.1137,54.227463,4.283868,18.604969,-2.385696,-3.0095758,-9.24844,-9.089721,-0.7426125,-4.2978024,-3.0253673,5.626573,-8.647318,1.6827397,-3.3115573,-5.573908,2.977151,-5.231291,-4.7785816,-3.1424954,-6.529026,-5.075228,-3.952828,-1.1009023,-4.1121917,-0.016568411,-3.0779374,-3.0952144,-3.4364913,-2.047816,-1.4829894,-0.92144763,-4.073026,-4.0770893,-5.020683,-2.4585156,-2.4602537,-2.7707803,-3.0044353,-2.8615503,angry
-496.98203,44.604244,-2.386493,14.892813,-10.577418,-7.048359,-11.376457,-7.137722,-1.5967101,-4.7713866,-0.9482846,1.0916955,-7.4274106,1.2889423,-7.000206,-5.7097354,-0.6494663,-2.9065351,-5.61153,-3.8319163,-3.5057845,-6.5716515,-0.47469836,-2.9737825,-2.5674555,-0.6112879,-2.169315,0.122374065,1.0018415,1.091579,2.4831834,2.2898915,0.32245237,-1.3861402,-1.4159818,0.14787968,1.7056403,0.3015997,0.58327836,1.5208114,angry
-419.9231,39.73011,-6.0325313,19.897732,-2.8604193,-11.164401,-2.5482707,-5.2299676,1.5356096,1.3783878,0.5500075,7.862638,-1.6233724,5.6150837,0.7221954,-2.2198591,2.2560718,-1.116367,0.36137208,-1.3015847,3.4082868,-0.7503922,5.6118937,6.0065,5.01657,9.874543,4.062435,6.6347604,5.195889,4.3075204,6.4009633,7.18342,5.3325715,3.5609348,3.900974,5.123793,5.4497094,5.4023,2.4988124,2.7243712,angry
-352.39304,28.10836,-12.748097,17.729156,-8.453262,-13.687288,0.4513899,-6.060003,0.45706835,-0.84524053,-2.378079,3.7337947,-3.990166,4.0118766,-0.4864204,-2.2077076,1.8875551,-0.29306436,-0.7682702,1.1898419,3.5646174,0.7817391,4.987832,5.4376574,7.603494,10.56162,5.3572598,8.099673,6.988936,5.351268,6.574611,6.050647,4.0100923,2.8219304,1.258238,2.7738967,2.9604445,4.2618413,3.5501885,3.0822234,angry
-342.096,16.245117,-24.158785,8.627106,-12.676297,-13.717668,-7.738459,-16.52994,-0.32708022,-4.304187,-5.7915487,0.49973986,-4.216602,1.9810276,0.3082572,1.3392739,2.2933755,1.157421,2.3267832,4.477067,6.056558,2.67439,0.6934176,3.7394984,2.952301,3.037287,1.7457365,4.405183,5.1105366,3.6520433,1.4393357,3.7221422,3.419373,3.1365092,-0.012006665,0.104754016,3.836225,5.15236,2.146746,0.90103585,angry
-358.80728,23.144539,-19.902998,13.42794,-8.353949,-12.326613,-5.731493,-15.886889,0.18460603,-0.9353129,-8.496338,2.9903908,-4.073771,-2.68637,-2.2987833,-6.5738235,2.0519543,1.3962382,2.4790618,4.6544576,3.5311947,8.173074,7.1705065,11.100121,10.513833,7.60991,5.64285,6.5816565,3.5793726,1.8960365,1.9105997,4.8067403,4.112142,2.8617764,2.88281,1.707729,4.7791557,4.575241,2.7881906,0.5280295,angry
-633.18195,51.797104,-4.0223665,16.643894,-1.6822072,-6.770926,-14.960393,-11.764649,-1.3759024,-3.0038023,-4.6225395,5.6554236,-2.004334,0.38806063,-1.5080098,-5.321172,1.7207284,-3.0915244,-5.718935,-3.8929017,-0.6080403,-1.5660689,-0.28138164,2.1319659,0.68807,4.956187,-0.9695334,1.3130693,3.7915568,5.3115177,6.4202123,9.668835,7.5959873,10.525478,8.664836,9.522807,8.337391,5.7909107,6.66571,5.2590513,fearful
-620.30035,48.522453,-10.643862,12.005729,-4.7405524,-14.727357,-16.3711,-13.183697,-3.5643096,-5.5241566,-6.79574,0.52482206,-10.407222,3.1423397,-6.3431644,-3.0294864,-3.370109,-5.3346767,-5.6137047,-3.9203455,-1.2861116,-4.826854,1.5564752,1.3311927,1.0822146,3.0288017,0.3152525,3.3022227,8.4843025,8.353167,11.209419,11.281242,6.7761097,6.199215,6.4195786,9.842364,5.652501,3.2368822,2.4633062,3.8043904,fearful
-641.2222,44.9021,-1.8051707,13.246278,-1.995456,-12.347168,-13.757676,-8.834966,-7.1025114,-2.6726964,-2.9018424,0.36192563,-6.247967,2.5093334,-5.9337683,-1.9495358,-0.6390061,-1.8679606,-6.812545,-3.7707376,-1.7741523,-3.508602,-0.15304364,-0.2904327,1.0017427,0.28903192,-0.09840646,-3.0256436,0.56947064,0.70534104,4.742571,6.8565216,6.774222,5.892446,7.2325816,9.648809,10.108651,7.8616376,4.3838434,2.2511685,fearful
-630.6801,40.29082,-1.5823634,7.3816204,-6.161233,-12.837459,-18.45214,-11.041925,-8.843941,-9.344937,-4.325199,-3.5180683,-6.0467706,-3.2026253,-7.170943,-4.4997897,-5.7257133,-5.39821,-10.525426,-5.5910063,-3.6102626,-7.239695,-3.6223195,-3.8792627,-4.267385,-2.2824621,-4.092046,-3.765147,1.2031149,1.0017537,3.9222374,5.4334087,4.0522285,3.7353923,6.3285856,6.9429817,6.6843576,4.4437275,6.1371956,4.8651123,fearful
-467.9197,28.99494,-22.00595,4.920743,-13.396005,-18.371746,-16.309412,-14.035899,-11.626091,-9.710607,-5.241602,-1.9917396,-4.627581,0.90651363,-4.611551,0.4392517,-1.2550187,1.6733876,5.2128944,8.745206,12.883132,3.6459596,1.829339,2.206328,3.1410916,7.193131,3.1371634,0.16120665,4.3311014,3.2350626,5.142956,2.8840334,-0.6137689,-1.011743,3.8509703,6.470366,5.28865,2.1893785,1.9939945,3.727408,fearful
-509.76047,27.314543,-14.162319,5.6376433,-15.23234,-17.672998,-7.410618,-9.225288,-11.267187,-4.0356503,-10.194166,-2.3722274,-1.0920049,-2.0607939,-0.20590854,-2.7292962,4.7678256,2.951234,1.9727274,2.1095438,3.6926177,4.3151984,11.443152,13.343164,9.115043,7.0250363,0.1433106,4.211179,3.5980413,1.9681251,1.191954,3.0019255,2.7707036,2.5578065,4.2670283,5.984941,1.4923306,0.10622578,0.5361152,2.5373018,fearful
-426.22128,19.214418,-20.096958,5.8389263,-13.317664,-20.684023,-17.495869,-14.276889,-9.58545,-9.143154,-5.1418753,-4.9232826,-6.391497,-1.6463954,-3.9581819,1.749403,2.6280327,4.315438,4.067027,5.7896323,1.9779087,-3.015155,3.0071783,3.833691,2.695197,1.5240588,-0.8005187,0.39967558,3.1943438,0.020215757,0.20901215,1.2181599,1.0871242,0.8752027,4.7826767,5.5405855,3.4895396,-0.41914278,2.3615866,2.944731,fearful
-443.53574,20.374254,-19.745783,1.1643362,-15.870999,-16.191189,-16.22213,-13.449935,-6.8863626,-7.434102,-2.346153,-3.9256558,-3.3409286,-0.19269115,-4.923561,3.4094615,6.2615056,8.766378,8.870835,4.849371,1.8904532,-1.9545621,4.1852937,5.177891,0.7489501,1.451033,2.1646478,4.020136,2.7774177,1.2921171,1.2313992,5.457376,2.9425604,0.47081065,4.355108,5.3946147,1.7495021,0.051417872,2.7956843,3.1143534,fearful
-672.06744,47.470146,6.4142575,14.833902,-5.3080783,-9.304441,-6.758882,-1.189792,-4.6004286,-1.6713865,-2.2755902,-2.177459,-1.0846717,0.41044995,-7.318612,-1.6244327,-3.6483793,-1.6185695,-7.0804987,-2.1607456,-4.8970494,-5.8043604,-1.2919956,-1.5535369,-2.9508739,-1.4606117,-4.269572,-3.9435763,-1.630055,-2.7357326,-1.8884209,-2.616137,-4.446828,-2.4247124,-1.5990968,-0.3748999,-2.1333158,-3.937753,-2.7577393,-0.9854638,disgust
-640.1434,55.025036,1.783597,16.35628,-6.792615,-11.269388,-8.037198,-1.0002809,-4.475963,-2.3977642,-1.8660651,-0.9441445,-4.3671956,2.0325525,-7.7770653,-1.3947121,-3.895689,-2.4611108,-7.6125374,-3.2579808,-3.5601938,-4.3126483,-1.0237132,-3.8135476,-1.5274887,-2.9146888,-5.0966554,-3.367084,-2.0907376,-1.2058058,-0.9883166,-1.1492748,-4.382155,-1.2978072,0.14822622,1.7465997,-1.0647099,-5.235273,-1.7920191,0.057434104,disgust
-701.98956,62.761166,11.801169,16.425886,5.1283283,-3.8067615,-7.866311,2.8985977,-1.0133337,0.25437388,0.5247476,2.9847498,-0.9499266,5.105791,-2.970856,-2.1212354,-0.41544187,0.10966314,-4.911577,-4.4119225,-2.5422118,-4.9174247,0.6200912,-1.0196179,-1.7672889,-0.9258521,-2.7580862,-3.3378203,-1.2408364,-0.6172267,-0.6634095,-2.6225574,-3.6481216,-3.772838,-1.1712358,1.1055763,-0.36209425,-2.8061678,-2.2930279,-0.90028816,disgust
-660.6913,51.331978,8.337528,16.416716,-5.4266667,-10.168981,-4.3778124,-3.1627915,-7.915019,-1.9839417,-4.199914,-1.3851992,-2.8979182,-2.0539346,-2.7084186,-6.267272,-1.8362849,-2.522893,-7.519944,-3.1391232,-4.951701,-4.670045,-2.0361753,-2.184741,-2.5256872,-1.6730772,-3.44969,-3.109175,-2.0554812,0.5000832,-2.6742146,-1.4978343,-4.1007075,-1.6319206,-1.2917355,-1.2687522,-1.477186,-2.9344387,-1.8314085,0.6429874,disgust
-526.5148,44.48506,4.465836,18.339153,-14.482466,-9.653538,0.6912721,-7.6656756,-8.333932,0.38638222,-6.280715,0.09967399,-4.354471,-1.234684,-1.8769915,-5.492565,0.35987025,-4.4822645,-5.840049,-2.7709208,-5.036915,-3.8710313,0.11696325,-1.6917763,2.0637245,1.00528,-0.5775046,-1.4599493,0.9520569,3.5556796,3.501935,4.667153,1.3287926,2.3625586,4.1394405,3.753836,3.6376193,2.095131,2.966812,4.306463,disgust
-566.5156,51.843723,11.372265,21.847229,-5.8895793,-9.905673,-0.32045966,-1.7683967,-7.1329093,4.985214,-3.292522,1.7111017,0.7615751,0.21270342,0.98853403,-2.8846931,1.120045,-1.6822556,-4.449093,-1.8273793,-1.7330711,-2.976713,0.32302627,-0.7450282,-1.3349954,2.2900746,-2.2106602,-0.09098582,0.55439913,0.43890613,0.37577185,0.6959301,-1.7747993,-0.844497,0.2303557,2.4191825,2.1092305,1.2133205,1.6491971,3.5659962,disgust
-571.8279,60.18019,16.917067,22.655184,-5.052366,-9.316488,-3.1551695,-1.5862724,-10.081414,2.6718674,-3.2462652,-1.0405344,0.36851037,0.33753896,0.1226201,-2.2045815,-0.20039229,-2.9334295,-4.273512,-2.1309955,-2.744606,-5.4166975,-0.35635266,-2.6656697,-0.81712633,0.29414535,-2.8728032,0.067180395,-0.013826612,2.7330625,1.0705216,0.68860817,-1.9902685,-1.8240187,1.5478748,2.0796428,-0.4576163,-1.78694,-0.6810108,1.0355483,disgust
-571.9759,51.179077,16.043608,15.61695,-7.3047347,-11.156524,-1.9409508,-6.308223,-11.330558,-0.6984322,-7.070918,-1.6959023,-4.8907475,-3.0591507,-2.9994485,-6.5733104,-0.8039446,-8.103568,-6.665373,-3.9379015,-6.1347413,-5.7043953,-2.129239,-3.505075,-1.7414913,-1.1577473,-3.4586701,-1.4599502,0.032765012,2.9585092,1.2309715,0.8226008,-1.6757346,-1.0639694,0.528073,1.8499231,0.4535801,-1.5671154,-0.86671185,1.0813559,disgust
-626.84326,64.10092,2.0466008,16.713062,-4.450568,-6.5786242,-11.052749,-4.007892,-2.3739274,-7.2427206,-1.927049,-3.3223634,-5.9726553,1.4141545,-6.7065644,-1.522784,-2.0273216,-4.761231,-3.405708,-4.0085135,-2.3358698,-6.9218554,-0.06474244,-1.7546535,-1.2885207,0.044617724,-2.0104358,-1.5483241,1.1486356,2.6642842,1.3132908,2.0823092,-0.5957205,-0.7808716,0.19725552,2.6676378,1.110868,-0.58425653,-0.8696224,-0.7194433,surprised
-600.5005,57.666733,7.096482,15.829932,-6.145362,-9.097262,-7.270278,-2.0752592,-5.0026455,-5.0385838,-2.165922,-3.2705188,-3.1374795,0.31534234,-7.387663,0.3816048,-4.2427006,-2.1836486,-5.8792057,-2.6190364,-5.171272,-5.990257,-1.480369,-2.5507662,-2.7925096,-0.35385475,-4.0923233,-1.9682722,-0.33933657,0.856876,0.8119718,1.4970989,-1.8636208,-1.5071733,-0.15276727,0.6040883,1.2804395,-0.4353305,0.3742205,1.6496465,surprised
-622.3253,67.07848,9.319533,16.737747,-3.216686,-6.030435,-8.241136,-1.8525747,-3.035264,-5.0598636,0.925627,-0.3572721,-5.934905,2.2879543,-6.330952,-0.8594506,-1.1923578,-3.6983042,-4.2835865,-4.548435,-3.5153792,-7.2411823,0.34909534,-2.208957,-1.3298696,-1.2210573,-2.898393,-3.1163464,-0.69100785,-1.3020699,0.5302633,0.60886025,-2.87337,-2.189993,-1.1620984,0.69333726,0.69935006,-2.0566506,-1.0369505,-1.0544095,surprised
-613.0395,64.253555,5.918977,19.615286,-4.0095243,-5.752255,-8.478243,-4.115452,-3.2322283,-6.929661,0.3192159,-1.0350889,-5.234078,2.432573,-5.6012874,0.9680642,-1.0098292,-1.4347161,-4.3693347,-3.4828372,-2.6979218,-6.6714964,-0.4795906,-1.991909,-1.5004332,-1.4588317,-1.7133805,-3.5316188,-0.5662591,-1.1904905,-0.7593486,-0.021790365,-3.3768473,-2.783341,-1.5258462,-0.43135193,0.21402086,-0.30090442,0.09809557,2.0569174,surprised
-481.0398,47.51983,-0.49358374,10.21198,-8.217637,-11.2784,-12.911418,-7.93468,-6.301511,-4.364403,-4.5179367,-1.9175706,-8.525362,-1.5161291,-3.415311,-1.8500057,-1.1539397,-5.4103765,-2.494643,0.945532,1.5530083,5.2958837,4.280542,4.642564,5.7528934,5.8651886,2.88829,6.2290306,4.1008005,5.7126675,6.4156375,4.874783,1.4743553,0.008844484,2.2024767,5.538943,3.5921597,3.0462008,2.8321717,3.3249452,surprised
-580.59705,48.52184,6.0480647,16.168291,-5.0880327,-10.697555,-8.587412,-5.337429,-6.0274086,-6.7786617,-3.978169,-3.75112,-5.7634807,-1.7545601,-6.6860757,-0.101294175,-4.0287743,-3.0678167,-4.997324,-1.6712399,-2.5871649,-4.8792853,0.0026994797,-1.5761827,-0.9836084,1.9309176,-0.74474263,-0.29971606,1.9556228,0.32500023,1.745042,-0.152547,-2.9121544,-1.1447761,1.2333994,2.3719819,1.7706125,-1.1424932,0.64735097,1.1852059,surprised
-514.16797,42.36775,-1.0040717,10.778065,-7.367251,-12.644314,-15.18607,-7.5457153,-6.444826,-8.610241,-2.7226105,-4.2582912,-5.6302886,-0.93179154,-8.6971245,-0.049505457,-3.1001709,-0.96811664,-0.08681954,-1.2523135,1.4676045,-1.3611449,3.9044719,4.635499,5.9780254,5.270207,1.8421066,1.6150404,2.6636274,0.68361276,2.6097858,3.5406132,0.20988521,0.8019475,2.7757883,3.850133,3.6295881,1.4527731,0.9235894,1.223628,surprised
-573.3147,46.848057,4.4224877,12.262733,-6.9265456,-10.1811905,-9.866903,-5.10585,-4.9742427,-7.7146645,-2.0002813,-3.0088804,-7.5432186,0.20648865,-7.805587,-1.9177856,-2.7253108,-2.9844217,-6.724586,-3.7463458,-2.3398988,-5.4799976,0.6113202,-0.9170285,-2.0356662,1.7051538,-1.4028711,0.15816511,2.7105916,2.3256536,3.3430395,2.9783506,0.63680434,0.5568404,2.6771426,2.6218686,2.8967452,2.5807734,2.492398,2.71931,surprised
-675.61633,60.059315,9.481594,22.731098,-1.0104924,8.002314,-7.620191,-1.8399067,-0.40629092,1.4561284,-3.6257386,1.7784587,1.7654151,-1.4114246,0.707342,2.3334186,2.1966913,2.2891815,0.114503615,2.167427,-0.080839515,2.8883064,1.3419552,3.958265,3.4403615,3.8423884,2.6400998,2.4242442,1.9354224,4.3092356,6.879685,7.256836,4.8589716,5.3539586,5.9401145,5.131393,3.2162871,1.5014464,1.103103,2.6155756,neutral
-664.4366,62.84364,7.227554,22.929354,-2.4549859,7.1595836,-5.891767,-2.2494988,-0.7801704,0.7798533,-2.1400197,0.6177265,0.84609276,-2.7379928,-1.1300237,2.2416224,3.475772,1.4136764,1.5763041,-0.69004124,0.23947048,1.9678248,0.13852961,1.831141,1.8728956,3.9784858,4.734488,4.4793406,2.6192253,3.473785,4.951526,7.1110044,7.146297,6.424634,4.570992,4.1861134,4.3077493,3.3827856,0.6308691,-0.017261008,neutral
-666.2536,59.85496,10.241116,20.422897,-0.6358086,5.5935106,-8.833572,-4.547258,-2.8941956,-0.37727576,-3.6332195,1.3918241,-1.8923666,-2.0390582,-0.7501593,2.1414487,2.8607428,-0.57064,0.46044353,-0.23214531,0.42679355,3.135041,-0.7037074,1.1017299,0.015888298,0.5139745,1.9041724,4.75823,7.1057744,8.211768,7.9143558,6.7351637,3.5076838,2.9176366,3.2841833,5.111723,4.1991014,3.5933015,0.05965329,-0.4036733,neutral
-658.8855,59.848846,9.0564,20.25951,-0.07293318,7.187347,-7.1514134,-3.763439,-0.9855967,2.220697,-2.442763,3.2417846,-1.3960439,-1.5148098,-0.9386615,2.9517367,3.0116725,1.7335224,1.8022865,-0.22487146,0.9445848,3.2815278,0.6143231,0.5962575,-0.18683793,0.7933277,1.7614754,2.3517437,3.6465635,5.9639406,6.8546224,7.225833,4.2982426,5.492147,4.5651937,5.7173576,5.104094,4.0505595,0.9563607,0.5630568,neutral
-687.9516,67.6149,11.245123,23.262403,1.1902529,8.083827,-5.56458,-3.2770145,-1.0998904,1.1759139,-5.353663,0.42560974,-1.4168589,0.16915102,-2.2776754,0.8314719,2.1049647,2.6159806,2.0530891,0.9203817,0.93693,1.8506755,-0.30685094,2.8492405,1.4734534,3.1014128,3.5987964,1.4901836,1.5150818,3.4176548,6.412246,10.011819,7.9949656,5.0924044,4.004804,4.0251703,3.8392217,3.8766127,2.4572506,-0.17606975,calm
-701.5358,61.44667,14.5310335,21.224693,2.6371422,8.235839,-5.648635,-2.2788148,-1.6133841,1.1511959,-7.641895,2.375447,-0.46636346,-0.09054494,-1.8000239,1.0435786,2.687877,2.993929,1.7885603,-0.35755798,0.10985955,1.8891135,-0.8773671,2.113928,0.8994467,3.481429,4.082503,3.65972,5.2753634,7.4266415,8.332849,10.296102,7.5083513,4.715441,3.260186,3.9023936,3.0223594,2.6609468,1.5689452,-0.05634798,calm
-688.22314,62.502567,19.29961,20.956944,4.7560945,9.746793,-6.6207433,-2.9874794,0.36179096,0.47433254,-4.519135,2.7835662,-1.4159781,-1.3478854,-1.8346416,2.0050054,3.53008,2.3780258,2.0738955,-0.69653666,0.9840714,2.1559858,-0.94184726,1.3057534,-1.1510034,-0.3966301,2.752568,3.8456829,5.8051395,6.284791,5.4331927,6.3011723,5.911475,5.874033,5.546146,4.4928083,3.2095034,3.8696067,3.2639894,0.78379214,calm
-700.646,61.72759,12.321372,24.550695,3.5531342,9.113766,-6.653597,-3.2625003,-1.8789656,1.1290027,-5.6425834,2.9157505,-0.36954793,-0.3293373,-0.19942793,2.5596876,2.827738,2.4011548,0.8385509,-0.13909802,1.4503995,3.6790307,-0.27316284,1.4041877,0.09203223,1.4081241,4.7723346,6.7002664,7.753931,10.014314,11.117258,8.714538,6.141737,3.9183135,4.297026,3.0204582,0.8180764,0.65968496,0.2881931,-0.28324527,calm
-691.8652,61.45869,12.390936,23.880766,0.9358978,9.457012,-2.0850675,-3.1102254,-2.2607625,1.3428594,-6.632244,1.390223,-0.8769379,-0.26374254,-2.9103422,3.0579786,3.844875,2.1574855,0.4939807,1.2827766,1.9116986,1.2770725,0.1518072,1.3542851,0.38251805,3.5411735,3.759834,2.8756816,1.5576,4.3376517,6.051915,8.20667,8.24346,6.7044992,2.9437544,3.38193,3.6611764,2.4891198,0.9014918,-0.036933288,calm
-694.44946,60.536057,12.290043,20.735355,0.7196304,10.568483,-3.0178149,-2.1289783,-1.3821326,0.04026769,-7.570847,-0.8486531,-2.0484746,-0.117167614,-5.0922985,2.0002494,2.3992937,2.515952,-0.5026643,1.1701165,1.2510862,-0.72568786,-0.9487589,0.9604857,-0.41725445,0.88560236,3.059641,2.2685497,3.2694864,7.319817,9.300436,10.863709,9.774991,6.745185,4.977782,3.6619847,3.9890597,3.5623014,0.95740217,0.8800982,calm
-695.8063,60.62599,16.482964,18.949541,4.1657047,10.778931,-3.4265943,-3.2463968,-2.0498836,0.009405268,-6.989404,-0.1627008,-2.064403,-3.0551388,-2.546375,1.5462373,2.431499,2.2142959,0.0636263,-0.6211698,1.8184309,1.2784777,-1.298453,1.1419591,1.2083707,2.236979,4.5334554,4.8410754,4.960573,7.4075646,9.365021,8.972634,7.7752357,5.5043855,3.744934,3.412834,2.718835,3.147129,1.0021435,-0.443528,calm
-692.32245,59.271435,13.266707,20.25587,1.5801854,8.422317,-7.0211577,-0.57653236,-1.7754273,-0.9771669,-8.167978,-0.5144485,-1.0422306,-1.3063495,-3.3920002,0.6992785,3.3142169,3.2992814,0.8901789,-0.20441349,0.11001395,1.0721178,-2.034557,0.14782609,-0.6604935,0.355252,3.2871747,3.3295183,4.9661303,9.341265,10.251883,10.01224,10.171789,7.5529222,5.4912047,4.2176414,1.3245382,1.9483552,1.1296835,0.26332736,calm
-629.9453,53.331886,-6.3373256,21.676674,-1.4679784,4.0929933,-8.246712,-0.38337258,-1.3566257,-0.04958224,-3.4226375,0.3944289,-0.03755672,-1.7104448,-3.2092288,0.40325418,1.4451351,2.1826065,1.3439467,1.7010254,2.729721,4.000016,3.27999,3.159461,2.3033543,3.0908475,3.1801293,3.3841841,4.191143,5.1523743,5.437172,3.7748334,2.6550705,4.473142,4.8921022,5.1457443,3.6356485,2.1380641,1.2129354,0.9603262,happy
-627.2172,47.35957,-5.439069,24.221476,-3.9929347,2.522174,-6.3118815,-1.5140752,-0.3988439,-0.094722375,-3.9723446,0.49796033,0.36770853,-0.4589953,-3.715682,1.5062448,0.47400758,0.96387786,1.8329992,0.38924205,2.0369115,2.9717417,0.43811458,0.62205774,1.1816478,2.6598685,2.4063277,1.9317734,2.5329015,4.726914,4.716026,4.42716,2.1565535,2.4198866,4.9567423,8.4517765,5.440094,3.9338574,2.536626,2.1534367,happy
-642.00916,53.732147,-0.13101147,22.47433,-0.40936592,1.6860008,-7.518517,-2.4313338,-1.3304244,-1.9679413,-3.4699936,-1.1222899,1.7804404,-1.7748277,-4.401067,1.1313766,-0.77725065,0.28286052,2.0003912,-0.75201255,1.9232614,1.1748759,-0.9398209,0.07542513,2.4336662,4.5800467,7.3246226,6.2009244,4.9390006,3.9533882,4.319987,6.5194306,5.516859,4.3703585,1.8162297,4.2329655,4.5424447,4.370247,1.1019098,-0.75884503,happy
-614.99426,45.829155,-8.966299,19.736242,-1.3075086,-2.5882494,-10.737273,-3.77822,-2.4881835,-2.4492896,-2.3852448,-0.87957156,1.5461311,-1.7557936,-2.9642057,1.2070464,0.9651751,2.1693907,2.2688437,-0.65580755,0.5943773,1.0658945,0.06995806,0.656279,4.203647,5.470248,5.6973047,2.0609589,2.838151,5.545217,6.924248,6.115287,3.0047739,3.042247,4.410457,6.15318,3.9165938,2.2441368,2.0671294,2.3833375,happy
-525.4947,40.54577,-23.970516,14.979149,-9.906133,-3.1699572,-9.734317,-6.1033325,-1.8005239,-7.7531543,-5.25919,-0.9014922,1.2521774,-2.258622,-3.0167944,1.1728638,1.4214993,3.91392,6.638731,4.5798907,9.833057,11.090585,4.9163074,4.0872493,3.7395966,6.923198,6.6949763,3.740808,2.4128838,5.8338475,9.318786,7.4404173,3.9043784,3.1140175,3.2952976,5.353397,3.2703505,3.0126941,3.356417,2.396227,happy
-533.4958,36.334656,-20.304722,19.726645,-9.57094,0.24169847,-4.4169164,-3.0023859,-2.3148491,-5.132479,-3.570699,-0.98928964,2.0620742,-2.3071303,-2.212628,0.59420604,0.40603116,2.6636863,4.0731273,2.2230382,5.3855815,8.295007,5.5223603,4.4542804,5.6822906,4.7995057,4.4891405,5.103533,5.452146,6.9257884,6.3858004,5.5226054,3.746517,4.9252295,5.282616,6.5448375,5.736687,4.444763,2.6808305,1.8560449,happy
-510.90546,35.282585,-23.249247,17.244118,-9.884073,-6.076588,-11.969973,-8.042319,-4.1034274,-10.037776,-4.6377554,-3.8846233,-0.29055908,-3.7722232,-4.8709517,1.1249415,-0.2384594,1.3319072,3.5229943,0.98834634,5.437193,12.100782,12.984481,13.388328,10.882741,6.1571207,5.9764395,6.1874146,7.03662,6.20098,5.4676733,4.2787185,3.8956008,3.570253,1.7237527,2.9706247,3.1447434,2.542726,1.0788676,-1.4733036,happy
-525.28845,39.12192,-24.71743,14.282377,-11.3382845,-7.2071176,-12.530657,-9.055009,-2.763434,-9.950369,-7.13084,-4.657018,0.07922444,-2.7064724,-2.899654,0.7633193,-0.8434385,2.8019168,5.104876,1.6975946,6.95725,10.580269,9.364544,7.7524905,5.935898,4.428406,5.440067,4.0612354,5.53568,5.690744,5.7821026,4.3055887,1.5965117,2.6325688,1.2315624,2.4760568,2.08095,1.9218789,2.9403164,0.7127005,happy
-706.24347,58.534477,13.019988,20.873655,8.240026,6.8838377,-3.5844593,-2.4664128,-1.1597188,0.44780788,-6.6871552,3.0705807,0.1901378,1.7280378,-2.1636662,2.414623,3.467946,3.5404732,3.3913884,0.39475915,1.7776085,3.7734334,3.2965548,1.8192768,2.8846138,4.223691,6.1435084,7.142036,8.182504,11.02277,8.66723,7.7169366,3.3060544,2.4517193,1.6717367,2.956883,2.8096724,1.8402836,-0.2525351,-0.43534768,sad
-710.06476,63.82598,11.534364,23.225824,0.8693858,8.159876,-4.2767234,-0.026927665,-2.486236,0.17094703,-2.65744,2.1550946,0.32913384,0.81109476,-0.8751107,2.1612883,1.8729262,3.8892994,0.12414988,1.5901068,-0.3187201,1.6304228,-0.5816581,-0.11652754,1.0899681,1.8314314,3.7712739,0.8663054,2.2285423,4.35205,7.9554334,11.317929,11.119622,6.3539457,3.6883867,2.8174913,3.3562534,3.6789043,2.5870528,0.3922069,sad
-711.3288,58.44378,13.650483,20.230541,6.425074,7.7855463,-7.0938044,-5.67562,0.714343,0.45269537,-2.50406,0.7678337,1.7156149,0.47732443,-0.541973,3.6524565,1.668417,2.5967991,1.8056473,1.4677532,0.3546894,5.073545,0.4831141,1.8108984,0.8619335,2.8708084,6.3640895,6.9492927,8.969692,9.728836,8.105911,4.3302436,2.890782,1.1774248,1.2227424,3.0022013,2.9710345,0.5588289,-0.2156168,-0.22422197,sad
-703.9717,64.09321,12.90797,20.423443,6.0703955,5.75021,-8.746075,-5.227868,0.23428018,3.4886615,-7.5715566,3.0430117,1.0408547,2.11947,-0.8054805,4.3044343,7.5709014,5.152862,3.0782435,2.7276034,-0.85351884,4.820267,1.1452283,0.5761597,-0.55415815,1.2236449,3.9187841,2.9844372,6.496941,10.109932,11.510489,10.698001,6.0148315,2.5755596,1.1731571,2.136082,4.353221,2.6692624,1.461503,-1.7551459,sad
-620.0803,54.2479,-9.866307,22.590471,-0.7324291,-2.9858973,-17.932732,-9.573599,4.2604628,-7.8356595,-5.1848764,0.59359145,-0.0486668,-0.650517,-2.924401,4.068202,8.984692,8.418685,9.559836,4.694452,3.4879751,7.033144,5.9285192,8.92372,7.045713,9.275219,4.1651382,3.0569232,3.6963737,4.441653,4.0263534,2.9058375,2.2617288,0.027354123,-0.25529158,1.8198127,0.8523971,0.6460605,0.5172961,0.4475429,sad
-617.4877,52.473698,-5.7896476,21.769138,-1.3812584,-0.10695059,-15.364343,-12.673313,2.6413326,-4.25037,-4.042415,2.216758,0.58828163,1.5512853,-3.1535423,3.2028594,6.6388173,6.0070105,7.853124,6.0127506,7.2214937,10.859444,8.419721,6.368049,5.124456,7.641087,4.16689,3.8208,1.2069846,1.2103401,2.2728639,2.2742705,1.2838371,0.65830636,-0.71301264,-1.7106272,-0.6068381,0.80299556,0.9318242,-0.26848227,sad
-648.13214,53.74082,-2.8609676,19.97794,0.965185,1.8495404,-10.217444,-9.46102,5.17614,-6.5893226,-3.1430767,1.4486758,1.2381741,-0.27732792,-2.4559937,2.7155917,3.151693,2.9408898,8.0300865,6.8425508,6.295928,9.319393,8.2474,10.268896,7.484217,7.473711,4.0746775,2.5513725,3.2117212,2.889904,2.3199513,0.20457065,1.8319466,1.6824483,-0.3065218,-2.0285673,0.45426503,2.982388,2.009916,-0.6103226,sad
-618.9332,61.52515,-4.53756,20.466219,1.2907847,1.7045276,-20.71584,-15.621432,7.71396,-6.1900535,-6.7993426,2.417077,3.0048182,2.6787043,-4.46513,2.6555808,6.8851657,4.784861,9.288718,6.3551526,8.320184,10.186012,8.590628,7.6795454,4.5945425,6.4690824,2.2288554,2.5717313,2.303243,3.510171,3.7526202,2.9118192,1.6164446,2.560914,-1.6182191,0.10245231,0.42483324,2.4342415,1.8070561,-2.2941031,sad
-554.0096,47.29982,-7.164441,12.93831,-8.710193,6.3835034,-5.02716,-4.94929,-2.176205,-2.9022639,-4.185074,-0.96210307,2.675848,-1.3730989,0.82930565,1.0496887,0.0116277505,3.8479216,0.31788787,2.5063663,3.634668,5.830717,4.562206,4.5317245,5.4188533,6.303697,8.037134,7.8799243,7.3807254,7.019877,5.042227,3.5415385,1.4795604,2.9883924,3.4878387,2.9970906,0.45300215,0.38089988,1.1315852,1.365313,angry
-529.75775,41.65054,0.39562485,10.127595,-13.623538,6.936498,-1.8798707,-5.1095204,-5.3849983,-1.3282932,-3.0800316,0.01893371,0.03280601,-2.098844,0.5990121,0.4168365,0.008825471,1.8266784,0.7176812,2.3888075,2.5541031,2.1744156,1.2551347,3.0813725,6.130318,6.616549,5.7832837,2.9056304,1.4398202,6.054507,9.078067,8.477927,4.6141653,3.1777303,2.631396,3.0514631,3.8926756,3.7356296,3.5085278,2.0448139,angry
-591.0041,45.681488,7.1286235,10.843018,-5.9665647,8.171857,-2.5377967,-6.539771,-3.5683475,-1.9493604,-2.003513,0.02358337,0.39548874,-0.26797822,1.618956,0.81625396,0.17946622,3.2690537,0.94827735,0.17103514,-0.74069077,0.16325273,-0.31438392,-0.18226935,2.8202617,4.613327,6.044291,4.025992,1.8848312,1.773089,4.9116483,7.6096873,6.660471,5.778863,3.1654577,2.2690094,1.5468751,2.214855,2.5595105,1.9762603,angry
-573.5733,43.539616,6.623586,10.678473,-7.9829183,5.3072023,-2.5650814,-7.988894,-4.463923,-3.9334738,-4.6783257,-1.2688638,-0.67896926,-2.6551373,1.2676951,-0.9704271,-0.29642934,1.9891129,-0.9994349,-0.6208202,-0.033294134,1.4126847,2.7805905,3.3161464,3.373058,4.5257745,4.9915094,3.9555664,5.65506,6.0879693,7.1287065,5.274681,5.0554776,3.403281,2.4560907,2.8276706,3.1469967,2.449554,2.9194846,0.938323,angry
-458.7658,39.59697,-15.655078,2.417141,-20.78552,6.035269,-4.5253153,-10.091788,-3.7772834,-1.8770015,-2.224078,-2.4243727,-2.2713273,-1.0187726,-1.0041022,-0.36891186,1.2063022,5.69147,8.895066,9.138939,6.6171846,6.5532866,5.8776083,6.6341305,5.942388,6.4580665,5.6706047,4.5685225,3.0287614,5.38465,5.257263,4.6569443,3.8369224,2.5338123,3.1893241,1.9883506,3.0963304,4.76257,4.303342,1.2466409,angry
-367.506,21.277977,-18.957977,4.7420697,-20.596365,2.1676974,-2.8332114,-7.3198895,-4.0988097,-3.937531,-4.4829617,-5.183475,-4.0705004,-3.9112885,2.0791018,3.7964373,3.6616216,8.069978,7.7859735,8.315284,8.465964,4.9919715,3.069617,1.4647108,3.6753528,4.510772,1.3284628,2.0022733,2.2658112,3.3233786,2.6137002,2.8392112,2.9810393,2.353306,-0.26393813,1.6323955,2.9634266,2.5560982,1.3225499,2.463612,angry
-481.32034,27.431067,-7.1388483,1.9407977,-15.684286,4.6080074,-7.017095,-9.016397,-4.351372,-4.214254,-2.7202222,-2.3751767,-0.9297135,-5.319069,-3.181958,-1.437043,-1.3265967,3.9542263,3.9034226,6.361359,8.229663,7.3778253,5.2564836,6.814882,9.397046,9.59454,6.504895,0.23170449,0.42562887,3.0021396,4.723296,3.3388586,1.574864,-0.28930643,0.8184786,3.375283,2.0217164,1.8130603,1.2412448,2.175739,angry
-466.16107,31.221342,-9.10247,7.0849776,-17.789295,4.3269258,-6.2726,-10.518155,-5.1982193,-5.6713853,-2.8086762,-2.8954928,-2.0509253,-3.421046,-0.67475766,1.0778776,1.6438015,7.153255,6.4232755,6.65105,6.812449,6.8267536,3.6809664,3.8902397,3.9653804,4.48949,3.6630185,1.40303,2.147013,2.8826928,4.5857067,3.984733,1.3452598,2.212323,2.708563,2.8266773,1.78152,1.6967903,2.0835466,1.8286998,angry
-519.0303,37.38812,-24.494923,12.622947,-10.084097,-1.6251451,-15.994805,-9.971674,-3.0813637,-9.039434,-8.1537,-2.0180402,-0.030008636,1.4376898,-2.8510299,-0.94518083,7.438876,9.191559,8.216855,6.0637455,7.838313,9.500311,6.410491,3.4970706,1.2750967,4.395644,4.346449,2.7526083,2.5334568,3.233599,5.101698,4.931148,4.3277164,2.5790365,0.9914636,1.8780147,2.1789434,2.2671814,2.9700727,2.813692,fearful
-533.0774,51.208717,-16.792637,16.707506,-4.6659875,6.4132266,-8.739046,-8.03371,2.6564467,-3.375827,-6.7878623,2.7657993,2.5162778,2.5878067,-0.7632267,1.1736329,8.551892,10.946499,10.659769,4.5843086,4.234214,5.8483515,4.954147,7.2971387,9.209807,8.490666,4.2138906,2.0463388,4.320993,6.0238557,5.456017,4.46435,4.0481396,3.1122816,2.6205022,2.9557292,0.6423183,1.5629414,2.16911,2.3344312,fearful
-514.99475,47.97035,-22.581896,6.687417,-5.22401,-2.165028,-19.789095,-11.813791,2.519556,-8.202626,-7.6026645,-1.8736342,1.780324,1.9650087,-3.07341,0.36269367,7.4670672,6.9079623,6.7440557,4.3802414,6.405743,9.436675,7.0716677,7.350226,7.4607263,5.0490413,4.7066708,2.589296,3.5916836,4.161673,3.736553,4.239255,3.6020308,2.9902396,1.5879782,0.88766086,0.88892126,1.5657698,2.092474,1.4128251,fearful
-560.9031,42.46135,-12.372368,11.546339,-4.551971,2.7204494,-10.347402,-10.678829,1.7677441,-9.21134,-3.8870106,-1.9402447,1.5089972,-2.234729,-4.7001796,-2.2748375,3.4392936,4.6867085,5.593788,3.7705648,6.9675417,7.8595233,9.232235,8.48222,9.665828,6.1513944,3.8794923,1.3167224,3.1907678,3.5827699,2.1599221,2.4027462,2.3379488,1.1175832,0.13747704,-1.0493965,0.30913994,1.3336143,1.0348682,-0.08690114,fearful
-436.50394,15.385096,-18.847277,9.849294,-13.40505,0.39619458,-9.413585,-7.399835,-0.39684227,-2.517418,-2.7490187,-0.8844749,-0.6559204,-0.4886856,2.6258729,10.872094,17.10421,17.60063,13.910767,3.9080863,1.7505579,2.5333936,0.524314,-0.9228134,-0.69611305,-0.74506867,1.4292924,-0.18370926,1.580035,3.5280073,5.931451,5.030907,3.9091628,4.6263585,3.1735759,3.2614598,1.9344382,2.3790953,2.2212975,1.0317905,fearful
-439.9933,15.065162,-22.765717,10.238274,-17.221815,-0.5818263,-11.509506,-8.12344,2.8971505,-4.410565,-4.103738,-1.3635262,0.42192218,2.58379,7.61149,15.197179,19.71929,14.836186,8.84245,1.9546845,-1.2688756,3.8036647,-0.30309156,-2.1731262,-1.6748952,0.558004,3.3117466,1.6227468,5.6208196,4.478349,4.5718994,4.419506,5.616356,4.317247,2.168096,3.1936755,2.2088828,2.4360008,2.0184407,1.7520014,fearful
-454.8928,20.049515,-19.67316,-0.091133386,-13.467144,-1.082907,-11.595386,-12.863616,-3.4017813,-4.346934,-3.479796,1.9086105,6.1853957,4.8387985,7.546617,13.737974,17.23007,13.872286,8.995668,0.053648796,-2.0934944,1.2532536,1.4244038,1.2047116,0.83455443,1.1742929,2.1989691,0.21809125,1.7814144,3.9057121,5.0483246,4.600639,5.220902,4.436687,4.247735,3.8601584,2.989528,3.3970714,2.1221137,1.0454301,fearful
-441.88562,18.402462,-18.01058,6.205606,-13.897189,2.2299411,-10.249106,-10.8787985,1.6176893,-4.1658916,-1.7237569,-0.39177427,4.042815,0.7723176,4.1602397,10.805688,19.360018,22.684372,18.75956,6.8121433,2.5232174,2.439379,3.31527,1.3516616,0.4587491,0.7979944,3.7068775,0.94740856,-0.5287697,2.1944318,4.641024,5.67171,3.9561992,5.86225,5.455002,3.1622872,0.64678687,3.8215375,2.966779,2.8238225,fearful
-664.2096,61.06208,10.803685,16.827936,2.3218687,7.2460575,-5.0944343,-4.0180855,2.1532815,1.6033446,-3.4343047,1.3344151,0.35944965,-0.45646426,-0.8921627,0.17634542,2.0745518,0.51886284,0.7626988,1.0665448,-0.06627056,2.270676,-0.9600483,1.6492759,1.6722648,5.634584,4.9392285,3.9272287,4.1109548,4.64034,5.2824354,6.0119605,4.8661966,3.184507,0.6114999,2.450647,4.038083,4.332322,2.8532057,0.59558433,disgust
-664.56995,69.052155,6.834153,15.071578,-0.42666286,3.9483938,-10.010922,-5.129296,-0.03221651,-1.1205015,-4.073907,0.30058962,0.58581483,0.056209475,-2.2640786,0.086263776,1.7899061,1.0675303,3.2441585,1.931923,-0.6001745,1.6697742,-0.14602867,0.8168707,1.0012388,1.2217969,3.1511123,3.1876216,4.383631,6.8868804,6.0686865,4.526019,2.7538784,3.6479297,4.0131803,5.6902323,5.3772616,4.763151,3.4165993,0.60458213,disgust
-655.4,59.761436,13.32091,13.096299,2.6944187,1.5685686,-10.547541,-6.766013,2.022058,-2.956635,-2.3868854,-0.8891319,-0.43764508,-1.0576591,-1.716451,-0.16500308,-1.100931,1.0323434,3.1589932,0.09297594,0.11027424,-0.042071052,0.36029974,0.22057551,0.351165,1.736582,3.1717105,3.5097117,4.8043957,7.966137,9.717709,9.370029,5.8930445,5.687331,3.249751,4.592455,4.268714,3.3530629,3.1097004,-0.31870973,disgust
-673.45807,54.375584,12.298835,15.444631,3.120023,3.1555092,-5.471644,-6.2028675,1.5363866,0.17350037,0.7008038,-0.07735182,3.0139377,-0.8856491,-0.11731831,0.8583155,-0.06367506,-0.3171767,1.1575836,-0.15635906,-1.6467575,1.1932646,-0.107597016,1.835287,0.09373422,1.1218293,2.6901731,2.7954016,5.89686,7.2571735,8.660883,8.273249,7.3915434,5.360131,3.9244032,3.4058735,3.3754923,3.1626296,3.311202,2.0787263,disgust
-595.47107,47.961857,2.798767,13.159903,-2.8032937,2.1249304,-14.705366,-7.7607446,2.1298244,-0.56626296,2.805956,2.1448777,1.1151733,-2.581153,-2.5152483,2.485497,0.3012458,0.30853596,0.8241441,1.4665382,-0.10547735,0.4854661,1.7503322,1.6439166,3.5554395,3.1993437,3.4510584,4.996414,4.8035192,7.203147,7.2422256,5.992084,4.0598536,3.7071164,4.016139,3.9589126,4.7630997,4.1570244,2.5129642,0.6283051,disgust
-628.39514,68.10328,3.06904,16.793007,-4.646979,-6.4296336,-10.418339,-2.780385,-2.9118469,-2.6698687,0.35990626,-2.7971625,-0.48582911,-3.3203225,-4.741709,0.00780247,-1.7285913,0.6680753,-2.609413,2.2334452,-0.20921902,0.6235187,0.13084236,3.181533,3.9678643,3.126347,5.642036,4.310699,5.5823536,5.2384415,5.5656013,5.6346655,5.3706965,5.5740757,5.314533,5.0401173,5.840245,4.122704,2.9207287,2.3813412,disgust
-646.4801,54.113853,10.932192,15.72249,-0.55624604,-1.066343,-9.9245,-4.7567625,-3.8667889,-5.5159135,2.4611373,-3.2667537,0.41379285,-2.158534,-3.7146034,1.3348978,0.35291433,0.30402437,-0.0038851632,0.12204565,-0.3058786,-0.56825507,-0.1165173,-1.7648971,1.4701871,0.20845988,1.5003755,3.5776377,7.5486784,9.612871,9.070936,7.2461967,3.712607,3.8266802,4.864149,6.0216575,5.7527537,2.8458393,2.8017201,1.2557647,disgust
-616.0964,46.414993,8.567894,12.676897,-2.8922613,-4.9787917,-9.428087,-3.5114717,-1.037547,-3.7935665,3.879362,-3.3486137,-1.5060552,-1.9820269,-1.5636352,1.233067,0.18500496,0.95223784,-1.3672107,-1.5240433,0.123200774,0.7456368,1.3396137,0.1549851,1.8211259,3.9236205,5.2816725,6.6767488,7.4842763,7.9499116,8.752804,7.273778,4.6318274,3.5083795,3.89608,3.9329016,4.688451,3.687522,0.5317562,-0.6752961,disgust
-604.69885,47.62078,-0.21826889,13.660572,0.76890504,6.2763124,-12.075324,-4.650282,3.7645369,-1.8230691,-4.4965396,2.4037964,1.7786196,-0.6422159,0.5559853,1.0360346,1.6080716,4.3821797,2.7352593,3.0294416,1.7214124,5.9306073,3.6525855,3.1907744,3.6954026,5.4451537,5.1753855,3.2014258,3.2917001,5.395542,5.769714,4.913252,3.349713,1.9652939,1.9795346,3.0097396,2.8152008,2.1826303,1.7294247,-1.0584823,surprised
-598.9187,46.86702,-2.6084301,10.573729,-4.1669545,5.8526506,-11.877091,-5.227615,-0.4404686,-4.0628242,-6.165323,-0.13394715,2.5492165,-1.7544147,-1.6154702,1.3631606,-0.19214524,2.6782298,3.0298712,3.6785455,2.018294,3.8768873,2.850689,2.917335,3.650416,3.2820425,3.629218,2.4192173,4.120035,6.03502,5.6143703,3.5870092,2.3680649,1.4307795,1.4893006,3.5016894,3.7580693,2.130236,0.6812823,-0.194271,surprised
-579.1822,44.87122,-1.5855955,9.719535,-1.3423262,3.9782195,-11.736321,-5.5693097,0.59619206,-4.394433,-5.3505445,-2.6248162,3.8365388,-1.8196675,-1.0949639,2.7922313,2.961275,5.9913783,3.859467,3.7578604,3.261246,6.0797877,2.770567,4.083555,5.2450037,5.60072,4.7928815,3.8413126,5.783271,6.35952,6.1778646,2.547774,1.9925383,2.4457242,3.0946202,3.0923371,1.640465,1.85478,2.2659311,0.91081876,surprised
-612.6469,50.381058,5.695516,12.791489,-3.0911744,4.5541625,-8.12594,-6.9153333,-1.1061525,-3.2551634,-6.2983565,-2.4594707,1.7071482,-1.7818295,-0.9280307,-0.104570076,-0.9495173,1.9838072,2.089848,2.4761777,1.3808601,4.3838596,1.9835486,2.2348306,4.5052476,5.3061852,6.9713507,4.9589205,4.518182,4.979761,6.348946,6.8885837,4.1304264,1.821325,0.08841222,2.6449242,3.3541818,4.1638737,1.8841273,0.36613786,surprised
-539.91504,41.68193,-9.272518,9.467772,-6.1417584,3.804753,-14.308715,-8.595615,2.0140097,-4.6647964,-7.0293946,0.38639012,1.1268041,0.39309502,1.6864784,3.8144958,4.8858337,6.5000033,3.282931,4.6180186,4.128132,5.124311,4.09786,5.4295225,4.0506124,3.2286386,2.8802118,2.1089127,2.88124,4.097251,3.1027734,4.225687,3.5299497,3.859962,3.9213219,3.8414886,2.9504175,3.5347364,2.324493,1.3398912,surprised
-535.8865,44.529606,-7.1502767,7.394227,-7.844006,4.514613,-13.234266,-8.517332,0.5709661,-5.0884514,-6.456405,-1.1930734,2.3385775,-2.9097228,-0.07795564,3.225502,3.1094642,6.932059,5.266999,4.4050765,3.5432785,5.609122,4.2587624,5.616967,4.418635,3.625905,4.971129,2.5214682,2.2362685,5.3383574,4.9030538,5.4308314,3.0038466,2.8748806,2.9827108,1.664605,1.1888313,2.3767014,2.2927554,1.3775535,surprised
-562.7249,41.813663,-6.237424,2.6079648,-8.717842,5.3529506,-8.912226,-8.7057705,-2.4508173,-1.7039418,-5.0169096,-2.68855,0.84492594,-3.666599,0.3346031,5.6935453,4.855333,7.2271643,5.2856894,3.8519073,3.4513085,4.002283,3.2973928,2.0250676,3.769912,4.760697,5.494248,3.621788,3.156275,5.3245177,3.772218,3.6044242,3.5281813,2.8064067,1.7359012,2.8022559,1.7992328,1.6503723,1.6797744,1.3074023,surprised
-554.5034,40.45689,-2.2494164,5.254514,-4.8867397,4.7627187,-13.096655,-10.386803,-3.2802293,-4.118488,-7.762322,-3.5126674,2.8682606,-1.263359,-0.12965184,3.775962,3.5029645,5.1387243,4.168691,5.2571163,2.1017432,2.937454,2.3167856,2.316772,4.6674857,6.703619,7.351384,4.581642,3.1553926,3.1559508,4.619689,4.6939564,3.5141802,1.4657607,0.41287115,1.5177473,2.215548,3.165906,1.6897689,0.3731073,surprised
-711.93854,84.47294,20.713331,34.659397,14.278368,8.016778,3.6378934,8.124225,6.168628,1.3290112,7.258134,6.8178325,3.359993,6.3431625,2.5552042,7.430425,-0.10317632,6.2490253,4.192737,0.91352266,-0.7337314,1.9434278,0.8294913,2.959391,1.0411994,1.7850025,2.1304154,1.1834804,2.1994417,1.0128062,0.7448107,2.2836757,0.5642626,-0.7557447,-1.6797746,-1.2022022,0.44509435,1.017985,-1.466765,-2.1962924,neutral
-754.2237,71.66486,12.041866,23.46696,6.711652,3.7336733,-4.5226855,3.5672247,2.26262,-5.9297256,5.5068364,1.4674826,-1.4500343,2.7159405,-2.9935946,4.174844,-5.3677893,0.61563325,1.0134245,-2.8897808,-3.1216133,-1.9731411,-2.7886689,-1.498196,-1.6296033,-2.806903,-1.4125338,-2.9422784,-1.788,-1.715426,-2.2919676,-1.8668242,-1.7407657,-2.1449237,-2.724438,-3.9822435,-1.5465697,-1.1901003,-2.0056632,-3.6182601,neutral
-747.8991,62.36638,14.375798,21.802433,7.370563,4.1588616,-6.6477294,-1.8841999,-0.1456175,-5.088656,-0.14675006,0.36383516,-2.0376668,1.3571475,-0.98732126,1.5313184,-3.0660949,1.2570534,0.0942957,-3.314957,-3.4214742,-1.3246771,-3.1418679,-2.2564516,-2.538996,-2.5776026,-1.2450196,-2.8225508,-1.9829494,-2.551895,-1.712583,-0.48098347,-1.3177943,-1.3719847,-3.2478814,-2.5099816,-1.7707036,-1.0645124,-2.3287694,-3.8278992,neutral
-745.8363,66.400154,11.739508,22.733086,4.897445,4.0091233,-4.8998313,-1.6121842,0.39852914,-4.4838595,1.6626986,0.40140542,0.6649313,1.1046672,-0.10270998,1.996747,-4.281565,2.324382,0.08982914,-3.31187,-4.0533047,-1.0199707,-1.5500613,-1.2302029,-2.4292428,-1.2333689,-0.64343625,-2.326386,-1.2568005,-1.2859185,-2.1253943,-0.99429125,-0.8123178,-2.0882943,-2.1936584,-1.8896867,-0.92377657,0.09276079,-1.6393865,-2.2338665,neutral
-744.55975,65.96747,12.693823,23.429281,10.944884,0.92493206,-6.4972854,3.768717,1.5262703,-3.0324433,2.5466418,-0.34463283,-1.412913,0.15736006,-0.8477442,2.2854922,-5.42839,1.4736396,1.1267798,-3.6601562,-3.2938347,-0.55375135,-3.1396334,-0.3911685,-1.8874645,-1.0483744,-1.1376985,-2.5959165,-1.3085048,-1.0371816,-0.8946475,0.13214752,-1.673481,-1.6536433,-2.7564135,-2.221548,-0.2766562,-1.0998924,-2.7948527,-2.42258,calm
-694.2649,55.74149,4.8724976,31.34895,5.444684,-3.1751945,-10.112463,4.454239,3.6061702,-5.7547684,3.4791908,-0.43098223,-1.8770626,0.74387795,-1.6604121,4.1452847,-6.5777297,4.7950077,-1.0345589,-5.048858,-2.7256124,-1.1731083,-1.9793136,0.7527178,-3.7482102,0.083275974,-0.75997865,-1.5140456,-1.9917967,-1.9166242,-0.363768,0.17096129,-1.0088686,-1.3171283,-3.3777382,-2.6559732,-0.02293925,-0.51685023,-1.7313206,-3.0180848,calm
-661.5897,60.683537,9.121994,22.745607,-0.9602534,-2.6259673,-5.8099456,-0.08274015,0.26092738,-3.6447444,3.7424703,-1.0821092,-1.002998,-3.2062342,-0.33914846,-0.9050276,-5.8644047,5.310307,-2.5271916,-4.8355823,-1.3995098,-1.9633129,-2.7976465,0.09200748,-3.4707308,0.16471465,-1.0927262,-1.1707444,-2.4374244,-1.8681719,-0.5605734,-0.49820203,-1.734734,-3.0516388,-4.3152213,-2.7763474,-1.2348654,-2.5464542,-1.4311155,-3.0480223,calm
-726.9539,64.214096,16.445452,24.432556,11.972161,5.8014727,-6.9115806,0.53327805,4.471453,-1.1697572,3.2156513,2.1114478,-0.5559136,2.6327043,-0.9758469,5.172796,-3.9626634,1.4329388,2.5466025,-2.865026,-3.9162705,1.0684224,-0.8992049,0.6444288,-0.87314004,0.14261939,0.9073602,-0.6459518,-0.44568926,-1.6886752,-0.8276917,0.0807666,-1.327092,-1.2619288,-3.2162101,-2.3969045,-0.60860795,-0.8129934,-1.6665685,-2.7390873,calm
-786.4341,60.048504,20.912626,23.82798,12.093813,5.3115683,-7.66942,5.944363,5.373718,0.03444334,7.1294208,2.2476783,-0.086043224,3.192574,-0.8760322,2.7444444,-2.0778942,2.5381129,0.27713513,-2.8574538,-0.5863373,-0.22884053,0.31234407,0.9578299,-1.4441109,0.76499885,0.59430575,-1.2449431,-0.59991,-3.7601514,-1.4988395,-0.19275148,-0.764552,-1.4799525,-3.725241,-2.3818536,-0.83360064,-1.9115827,-2.1097176,-4.4811735,calm
-753.0483,71.759575,26.84082,33.153595,15.992023,6.697965,-7.1953063,5.3925314,1.0654204,-1.1869262,6.67171,-0.380761,-0.16335964,3.0531423,-2.7480488,2.357271,-2.9944744,3.0504365,1.0604789,-3.4514368,0.21440509,1.2070642,-2.2118433,-0.30526328,-4.2283225,-2.5057192,-1.7793336,-3.9967806,-2.3294225,-3.1070268,-1.4374528,-2.5206099,-2.7068572,-4.4170585,-5.3743467,-3.682205,-1.2669717,-1.6000289,-4.606934,-5.7725887,calm
-683.5331,74.95144,16.085272,31.79449,8.335152,1.5505913,-8.235906,0.93448865,3.5993373,-1.9870136,4.570219,-1.779539,-1.2089872,0.626829,-2.181614,0.69089794,-4.695936,3.0950477,-0.7752703,-5.3839703,-1.6972116,0.09269565,-1.996188,-0.328671,-1.961186,-0.062502936,-0.5898669,-2.7508395,-2.7618487,-2.23563,-1.5835408,-1.505624,-1.5884097,-3.5745103,-5.0920076,-3.6249554,-2.6686819,-2.34559,-4.292601,-4.818509,calm
-736.6548,67.45952,14.941294,20.75033,9.231387,4.362815,-7.811941,-0.4704293,0.34888768,-5.8723707,2.108346,1.6675662,-3.203691,2.3526998,-0.06624399,1.6916251,-3.6729867,0.25576365,1.1633534,-3.4397035,-3.8206851,-1.9832932,-2.0092425,-0.04520669,-1.8504578,-0.75925934,-0.21481444,-2.3564692,-0.94581264,-1.6735688,-1.9977415,-0.62028426,-1.3010807,-1.588142,-3.3324382,-2.3148315,-1.0388848,-1.8410892,-1.9482508,-3.1267197,calm
-675.96234,92.419426,5.977367,24.476261,13.842498,-2.1817808,-7.8658147,-11.236149,-6.147049,-0.7819277,-2.0642047,2.947649,-3.8867376,-4.4368615,0.89866084,-2.7683558,-5.2146335,-1.2288944,-5.673193,-4.2918606,-6.739865,-3.2041337,-4.5641937,-1.5562112,-2.6513336,-1.6024739,-1.6833253,-1.1550245,-1.0061493,-0.20853323,-2.8022287,-1.3748441,-0.2944137,-1.235562,0.102703296,-2.1787806,-2.1777306,-0.46048352,-0.3752151,-0.055066664,happy
-651.8974,73.850006,-2.7424698,24.500872,10.091737,-3.6967404,-6.158336,-2.8905227,1.7482839,0.00907089,-3.5284111,1.2305825,1.8560449,-0.29982588,0.8874912,1.9768013,-4.324863,1.1710103,-0.79478097,-3.2401104,-1.9872973,-1.2614346,-1.1189495,-0.4824443,-1.7188098,0.048204783,-0.8654488,-1.0999763,-0.5993546,-1.836538,-1.6816932,-1.9888808,-1.353638,-0.25891164,-2.3860283,-2.152775,-1.9146271,-0.6008466,0.3772892,-0.97264427,happy
-691.4655,63.872597,2.68612,19.86084,11.360118,-1.2347916,-7.5734415,-4.330877,1.2136897,-5.048911,-1.2559022,0.46876234,-2.079864,1.6797616,-1.6757851,1.2199878,-4.03487,-0.2304822,-0.6324383,-2.536009,-4.7151036,-0.2921818,-2.1705267,-2.0899127,-1.2187275,-0.7532762,-1.0684224,-1.2044715,-0.7966512,-0.58922523,-2.1702821,-2.1806214,-0.9796985,-1.0736758,-2.0232832,-1.2745163,-3.105301,-1.0891634,-0.78812855,-1.0097669,happy
-634.553,59.43253,-6.8306093,19.908773,5.6845317,-1.9351826,-12.018165,-11.3452835,0.8177181,-3.201112,-7.120602,3.300067,-3.0854394,-1.3055764,0.16446091,-1.3912644,-4.8076277,-3.0681863,-1.58343,-5.497816,-3.541746,-1.3358582,-2.5011191,-2.6285825,-3.0426736,-0.35179195,-1.8190116,-1.5351819,-0.4131638,-1.1670998,-2.274392,-1.2630996,-0.7529284,-0.16454159,-2.177959,-2.514557,-2.5838244,-0.9005296,-0.16411637,-1.9906771,happy
-464.0358,50.07544,-21.816149,9.924962,-2.3462055,-19.245369,-11.66675,-14.066962,-7.2478623,1.2871304,-7.8322644,-1.9595053,-0.92921466,-4.9876175,0.46597916,-7.1434083,-3.1169493,-2.890041,-4.832633,-8.2117605,-5.2498426,-5.1031427,-2.3084846,4.600584,6.5050974,10.948745,6.6474266,6.741441,4.2380905,1.8773354,3.4373524,4.2861676,4.1638794,3.7238615,2.3034952,0.8596932,2.3896842,3.1627638,2.1613493,0.9158903,happy
-458.48257,74.23992,-24.730867,13.897383,-3.6051462,-24.94677,-11.215833,-17.476995,-11.244088,0.65125793,-10.439358,-1.8224864,-2.43574,-6.081218,-0.4658617,-9.223288,-7.292537,-1.9308114,-6.6428614,-9.691875,-4.605141,-5.077778,-2.3482416,4.930683,6.401669,10.627173,6.1458926,5.198471,1.4950643,1.4562621,4.271483,6.5613995,4.8191237,0.92307967,0.20645294,1.2831258,2.4762218,2.7718287,0.24989593,1.1038376,happy
-453.36295,33.00445,-16.648249,10.5064,1.1189069,-12.938014,-8.506454,-13.947225,-5.1864705,-3.6090076,-6.3889685,1.1406777,-0.13119335,-4.1967688,1.4985077,-5.4886327,-6.3868303,-0.44063973,-5.4094663,-7.0671,-5.7467356,-1.7349495,-0.5780406,2.3424606,6.230392,10.521568,8.005295,9.81024,6.1600614,2.9718149,2.0557568,2.9598775,4.903392,4.3120303,2.1026046,1.0246605,1.5978615,2.5606923,3.40399,2.0099802,happy
-487.62222,54.347603,-13.062537,11.798514,2.9758658,-9.74764,-12.571965,-16.780914,-6.7785993,-1.7838247,-6.7804513,2.9281633,-2.0831642,-3.9178574,0.26111212,-9.503581,-2.8806806,-1.476467,-4.339213,-6.0252686,-4.23922,-3.6705148,-5.040086,-4.141453,-1.8541747,0.83428085,0.6569711,6.0791593,6.347953,5.62416,6.608531,5.0671034,2.6840627,1.8312252,2.3988645,1.0098795,1.5527414,2.4950693,1.7836095,1.3961188,happy
-779.79193,66.472336,12.70321,27.717136,14.418486,8.139205,-8.749678,-3.9371562,2.805413,1.3702382,0.7218868,4.030173,-2.084988,0.93803,2.0842829,-0.11398519,-0.06994008,-0.14726043,1.2801698,-1.6363313,-3.1083572,-0.13004392,-2.549137,0.6670719,-1.5380567,-0.287271,-0.9842443,0.0069973166,0.6832514,-1.4109669,-0.50504476,-0.42250988,0.41659048,0.97828734,-1.7818886,-2.099837,-1.2573633,0.38565886,-0.53755546,-2.0016592,sad
-804.82355,50.9757,10.340183,18.895334,9.5812845,3.1908126,-10.591317,-1.5276034,-0.21360344,-0.20591943,0.014474772,1.3999071,-2.2669978,-1.7137884,1.1884844,-2.0723028,-1.2335746,1.6923383,-1.523749,-2.3007135,-4.296531,-1.1066636,-2.3304317,0.085071646,-1.8280329,-0.53813756,-1.2757894,-0.25794467,-1.9929711,-1.1841925,-1.4512537,-0.19032563,-0.41707337,-0.65081066,-2.7275295,-2.5988848,-1.4400003,-0.39640656,-1.4557754,-2.1831841,sad
-778.85034,49.798153,13.448522,18.311996,10.510566,8.717078,-8.40376,-4.45507,0.51208836,-1.1094106,-1.9597247,2.708283,-4.5776844,-1.045728,2.039526,-2.242285,-2.1340828,-0.06455502,-1.1862885,-0.91643816,-6.0761137,-0.6305961,-3.388189,-0.8139649,-1.3353176,-1.9041504,-1.2359139,-0.21145701,-1.5707877,-0.85001403,-1.5537784,-0.9410251,-0.3993942,-0.2584825,-1.8595071,-2.3342936,-1.6973109,-0.95152414,-1.0781304,-1.8810773,sad
-797.99664,61.03246,22.627333,24.729914,14.175503,11.420586,-6.169796,-1.8586732,5.516909,0.8596443,1.7804624,4.172791,-4.4049993,-0.35642472,2.133459,-0.08750629,-0.8875045,-0.3925373,0.40454853,-1.096336,-4.5593386,-0.946123,-3.177348,-0.71977013,-3.5706394,-1.4791577,-1.8555423,-0.79125917,-2.4856703,-1.1621002,-0.8328152,-0.42490357,-0.25349873,-0.34477967,-1.3504407,-1.0019654,-1.0829511,-0.0029107365,-0.64501965,-1.5142711,sad
-686.6556,75.9298,5.6944876,28.172812,11.037248,-2.722588,-12.729453,-8.388947,-5.9822516,0.91447836,-10.339275,2.4079735,-1.52898,-2.6807501,0.4842951,-1.7158217,-3.1159482,-0.7293947,-2.9178557,-1.319472,-4.5111036,-1.6354889,-3.333269,-1.4876121,-2.887161,-0.13533463,-1.5430216,0.015016093,-0.3124333,-1.420233,-2.0818212,-0.51340747,0.18356705,-0.15468957,-3.2108831,-3.2679553,-1.8814433,-0.01862705,-0.16659553,-1.9246217,sad
-668.5294,65.41401,1.6715374,30.465755,12.835409,-6.251799,-12.883896,-4.309999,-4.9496737,-2.034714,-11.099881,-1.9078526,-4.0731673,-0.53326064,-1.0394113,-1.8757825,-4.561951,-0.5858165,-1.9175055,-2.5982616,-2.3316302,-1.089115,-1.9002907,-0.66687244,-1.6277533,-1.0765817,-0.46847275,0.3641492,-0.39107916,-1.3566691,-1.176793,1.1920809,1.1874627,-0.52784723,-3.1180007,-3.0469625,-2.5245519,-0.7661354,0.1738561,-0.764572,sad
-688.1969,63.91162,4.491282,25.481415,10.796787,-2.561152,-13.876259,-8.087854,-4.3293533,-1.5411464,-14.199689,-0.84665126,-2.7606971,-2.6692874,2.1897163,-2.9857416,-5.8110614,1.1659169,-1.6910995,-4.405249,-3.2600682,-1.8504837,-0.5257263,-2.4445143,-2.4040089,-1.0668548,-0.71745104,0.19169486,0.09096133,-2.172897,-1.4247667,0.49070463,0.8932993,0.90272903,-1.4224939,0.9911994,3.8321013,5.481802,6.616475,3.364358,sad
-677.653,75.6684,10.033505,32.703568,12.106179,0.6789091,-12.622754,-9.916603,-2.4232545,-1.0837506,-14.235837,1.35054,-4.7013526,-5.5111194,1.4576149,-4.1033473,-7.3918314,-0.32094443,-1.941644,-4.3600755,-5.203502,-2.549369,-3.010402,-3.9956694,-2.8179166,-0.9018884,-1.9276533,-0.40814108,0.89311373,-0.66116136,-1.4860666,-0.4659133,0.6453462,-0.0042507355,-3.0989542,-2.5975604,-1.8247695,-1.231851,-0.5564895,-1.7848754,sad
-697.6368,65.3442,-0.40449402,27.688372,11.616007,-1.8236396,-5.203822,-5.6680145,-0.62888086,2.1718013,-4.130431,3.4357605,-2.4656982,-0.35130402,-0.21002515,-0.75565284,-3.9929097,1.8239907,-0.7879006,-2.5193532,-5.166175,0.71865237,-3.3107512,-2.290095,-1.2669942,-1.1906202,-2.882237,-1.1967975,-1.2754601,-0.96439254,-1.6918983,-0.3715022,-0.19345145,-0.12760712,-1.9620837,-2.8822455,-2.8881001,-1.762998,-0.8316469,-1.6466793,angry
-656.6185,61.46717,-1.3786163,26.042786,13.205348,0.6707453,-6.0657716,-3.6573071,1.6018192,0.7000403,-2.1457953,4.233047,-1.4370279,0.3455473,0.41947907,1.2209173,-2.597895,-0.6163486,1.423275,-2.3532069,-3.626091,1.0219542,-0.5629939,-0.30173048,-2.0223947,1.5309088,-0.7929104,0.70953995,0.53755,0.43148914,-1.0309979,0.5549614,0.30947775,0.14515689,0.4016037,-1.9707258,-2.093351,-1.0049471,-0.23875464,-1.0924147,angry
-572.4013,51.821682,-11.807502,22.183142,7.895957,-2.4702756,-4.8045144,-13.212944,-2.9982417,2.1314847,-6.03575,3.8890762,1.6019812,-4.246431,0.46044144,4.241553,-6.823631,0.64355063,-0.0642828,-1.765778,-3.7662795,0.7920104,-0.51705647,-1.6722015,-0.03224986,-0.15255383,-1.3746005,0.8228988,-0.29658115,0.9802283,0.5994088,-2.3380117,0.048820116,-0.024367264,-1.1069345,-2.2896962,-3.2790897,-2.762681,-1.2482793,0.20826034,angry
-623.54944,59.139072,-5.18498,25.427055,10.579381,-1.9246876,-5.1677647,-9.661212,-0.4896258,-0.4734116,-6.551919,4.1415234,-0.33138672,-2.4837253,2.590502,3.1426678,-4.3505216,-0.0704303,1.105855,-1.5323619,-4.974662,0.30283183,-1.1060655,-1.4143687,-1.8618519,1.5970005,-2.1275074,1.4882766,-1.6884139,0.0034444567,-0.5272795,-1.8551034,-1.6842622,-0.06173176,-1.5452528,-2.1651597,-2.0462868,-2.525427,-0.46555337,-0.21133175,angry
-345.64297,41.79148,-20.38424,9.531027,-6.0132046,-10.82231,-5.760735,-5.313442,-3.1545727,2.0336115,-1.2387956,1.0206349,-2.315298,-0.72239935,-1.0386035,1.4990693,2.9740772,6.561148,5.852785,3.7257073,5.709276,2.4158773,1.5826286,3.4401662,1.6288716,2.8591883,1.9966878,4.3323684,3.344844,1.493341,2.764247,2.2728353,3.0818076,4.442058,2.2531998,2.0057104,2.027394,2.1430452,2.4519763,2.8293183,angry
-361.20657,43.953186,-23.136116,9.424725,-7.2788315,-9.265688,-7.9869156,-7.3413033,-3.8167999,1.6983672,-1.0306427,-1.0503526,-0.87658316,-2.1278975,-1.9263214,-1.3749516,-0.17411624,4.0439725,0.16441785,2.3410068,3.9389467,3.8439455,3.8857043,3.6872308,1.6268305,2.58125,3.543232,3.821642,3.404358,2.838633,1.9033407,3.303003,2.8267596,2.965115,1.7560973,1.8996547,0.71968085,1.1118625,1.0725528,1.6368376,angry
-336.55838,39.681805,-19.79788,5.1779613,-9.185129,-12.544415,-10.2114315,-3.190721,-6.9096985,1.4806049,-0.60986453,1.066199,-2.5528615,-3.371427,0.4233506,-3.1550586,0.809664,5.949872,3.9724987,1.6164373,3.0552523,5.3241854,0.9325241,3.646943,2.0504882,2.6398904,1.6280179,1.6731225,2.1949146,2.6948442,2.6334968,2.8405135,2.934524,2.838116,2.5590806,1.8805923,0.91950786,1.5595213,2.7309983,2.500835,angry
-336.14172,37.784374,-22.307621,2.8134212,-9.9532795,-6.1349983,-9.961542,-2.6005898,-4.5461726,2.6685374,-1.0074965,0.39848363,-0.8918415,-3.339892,2.9373975,-0.8255332,5.6549735,8.372854,5.4576173,5.6129165,4.9520884,1.5670062,2.1433609,2.3976498,1.0447317,2.8611064,3.5494018,3.022601,3.0333092,2.1756322,3.2151358,3.5255647,2.3296473,4.162403,2.7137024,1.7062712,2.1124759,2.2109354,2.6656759,2.5882137,angry
-786.4024,52.38503,8.804213,22.514082,8.687656,3.8720963,-4.210833,3.0437918,1.7648938,-1.8167624,3.5512953,-0.038973115,-4.0530534,2.3892128,-0.6604336,1.2205731,-2.704994,0.93896013,0.80779994,-3.4923306,-3.2650309,-2.5803237,-2.0395317,-2.3063595,-2.3772445,-2.6900997,-1.6104436,-1.2561634,-1.7638595,-1.0715883,-1.8068851,-2.6364334,-2.1794715,-1.6081452,-2.192143,-2.0860894,-2.5262144,-1.3385606,-0.9810124,-0.93094903,fearful
-753.74884,52.012867,10.044064,25.22244,8.315037,4.2588124,-6.768723,1.6945099,2.6275272,0.56950015,1.8806584,0.14929166,0.47317857,2.9909003,0.11190649,4.1209497,-3.0247529,1.305067,-0.7256982,-1.2889574,-1.5952487,-2.3071349,-2.0699065,-0.50052255,-1.3682125,0.72562325,-1.883059,-0.8720998,-1.1683065,-1.3439493,-1.945035,-3.922715,-0.97905016,-1.4666126,-1.9601488,-2.844892,-2.6050327,-1.3495598,-1.6418396,-2.0643008,fearful
-745.5474,57.235836,16.87034,24.440287,12.031903,9.054937,-4.691264,2.380524,4.2744765,0.64522624,5.5306063,2.4245389,-1.4017398,5.4600616,1.6261355,4.257068,0.87896943,1.8129389,2.5947793,-0.14778234,-1.4274743,0.054440957,-1.4080194,0.0029664112,-1.1326208,0.009308473,0.5861655,0.2956019,-0.1702064,-1.4188268,-1.9274822,-1.4470257,0.16992378,0.4597298,-1.1755193,-1.1427189,-2.1948018,-2.050579,0.65964174,-0.797862,fearful
-777.7766,49.65803,15.891752,23.07158,5.350032,5.6124835,-7.1162734,-3.0018086,0.07387008,-0.19458698,1.5250472,-1.3073937,-2.6132507,1.2210315,-0.0045979107,2.210277,-3.3145394,1.0955064,-1.8739773,-3.6622374,-2.184686,-0.7359654,-1.8092861,-1.3022162,-2.1636202,-0.89624393,-1.3910974,-1.9684085,-2.259809,-3.342747,-2.4933326,-2.750757,-1.3120885,-1.6489198,-3.5355515,-3.8635688,-2.813728,-2.9688187,-1.9537395,-3.0853794,fearful
-569.6997,67.61833,-3.990689,30.536797,7.2696743,-12.9134,-3.8626723,-2.502231,-8.796381,-0.52372855,-7.220638,-4.614928,5.164471,1.5022129,2.519586,4.773074,-6.024642,9.35302,-1.6507381,0.039136775,-3.5725465,1.3965925,-1.4472103,0.1775309,-1.8101238,2.3625307,0.115192674,-1.3797609,2.160089,-0.13246942,-1.543957,0.14239962,1.9354821,-1.6198944,-1.2934512,-1.2894324,1.3411617,1.6517823,2.2898777,0.23733549,fearful
-677.7487,50.40418,4.6492486,28.707354,8.674151,-2.1785014,-2.281814,1.9053729,-3.4974015,-0.052247085,-4.7304344,-6.53784,1.3991718,5.099793,-0.057276703,2.3287878,-5.0197554,5.9510508,0.630223,-2.4881997,-3.8638344,-0.5949949,-3.569454,-1.8569951,-2.967782,-1.318059,-1.1549648,-2.4859977,-0.18835619,-1.3882463,-2.6425002,-0.65999204,0.08130292,-1.732653,-2.5491753,-0.72657245,-0.9429122,-0.5262723,-0.6396936,-3.198439,fearful
-554.23334,46.944134,-0.7686334,16.314968,2.400227,-10.151174,-2.88751,-6.751479,-9.6666975,-1.8237001,-11.226213,-2.5344484,2.4750957,-2.2162004,0.9724549,-2.1444235,-6.2280526,2.5385222,-3.0685046,-5.1776977,-7.216429,-0.3858689,-4.4890943,-3.7923133,-5.276388,0.641142,-1.5463144,-1.42735,1.6261761,-2.0165775,0.111187726,2.6348956,5.373612,2.9645596,0.3886296,1.5515796,2.26239,3.7616491,2.7186115,2.9643722,fearful
-518.38104,55.019775,-3.9117396,16.963196,3.765186,-10.737582,-4.9755235,-8.973361,-8.049835,0.397965,-15.286837,-2.8800626,2.0283084,-2.7404282,4.885697,-3.06357,-7.8749413,6.4193287,-3.782743,-5.004204,-6.981245,-2.4925692,-3.0533485,-5.7258635,-5.043631,0.43637142,-2.2801664,-0.781675,3.5111027,1.4237431,3.656985,3.1234844,4.80779,1.6706494,2.24046,5.025646,5.9199004,5.6867023,3.1997378,1.7263805,fearful
-705.3314,73.49333,-6.7087345,23.898352,3.081667,-3.7913556,-12.024473,0.20802562,-2.0148797,-3.0833337,-2.479114,-0.03929361,0.8437584,-2.3437536,-1.2592642,2.101627,-6.319621,-0.08655138,-3.3857949,-3.1409016,-5.064656,-2.5730228,-0.031782355,-2.1720996,-1.7803495,1.2455783,-2.05113,-1.8379185,0.27185512,-1.357227,-0.19417636,-0.0056667263,-0.11590417,-1.1523193,-2.1242738,-1.2573713,-1.5906694,-0.9137725,-1.6120964,-3.6266346,disgust
-709.35156,66.79347,-7.009172,26.131317,1.4309704,-6.4139304,-10.678756,-2.1261466,-1.0278109,-2.8504345,-2.9567688,-0.41902673,-1.2592783,-3.38592,-0.6311925,-1.2490661,-5.5052924,-0.15594307,-5.841668,-2.52751,-4.0274935,-2.2113755,-1.0032924,-2.0992637,-2.8926384,1.7000219,-1.9919901,-0.83086836,-2.121256,-0.80768037,-0.48434982,0.35065442,-0.55659646,-2.2991629,-2.5449483,-1.2440463,-0.5360798,-1.3526475,-2.2754433,-3.514865,disgust
-740.9988,61.119774,7.032361,25.064451,3.4742577,1.5019647,-5.345806,-2.5268018,-4.805357,0.1776421,-4.1173286,2.710653,0.31666362,-3.8977096,2.128436,0.45357364,-3.9172046,-1.3193017,-2.171939,-0.87891877,-5.357679,-2.4318016,-1.2086244,-2.2316875,-3.0096607,0.022533948,-2.2283833,-0.8442512,-1.4512684,-0.77569383,-0.6830564,0.3292568,-0.73940384,-1.1632636,-2.9805603,-1.276843,-0.78976965,-1.5588183,-2.4765484,-2.4445539,disgust
-663.73254,63.33749,0.2983445,31.398972,2.222579,-0.85750216,-18.755455,0.015729845,-0.7067617,-3.55377,-0.8225973,0.4770686,-0.046024434,-0.20132343,-0.9200591,1.3630137,-6.135105,1.3129208,-4.588121,-3.4442809,-4.1464515,-2.8280063,-0.7448799,-2.2433896,-1.3238804,1.0384185,-2.0121443,0.51829976,-1.3562919,-1.6210284,-0.21235357,-1.35959,-0.521228,-1.6964133,-4.17223,-3.706926,-1.9793519,-1.1756833,-1.2535146,-3.0734937,disgust
-685.05316,68.56861,-1.6051627,22.289167,-1.924447,-3.584399,-3.6391573,-1.3205415,-7.431783,-5.82512,-4.7443666,1.7057723,-7.0804515,-2.2546406,1.084635,-2.619403,-1.0555755,-2.5081246,-2.6537821,-0.9273876,-4.547433,-3.011483,-0.60007685,-2.9213676,-1.8653293,-1.928355,-2.6215215,-1.8193926,-1.240774,-0.45746183,-2.0258355,-1.5478469,-0.213327,-2.0288196,-2.4704735,-1.5095216,-2.195793,-0.7650635,-2.3148959,-1.984901,disgust
-639.964,67.13034,-1.1203675,26.369635,-0.55609566,-5.101351,-1.01107,-2.1039515,-6.7987237,-2.7552114,-5.576586,2.768733,-5.0581446,-2.6775668,1.0361835,-2.0325916,-3.016469,-1.1565611,-2.529286,-2.9762788,-4.1944666,-1.7577126,-1.0203705,-3.3970933,-1.9453292,-0.7305956,-1.880571,-1.9227773,-0.5619698,-1.2091683,-0.5230347,-1.1383541,-0.3588981,-1.6909037,-2.851744,-2.5235064,-1.2991827,-1.6224275,-1.9577076,-2.8453858,disgust
-630.8514,63.68118,-5.629473,25.467497,-0.220067,-0.68186605,-4.9859505,-4.810743,-5.455439,-3.3200862,-6.0589986,-1.0509528,-4.066664,-3.5741293,1.9565697,-0.2931812,-7.3785834,-1.7077959,-5.001083,-3.3898914,-5.0408926,-3.2625954,-3.0372872,-4.849593,-3.6781633,-0.6940355,-3.810124,-1.9276807,-1.189431,-2.1530964,-1.7307912,-2.3766894,-1.5217077,-2.8975704,-4.1194544,-2.3853092,-2.6386335,-1.6236624,-1.8672253,-3.191543,disgust
-617.2821,76.90006,-11.312605,22.823164,0.48114532,-5.4826684,-2.660691,-7.226158,-3.6460917,-0.82845515,-7.8346086,-1.0960925,0.8281999,-3.470058,1.0761464,-0.71817404,-5.555944,-3.9016528,-2.9476628,-2.809295,-5.9370294,-1.4042122,-1.3607246,-3.1702306,-2.707656,-1.4223427,-3.1681798,-1.889374,-1.9001498,-0.99029374,-2.0373058,-1.8149223,-1.304853,-2.2548985,-3.763511,-3.087755,-2.97185,-1.9844626,-2.8294797,-3.630697,disgust
-737.3625,73.21749,14.311633,25.470947,12.915806,6.378246,-0.68545514,4.8036494,2.7895546,-0.151049,4.6102715,3.0929902,3.2361042,3.7002087,2.123579,3.051136,-1.0685045,4.643616,0.6877466,0.43822277,-1.4799839,0.4006497,0.04717384,1.9405613,-2.0564282,1.3937229,-0.65257365,0.8280835,-0.1965089,0.56446093,-0.27322003,1.2662061,0.68851393,-0.5119288,-0.8099802,-0.67395425,-0.09834228,1.2721971,0.48214564,-1.6924633,surprised
-747.2869,66.55268,5.139142,24.170506,4.9111853,-1.4243622,-4.5405293,1.9031596,-0.87517905,-4.2513285,0.34682956,-1.0180384,0.1173412,-1.758659,-1.1328199,-0.5862285,-3.6496685,1.5400192,-2.4064302,-3.056154,-2.3548446,-2.0743246,-2.4721422,-1.4342533,-3.2125995,-0.88698035,-2.1424572,-0.14745052,-1.769958,-0.38452798,-0.64349145,-0.36246756,-1.103188,-0.7909772,-2.3391209,-1.773645,-1.951463,-1.7230726,-1.8004864,-2.248712,surprised
-705.0684,74.61122,12.612998,29.650412,9.261726,5.4602256,-2.2717772,3.4323468,1.5846044,-2.8484595,2.9668834,1.5570344,2.0879538,2.6498795,2.07579,2.3132405,-2.3461142,4.3570194,-0.017365502,-0.8141063,-1.7614508,0.82213503,0.63467747,-0.49081644,-0.2744726,0.13109078,0.063636936,1.9731493,0.14933117,0.670045,0.040280562,0.2662105,1.0642188,-0.56093895,-0.013563889,-0.86924946,-0.7481955,0.47596547,0.029662715,-0.5053816,surprised
-730.89703,67.45207,3.9430523,21.514221,3.4902027,-1.5898999,-7.5123453,-5.013681,-3.3009074,-4.587364,-2.931818,0.31791094,-0.34111008,-3.4221334,-0.0950375,0.26319325,-6.2378964,1.2365028,-1.7245202,-3.4948802,-4.3467703,-2.389416,-2.7496505,-3.2646618,-3.7225103,-2.800911,-2.2117603,-1.2774681,-1.8514494,-1.634564,-1.340941,-1.1443233,-0.61134005,-1.5638276,-3.0026343,-2.755074,-2.542189,-1.2688575,-1.806413,-3.0141146,surprised
-630.33856,51.148117,2.625931,18.25638,-0.12195378,-4.400764,-3.8011534,-1.8584259,-3.914995,-5.215022,-2.2865536,-3.291063,-2.4921014,-2.229613,-1.2601062,-1.0814774,-4.4407487,1.3815608,-4.510539,-3.5164855,-3.9404435,-3.8747792,-3.5750124,-1.550478,-3.8654413,-1.8379687,-2.478764,-0.79087245,-2.0691533,-2.7115145,-1.8824022,-0.19106625,0.32508817,-0.6756095,-1.2432294,-0.9813239,0.023251828,1.0300784,1.1090837,-0.47305277,surprised
-685.06934,73.60908,11.735221,30.119955,6.8734636,-0.24211745,-3.554159,5.038291,-0.23978432,-0.17852792,2.557792,1.2340095,3.24562,-1.4955038,1.6614089,0.5661712,-3.4989843,2.4934697,-2.6536438,-1.2998692,-2.1152878,-2.9267807,-1.1601272,-0.27383086,-2.0685322,-0.20686941,-2.1647854,1.3512516,-0.20396999,-1.0380855,-1.8641553,-1.0401694,-0.48322383,-1.4912587,-2.0319057,-1.2601417,-0.4912755,0.7732433,0.97748375,-0.1592016,surprised
-711.63416,62.536854,12.184971,20.97311,5.5088387,1.6449229,-5.5098653,-0.05985059,-6.459953,-3.7851489,-2.4944386,-2.9094198,-0.42792228,-3.8103633,0.280207,-0.83087873,-5.941066,2.5181766,-3.461541,-2.802957,-3.932819,-2.0242918,-2.4906034,-2.2694812,-3.3793495,-0.4807182,-2.7687433,0.19135647,-0.5988157,0.18057556,-0.5112648,-0.53120226,-0.37714642,-0.92824525,-1.6847713,-1.9942672,-2.2282321,-1.3970523,-0.8104209,-1.9334896,surprised
-700.41284,61.889397,6.9788857,25.15907,2.8549664,-0.24868654,-4.0055447,-1.7769508,-3.4208515,-4.767217,-2.2855065,-1.9369226,0.347177,-1.8196183,-0.62207425,0.49761748,-5.9094276,1.3424634,-2.7903688,-2.4699376,-3.2878726,-2.008108,-2.5259893,-2.3688614,-3.597755,-0.5964448,-3.1002529,-0.67747575,-0.9783199,-0.8014025,-1.0643595,-0.71236676,0.842186,-0.1889245,-0.8831467,-1.4594587,-2.6318452,-1.2917699,-0.8918289,-1.1735761,surprised
-558.48926,46.874054,-3.4126678,7.0030384,0.37647495,-6.9061193,-9.711813,-6.173148,-1.5480388,-6.9856906,-2.811636,-1.3371158,-4.0147777,0.0850295,-0.06212827,-4.484653,0.4722232,-3.7205143,-3.445603,-1.4520682,-1.4105619,0.30565268,0.11842807,3.006096,2.8268538,6.8669333,1.6315907,5.079195,2.702515,6.7686286,3.7298732,6.6167436,1.3278422,3.3499002,0.6446151,3.641753,1.9011115,-0.35614157,-1.8860531,-1.0348274,neutral
-535.2946,51.853775,0.13943361,9.115401,-8.051918,-9.763977,-15.555858,-8.434864,-0.71559817,-5.5515285,-3.3896677,0.08278363,-5.594156,0.27005622,2.557889,-4.396837,2.1962588,-6.449939,-3.3667042,-2.2647812,-2.2980468,-2.8459535,-3.35494,1.8686913,-1.0701689,8.050135,1.6946768,3.8576417,-0.33937734,5.960485,4.6583686,9.269008,6.515338,4.650605,1.0796945,2.5334787,1.3737295,2.3913088,1.5259658,0.24359602,neutral
-533.1733,48.022724,-6.1535873,7.5747867,-2.6524553,-10.9487505,-18.677551,-11.340539,1.8453271,-7.7991385,-4.084589,-1.8795493,-1.9677402,0.50614744,-2.1224945,-4.4215813,0.87972564,-7.2285156,-5.9077125,-2.5157614,-4.164056,3.1027884,3.0795057,5.8235245,5.6771502,10.3322935,6.2609525,10.3834305,5.073743,5.777708,-0.28780514,2.3764038,0.36882225,3.4122488,0.04723805,0.8170778,-1.1281545,0.007020987,-1.1925681,-3.022122,neutral
-586.9373,48.32501,9.369278,13.106787,1.038574,-2.2398899,-10.574936,-5.9802055,-0.26810864,-4.9271307,-4.075171,0.20508888,-1.4039953,1.9737526,1.2118773,-2.7416391,2.3900847,-6.455397,-5.407928,-3.1416814,-5.377907,-2.0850937,-3.1116397,0.80692047,-1.3007399,6.8374653,1.6514473,4.9415703,2.7548606,7.1133604,5.465684,7.526123,1.6796759,3.3440583,4.131006,6.507123,3.1071818,0.26952535,-1.0589925,0.40647158,neutral
-517.4957,48.942234,-9.1378,18.057774,-14.770652,-4.825103,-20.545094,-12.593712,-7.600563,5.8854995,-7.2235208,0.090174,3.636762,-2.1100113,2.0601285,-1.8864839,-1.5772418,-5.6366653,-5.9838552,-1.371239,-2.887088,-0.66268206,0.78178555,-2.598522,3.132463,4.727283,6.905754,9.392973,6.050924,6.80045,5.1345267,2.7528644,3.6782935,2.8400013,2.374246,0.97302186,1.337753,-2.4163818,-1.2026713,-1.208189,calm
-559.6493,51.169857,-5.202375,13.943643,-3.411514,-2.9289956,-13.20442,-3.651663,-0.57763535,-4.8921742,-3.6069806,0.93303853,-1.8160206,-0.63974595,1.5905061,-4.491096,1.3930304,-5.400181,-2.1234689,-2.6300867,-3.0090804,-0.8211974,-1.7799796,-0.48301065,-0.6378256,2.7740505,-2.8131564,1.4162493,0.31110048,4.5612264,6.5293217,7.7748795,7.0088873,7.2393427,5.6165457,4.561377,1.0583165,0.4170472,0.30097532,0.9487295,calm
-524.5683,39.477356,-5.147836,13.171206,-12.558604,-2.7491887,-18.66748,-12.973156,-2.4596202,-5.3842306,-6.653073,-0.9057021,-4.6354713,-3.0487163,3.1460183,-5.33578,3.5322704,-4.0905914,-3.2360172,-1.3261218,-4.9938955,-3.2756643,-4.850565,1.787986,5.257167,13.209236,11.070627,10.5277605,6.4192905,8.437562,7.212866,6.643921,3.2372901,-1.5126779,0.9521135,1.0329838,3.0046113,-1.9363343,-3.1112309,-2.057566,calm
-528.6981,46.91824,-3.795565,11.897674,-11.026134,-9.171207,-15.476164,-10.991082,-0.32277662,-7.4197497,-4.880599,-1.4173483,-4.4404416,-1.933465,1.7498878,-4.1460905,0.39459476,-3.963292,-5.143684,-2.3832033,-6.3566117,-4.7277517,-1.1383355,3.2438543,4.9204845,12.478919,6.9603763,7.578061,7.9952884,11.054515,8.911105,6.6584125,1.5421157,-0.5535072,1.4487084,2.5554078,-0.3563065,-2.4969869,-2.413969,0.8719538,calm
-544.5167,51.515385,-11.549658,12.425406,-2.2635932,-9.898422,-22.50666,-9.9238205,0.09349635,-2.216745,-4.143802,2.7554524,0.41782913,3.5190454,0.7583394,-6.811747,0.8387819,-7.422569,-3.0350423,-2.9669447,-5.5089016,-1.4090717,-1.7339442,1.8130035,6.022201,8.731381,8.8316,9.72993,7.1143064,9.858739,6.2673306,3.6717749,-0.56284285,-0.85907507,1.8642342,1.8974918,-0.68530226,-3.447725,-2.2048788,-0.0765031,calm
-545.6499,53.85692,-8.712149,4.9283447,-2.3116703,-7.557059,-20.38115,-11.917163,-0.043056775,0.7831559,-3.4271991,-2.5118713,0.023987688,-2.1756852,-1.130779,-6.9208083,-2.5830572,-5.288167,-4.9476676,2.9894128,-3.9350283,1.5652788,1.1563854,3.1217384,5.601953,12.043578,13.4959955,15.350294,8.093807,2.7569697,0.69182694,0.92859554,3.8751848,-0.15155742,-0.004368208,-2.3664234,1.174082,-0.03758197,-3.1510136,-4.119524,calm
-557.81165,52.1735,-4.0491676,14.726996,-6.89038,-4.312834,-15.778804,-9.886342,-0.9693318,-5.3933263,-6.7289557,-0.7021169,-0.6098651,-1.7535771,-0.28032655,-7.6849914,2.8163154,-6.5932193,-1.8672236,-2.6540067,-5.415446,-3.4233475,-3.6264174,-0.8685849,2.8104644,14.320605,13.341902,14.20843,7.353542,3.2897494,1.7608523,6.199159,5.612797,3.0635679,0.77692926,0.5258948,2.6644857,0.9429388,-3.6531925,-3.4942665,calm
-597.88153,58.135086,3.4003866,12.473537,1.2896426,-0.119525716,-10.843647,-4.643951,-2.1700923,-3.6196182,-6.8857183,-2.0853536,0.7265433,-4.2800965,-0.98692566,-4.762182,-0.3973194,-5.304907,-4.5889673,-1.6572255,-7.644157,-2.212611,-3.1242645,-3.1003404,-2.6277401,0.6726118,-0.3793705,4.1800456,9.228025,12.361736,11.777971,7.927676,4.5935535,4.091826,7.289579,5.501531,2.8962834,0.10088606,-0.6060184,0.93652666,calm
-491.66074,40.497475,-16.948425,9.21986,-5.4537663,-5.644398,-12.773782,-11.604363,-1.2127075,-6.1680923,-4.2151723,-3.796075,-4.7075777,-2.254417,-3.3361533,-2.36052,-2.9789345,-0.22335328,-5.139488,2.9699297,-1.3789068,0.8468998,1.2982016,2.0619988,3.7146745,5.692857,2.8635354,4.0916014,5.626845,5.238175,3.3522947,0.08689856,1.0504831,1.0953025,4.2465677,1.5628015,0.39609888,-2.0369833,0.22851205,0.16033356,happy
-484.45724,40.718983,-13.789414,8.356514,-6.3193464,-9.042234,-15.322814,-13.459374,-0.2999014,-8.8372555,-6.8986096,-2.4109068,-6.9253197,-0.2201571,-5.789637,-5.739699,-4.0556746,-2.6520877,1.3155291,8.580771,8.192698,9.025417,4.554486,2.3188155,-0.34001422,4.526346,-0.029615892,1.4025004,-0.29303265,0.16934948,-0.24638599,-0.07869438,-1.0734211,-0.6357238,-0.30237487,-2.1502059,-0.9018746,0.7518448,0.3279335,-1.6832093,happy
-501.13275,33.57939,-22.18756,10.2825,-9.076815,-11.561303,-22.169302,-9.996964,0.52014935,-12.413847,-4.706747,-1.4741815,-6.50947,5.6920123,-6.9220324,1.9373456,8.734526,4.0246654,4.7505684,6.5132985,8.389591,7.1217394,5.7852015,1.6982195,-0.47419745,1.819779,0.20421259,-1.3742626,-2.5255218,-0.19609874,3.8734784,3.553246,3.0042431,1.1527454,1.619308,-2.2368255,-2.9762068,0.42446804,-0.00781504,-1.4301728,happy
-498.81824,46.678185,-13.404973,8.220088,-13.750826,-10.67436,-19.29323,-15.325624,1.7173634,-11.442395,-4.4821506,-2.080168,-7.222253,-0.2260942,-3.3601947,-3.427989,0.90419614,0.14230314,-0.95586157,7.5742044,5.978799,10.527276,6.4182844,7.2608833,1.6049248,3.187741,-1.3271843,1.9595296,2.9534512,2.6089635,2.3661072,4.105233,2.04389,-0.45054215,-0.5925675,-0.5685319,-0.14447671,-1.3379428,-2.6682923,0.55101997,happy
-358.14996,28.101961,-34.94446,5.8493814,-18.583117,-17.679216,-17.793892,-24.286524,-0.087040454,-14.384352,-11.293411,-2.115604,-9.437909,5.695028,1.62036,7.4370484,11.693787,4.071587,-0.034128506,2.4520192,-3.5719855,-1.6263052,-3.0677376,-0.094334826,-3.795508,-0.91982514,-2.0158179,0.69208235,1.5924777,-1.2699336,3.6041267,2.2293854,2.3836186,1.3273396,2.2641604,-1.2594935,-1.7557923,-0.38656998,0.16797768,-2.4457774,happy
-379.0342,25.564573,-29.86314,6.597069,-11.42035,-16.614874,-17.897884,-20.268814,-0.94903165,-11.5668,-12.136768,0.9937049,-2.107668,10.278007,6.6894813,9.035572,6.08138,-2.7403758,-5.831337,3.365282,-3.4337425,-1.6591696,-4.0632405,-0.46551105,0.65081155,2.6450777,0.8419336,2.8884687,3.299971,1.4112,2.6807675,-1.6659054,-0.3980487,-1.2150335,-2.308101,-2.3601723,-2.5173316,-1.2674706,0.3238604,-2.6686301,happy
-341.6062,15.6274,-25.809507,2.185353,-15.157162,-14.271489,-16.127035,-20.36574,-5.0821247,-11.535552,-13.542782,2.665543,2.9603581,15.793406,7.02786,4.79128,-0.19720183,-6.934064,-0.25830916,2.8853016,-5.142702,-4.6388006,-1.35005,2.7545934,1.3687669,0.84628874,3.3786373,2.0425274,-3.6577556,-2.5539389,-0.3579955,-0.6904189,-2.4136455,-0.7560964,-1.6080487,-2.6824365,1.5711979,1.3361198,-1.097309,-0.42593428,happy
-351.60165,19.30315,-34.13791,6.6403866,-14.66944,-15.578252,-15.608276,-23.105875,-1.4852494,-13.044251,-10.5610485,0.30406693,-3.3208067,8.200282,1.8071713,5.8110456,10.823612,1.3245081,3.7439685,4.19531,1.9895139,-0.54002315,1.4285383,-1.1911652,-1.135587,-0.6742269,-1.6342367,0.13219245,-0.35279134,-2.054699,-1.1223457,1.1485037,-1.5635414,1.5845739,-0.8437194,0.62393373,-0.19473785,1.35108,0.31677222,-1.6035215,happy
-618.94556,55.29624,0.626265,19.798845,-2.2640033,0.6151332,-10.633966,-7.606572,0.56000936,-5.0958967,-4.703568,2.232462,-0.51208174,0.3897559,2.0465455,-2.9542658,0.22385634,-1.9229581,-4.011464,-0.6339663,-1.5905521,0.60705054,-0.55984956,1.0181725,-1.8009243,2.402026,-1.2130396,1.4312936,4.9725714,8.159135,11.707238,12.826738,7.492872,5.4032235,0.5659532,0.49571604,0.43553913,1.7553325,-0.19527362,-2.7537222,sad
-586.4672,58.925835,-1.3631568,11.775448,-2.0981328,-2.304325,-16.785019,-9.586012,4.3200035,-2.6777258,-5.398491,1.4288043,2.217452,1.6406071,4.6777515,-3.5682704,2.177317,-3.553961,-5.038564,-0.497244,-5.877523,-3.0882578,-5.9471626,-0.446007,-4.4372344,-1.0748752,-0.59250754,1.0900949,0.9201866,5.568723,4.167596,8.486453,4.847612,5.1498733,5.1159606,6.7153983,4.518911,4.1999164,1.1714303,0.4785649,sad
-604.7638,64.41201,8.365539,17.33557,-1.6909178,-2.8699887,-15.951077,-9.752665,0.65466684,-8.480527,-1.8390694,2.691034,-1.6402057,0.33013132,-0.24165194,-1.6900749,2.0122259,-3.8253474,-3.7668297,-1.8270434,-1.6153629,-3.852869,-1.667298,-0.8447646,-0.11888732,3.3867695,2.4278688,7.4861555,8.829346,9.9985485,7.914085,7.317691,2.6589456,3.0994625,3.0850956,3.2099617,0.92102677,1.1687003,-1.5907232,-0.69787776,sad
-606.38086,68.68026,8.676442,8.465024,-0.34414744,-1.4690456,-16.052696,-5.240356,1.7018027,-8.344032,-2.1810267,0.51578087,-1.7952462,3.311213,-3.4560769,0.4367411,-0.8277934,-2.4298682,-3.6673992,-1.8169286,-1.9905229,-3.4715266,-0.8864822,-2.445123,-1.3753682,0.9951612,-1.6634891,-0.82211185,1.2437897,3.0770042,4.0440993,8.903875,9.156567,10.256521,5.648263,3.852857,2.2303765,2.0705597,0.0801418,-0.024641987,sad
-504.84378,51.267155,-11.448493,21.968159,-5.679511,-7.491348,-16.794071,-12.128446,-0.09301147,-9.238611,-2.879441,1.4371217,-3.912177,0.17651863,-5.0692153,-1.6623257,-1.6093715,-3.6951993,-4.162886,0.08942502,-0.48546895,-0.8889847,1.0209255,1.6552808,3.2576628,4.8725967,1.3164594,2.562867,0.5031182,1.9716238,3.5794282,3.93298,4.094997,0.47444007,0.042833645,-0.3820475,0.18635562,0.82981056,-2.509764,-2.003903,sad
-530.79315,54.446697,-14.635623,22.65421,-4.2886834,-11.029168,-26.605743,-14.131843,4.594429,-6.6719933,-1.9799634,2.0001068,-0.6621939,3.7163768,-1.5038869,-3.3270607,-2.2168357,-3.5916574,-3.6846983,1.4167368,-2.4431477,-1.2980057,0.20210981,2.5509398,1.8790642,7.5880175,2.3705125,2.9421,1.492586,6.8450637,5.043896,6.381424,1.9748399,-0.40848044,2.16783,1.3109087,1.3689787,0.9910363,0.4828654,-0.99029076,sad
-592.44885,56.99415,13.448984,17.250027,0.45592517,-3.6205037,-18.273031,-7.0169945,0.6225328,-8.39074,-0.98043907,1.9331214,-0.13149862,2.5650954,-2.2755783,-1.7229,-1.8071707,-1.5211492,-4.158605,-0.4890509,-1.4480712,-4.441553,0.5223049,-2.6575716,0.012309581,1.3013327,-1.0664221,1.6697024,3.761056,4.5428247,2.1098082,4.614315,3.441941,6.2915287,5.364586,4.8676434,2.0036912,1.9604566,0.0020027491,-0.0948825,sad
-572.53143,49.219097,5.400212,17.627184,-2.1063464,0.3785613,-18.003216,-8.728008,-2.931458,-10.486806,-2.0937738,-2.7876985,-3.7517679,3.6815991,-2.3402154,-0.5544802,-0.4467642,-1.8160223,-4.9386635,0.7558204,-1.9783353,-0.1891207,3.4932325,0.59123313,1.8624065,1.6743284,-1.1487876,-0.43363848,2.0989554,5.372209,5.511344,8.61341,8.492805,5.488686,3.6130412,0.292277,1.5056068,0.87658656,-0.40143472,-2.6097198,sad
-500.04028,59.567562,-12.0468235,12.801353,-12.887165,-7.68135,-23.374868,-13.106926,-2.5274758,-4.6636415,-3.9923353,4.2710395,-2.674417,-0.987496,6.118164,-4.4328895,-0.5769921,-3.5687876,-4.637164,-2.0489666,-6.7322607,-4.2046437,-6.1602793,-0.7291516,-0.95849013,3.132238,-1.891517,0.547621,-0.67662203,4.553576,2.5865042,8.578108,4.418475,5.2720056,3.6390486,5.0692673,3.9722674,5.8403993,3.023833,1.2532411,angry
-456.12692,49.590363,-20.604395,9.8607435,-14.526598,-4.756582,-17.084785,-11.724243,-2.489983,-3.8798301,-6.6281033,-0.9832232,-3.9652832,-6.2454767,-1.3034934,-3.721673,-5.130046,0.44445872,-2.1121674,3.784216,0.6119428,1.6133765,-0.43804255,-0.83824784,-0.8703305,2.7198498,0.036352355,3.2658868,3.6623828,7.168155,4.654633,3.3461344,1.2873375,0.21406353,3.0751204,1.3291242,0.80895054,-0.5709435,0.2432937,1.0001177,angry
-489.89703,54.693798,-12.111747,4.08847,-5.821063,-6.6164455,-20.119108,-10.656475,-0.9787775,-7.0873275,0.028664995,-0.2947701,-5.927293,-0.06428061,-4.497644,-6.5592318,-3.8193095,-6.7398977,-5.6870685,-1.5448085,-4.6350603,-4.250105,-0.8144264,-1.4517541,-1.4069245,2.3939123,0.102254115,3.4695935,2.0561166,4.103866,6.086447,7.7197366,6.02548,5.8778625,3.90473,4.780472,1.6793456,2.0949452,-0.13754344,0.04054899,angry
-490.10703,55.700428,-14.171992,10.17259,-10.697248,-3.5417428,-23.813103,-6.396827,-1.64351,-6.5844874,-0.5171902,-3.0151944,-2.0607488,-1.1291102,-2.665603,-3.9000633,-4.377912,-4.5180354,-7.4809213,-1.0566549,-6.585824,-6.724152,-1.5376521,-4.664209,0.30979392,2.460099,2.011257,5.3723397,4.864298,6.9163237,8.045265,8.840984,6.7887373,3.3012047,1.8599952,0.38248968,0.71021,2.7906852,0.9200839,-0.46930647,angry
-337.72324,30.912178,-20.852919,5.4300585,-17.972288,-7.9620223,-15.157951,-10.752966,-4.6613555,-8.538656,-6.137179,-4.3552704,-6.7619405,-3.068544,-7.2382293,-3.1089635,-4.613777,-0.021315014,-1.4317031,2.6217837,1.1089685,0.9829735,4.3943267,1.5901369,5.694634,5.2756233,1.5711824,1.8368391,-2.116763,0.43140498,1.6475092,0.30158618,0.49085364,-2.053867,1.4055638,-0.97810215,-1.0016724,-0.6819802,0.16324936,0.48389348,angry
-357.5052,34.38291,-26.556955,-3.8446028,-18.141308,-8.807964,-12.169205,-16.049618,-7.8826556,-6.908806,-9.804075,-8.628328,-5.6656675,2.6758368,-6.6677284,6.065504,4.0111675,4.6812954,2.5646152,3.531385,0.908379,3.2132568,2.6972897,0.4692131,0.10247571,1.0488393,-2.4401112,0.34403607,-1.4829552,1.1234621,0.5050466,-0.049150765,1.7926341,0.09849348,-0.4908105,-0.07903403,1.8214157,0.76535505,-1.9158762,-1.0396796,angry
-379.7742,31.689602,-16.645262,-3.0248137,-16.745342,-9.232633,-13.079975,-15.818898,-7.942862,-6.7698545,-8.518421,-6.173111,-2.3364313,-0.099504836,-0.94659185,5.792357,-1.8392533,0.6788519,-0.9542216,3.7219155,2.853268,-1.5475258,-3.1934073,-2.4952037,0.06890158,1.3261268,-2.3802495,0.64113885,2.0775177,5.4597816,1.3675225,-0.22377008,0.38544357,-0.043080322,-0.35114905,-1.9321289,0.8773016,1.4990553,0.64655596,0.091749065,angry
-373.69928,25.01707,-19.928417,-3.3894777,-19.423435,-8.95622,-15.103895,-14.02963,-8.161057,-7.7863207,-7.4299946,-6.8405957,-4.8563776,-3.5038261,-6.2774153,4.5605083,-1.2443987,3.9127991,-1.7704599,0.5822233,-3.880051,3.4336236,6.341368,4.4742846,1.4021962,2.396249,1.2058588,2.495991,-1.6666284,-0.174142,0.4125864,-0.9680022,1.1652353,-0.92779255,2.50341,-1.728292,2.4628062,-0.69026995,-4.3289456,-3.1012714,angry
-523.8563,48.62812,-13.1047,10.788253,-1.44108,-10.197347,-24.592634,-12.665546,6.7253385,-4.7083383,-3.2010455,3.7752779,-0.8843264,5.6237407,-4.1312137,-8.226285,-3.6545455,-6.157372,-3.797651,1.5905384,-2.1762917,5.408999,7.4979324,11.924054,5.0531917,7.0947013,3.6985521,1.408985,-0.27549186,2.808145,2.9394512,2.1430128,0.29377118,-1.0653579,0.9809655,-0.68941003,-2.3657935,-1.7970743,0.41871244,-1.8543457,fearful
-595.7066,51.29561,0.7196421,9.099718,0.7194199,0.166338,-14.842306,-3.5076146,5.9298916,-3.3241866,-0.12722398,0.738541,2.6113992,4.657459,-0.24774751,-5.692169,-2.4436693,-5.86317,-4.3723035,-2.3586774,-3.4150832,-1.6736635,2.453738,-0.95148396,-1.536016,2.5326276,1.3437289,7.338845,5.057637,7.4286947,7.3430705,7.5036035,4.1490293,1.8827215,0.57124704,2.290646,-0.6902681,-0.5701851,-2.292166,-1.5788352,fearful
-580.79755,49.6931,0.49624553,7.812964,-0.45014322,-5.862586,-19.47439,-11.853127,4.535335,-4.3106003,-4.119834,-0.6040523,-1.708236,2.5947855,-3.0376132,-4.1463904,-2.0039659,-7.2542906,-2.2693918,0.37304938,-0.71585274,8.428035,9.63319,10.398964,6.9711294,8.002551,2.4181542,4.6851244,1.8065342,5.41931,3.815192,4.583452,0.32447642,0.42384323,-1.4871503,0.62384063,-0.26680267,-1.7892413,-3.4196217,-2.9835129,fearful
-577.11945,47.95344,3.0847812,10.089854,0.1768256,-1.3582075,-13.98011,-4.311763,4.640106,-6.383424,-3.9191303,0.68766373,-1.1874342,1.8284327,-1.562107,-3.0167446,1.4025718,-8.272481,-3.2244508,-2.43765,-4.26647,-2.5796092,-2.147797,-1.0124894,-1.1436301,6.979874,6.224835,9.957383,5.307078,5.568628,5.853419,7.152078,3.433629,3.0819113,-0.02796608,2.2953162,0.8358743,1.9578515,-0.26190904,-1.4727061,fearful
-424.8881,31.551556,-21.72058,5.87901,-13.820414,-14.512237,-18.155514,-14.805446,-0.57703966,-9.949181,-8.775417,0.18576476,-8.8200655,0.5838259,-6.8831697,-4.246183,0.8141145,-0.9444594,5.867985,7.6618996,4.2874136,4.966652,2.1135898,2.6403034,-1.3159465,2.0227582,-0.3737079,1.0489342,0.6555863,-1.0192142,2.0949812,-0.6760659,0.08702585,0.00047087562,-1.3467199,1.0911038,-1.1217022,1.8009752,-1.1995537,-2.3666396,fearful
-453.28522,30.597557,-25.01919,8.158525,-12.937116,-12.174966,-17.387444,-15.449624,1.1663561,-7.787538,-9.319169,0.8398014,-7.552954,0.4537527,-5.122347,-4.485184,3.855795,4.5675087,11.646427,12.235472,4.094861,5.1056366,-2.0450315,3.9552572,1.5452634,3.3418891,-0.609293,-0.5867223,-1.2287729,-2.3310187,-0.0898722,-0.5944058,-1.233953,-1.9126749,-0.85399383,2.8165314,0.8073503,0.67658705,-1.4862413,-1.1726519,fearful
-433.9805,30.052483,-17.196304,4.712111,-12.267956,-12.09595,-18.020063,-16.609724,-2.0052326,-8.949616,-11.259669,0.56655794,-7.441108,0.93129206,-8.450939,-2.9990497,5.0530787,4.097867,9.636008,10.589934,5.096429,2.4696887,1.566617,3.2105935,2.949302,3.0017846,-1.4618671,1.9009924,2.43105,-1.4466162,-1.154944,-1.7060221,-0.0840882,-0.6677813,-0.98203903,3.2968764,0.33102447,-2.6347444,-1.3416165,-0.6768087,fearful
-523.2215,43.53371,-10.779801,7.8674436,-11.592633,-7.552106,-17.806616,-12.296772,-1.7105885,-9.854341,-4.4398546,-0.65052,-4.903113,7.002474,-5.046174,-0.6457473,-1.0850976,-2.805565,1.7074771,5.598952,8.919721,5.255701,6.4128585,1.3851243,1.24275,4.500236,3.0234473,4.2287416,4.632526,2.8518426,4.8798485,0.3866944,0.7912295,-2.331898,-1.5204883,0.9593908,-2.2294383,-2.373675,-2.299468,0.21960334,fearful
-586.51636,59.284683,-5.631204,14.605522,-4.897949,0.5611592,-14.872248,-7.850532,2.464285,-6.5683885,-0.5819396,1.7230662,-4.208116,1.671678,-0.7686897,-3.0681138,-1.137171,-2.986769,-4.359544,0.030551597,-3.6786447,-3.6225927,-2.4147243,-4.4724545,-1.0031066,-0.06442019,-0.3616393,2.7666037,1.0207359,2.3944833,4.1701655,7.074542,10.486306,12.104617,8.855506,5.096561,1.2270849,0.24693772,0.50634724,0.64406246,disgust
-571.8589,67.73592,-11.57371,12.644675,-1.2601032,-3.9371412,-22.381395,-3.7404373,6.477199,-10.354576,0.62984705,1.2677878,-1.9326142,0.17777605,-3.5416098,-3.0491629,-3.6673703,-3.9014153,-4.8278227,-2.2395787,-3.9945934,-0.6327912,2.7105558,-3.861334,-0.39589518,-0.24318674,1.3350438,4.727309,3.787499,3.836058,2.060594,2.9405577,5.649075,8.011586,5.4944983,4.7149286,2.409412,0.7996649,-0.55292267,-1.4956106,disgust
-567.7449,62.783257,-2.2457805,8.179907,-1.0394379,-2.976828,-15.54129,-6.878871,6.118523,-4.899309,0.4131572,-1.0266521,-1.3264577,4.8640747,-3.2464242,-1.3557327,-2.4592202,-5.4903946,-3.9294827,-0.89558655,-5.536572,-4.3001266,-0.42568314,-4.411507,-3.1561792,-3.6174383,-2.0422232,-0.0755238,-0.78030986,0.2355127,3.2965264,3.1447115,1.704358,3.5266936,3.9670353,5.722131,6.3451214,4.9944696,5.14534,2.9310687,disgust
-514.80383,46.36397,-16.326992,8.466857,-5.670644,-4.1962333,-20.276743,-0.55712163,6.6487513,-13.393864,2.7342808,-3.5710459,1.4406365,0.049605098,-5.106335,-3.287067,-3.2980895,-4.723517,-5.341333,-2.0800545,-6.268683,-1.6221428,0.67453617,-2.5001621,3.414945,4.18169,3.7839448,4.5571623,2.3417249,4.938156,5.8028293,4.3283973,4.13523,3.670156,2.1627486,2.6674626,2.457846,1.9162675,-1.4372063,-1.4456947,disgust
-440.12296,47.382137,-24.536663,7.5196033,-11.0545025,-9.851148,-23.083786,-11.287442,-1.216075,-13.622159,-5.447613,-5.3224926,-1.7228322,-5.4352684,-6.639472,-1.2071648,-0.9742275,2.209091,-0.14953968,4.5194845,-4.763634,0.6523533,-1.6515275,-2.5146747,-1.0570656,0.19661133,-0.3962916,3.9088845,3.3944438,6.238883,5.360617,3.588592,2.6301649,1.7462329,3.876096,1.3640122,1.9933541,2.94335,0.14797173,-0.05091756,disgust
-427.27612,43.00313,-28.387913,8.931917,-13.886554,-12.314648,-23.702427,-11.91835,-0.016040104,-14.89499,-2.6051068,-3.851856,-7.5647283,1.5131246,-9.381224,-6.571112,-7.172405,-2.8652055,-2.0076702,4.8578153,-0.0864906,1.2614108,0.28252006,0.3813745,5.571606,8.612382,4.614296,7.567124,1.279567,4.543784,1.7179787,1.4589728,1.0368595,-1.4544235,-0.115195155,0.5014873,1.149548,2.5123868,-0.976434,-1.03375,disgust
-473.31982,45.208565,-24.033743,5.1116266,-9.997114,-8.212154,-25.036366,-9.46396,1.340353,-15.32473,-0.16077425,-8.533656,-3.7357237,1.3797617,-8.044254,-5.6460495,-5.795218,-4.813822,-2.8066847,6.0103936,2.1968334,2.130848,8.036995,5.6452713,12.710971,8.444869,5.627413,1.6698271,-0.31439278,3.5075605,3.905424,2.2430725,-0.66525126,-2.7509336,-1.3445141,-0.539299,-1.6853187,0.7703534,-2.1867983,-0.5858445,disgust
-436.54385,43.689754,-26.900978,-3.3048878,-13.560997,-12.348879,-20.24762,-17.420408,1.9111893,-12.981838,-7.182565,-3.8486025,-6.884772,-3.293059,-7.784028,-2.0039477,-3.1551642,-1.1619313,-0.6576878,5.4508715,0.9278434,8.009739,7.8694477,7.531578,3.3622015,2.309058,0.03670296,4.431646,1.8450068,1.5381663,1.2555679,1.485892,2.4861763,0.7907257,2.9073055,-0.41464752,-1.0114342,0.2555546,-0.6210152,-1.3043367,disgust
-536.76825,40.17647,-1.9779562,10.629461,-4.242583,-6.1712623,-10.8820505,-2.5253594,0.31475782,-8.406233,-2.5257723,-4.0650654,-1.6689986,2.773219,-5.0712404,0.40282983,2.247786,-0.53693116,3.1106312,3.5371842,1.9870859,0.5414573,3.2542107,-0.650111,2.9326534,4.3842587,4.6055927,3.9254365,-0.56812876,0.7502951,3.142706,4.1057515,1.8196388,0.98879707,0.12750697,-0.18191127,-1.0390825,-0.29105595,-0.3626517,-1.1409403,surprised
-552.3073,53.25239,1.4303124,8.998643,-1.9280983,-3.9007316,-11.9059305,-7.270176,1.809588,-3.4189568,-3.2918289,1.3282661,-1.8448995,0.7570911,-3.165278,-3.8313468,-2.4203384,-4.465307,-3.0171068,0.004625792,-1.660547,-0.3947031,0.074033,-0.3586245,0.4403572,5.787055,2.7738094,4.855328,2.520287,2.789246,3.2582452,3.8325198,2.7909226,1.3632407,-0.383198,0.7323584,0.5539021,1.2966992,-0.35132158,-2.0933266,surprised
-475.8414,39.93684,-6.0676613,1.0633525,-6.79075,-7.440091,-11.416635,-8.383765,-1.1145618,-10.894572,-7.0777655,-3.3257613,-7.1077366,-0.16417302,-8.319537,-2.0892441,-1.2331572,-4.6192017,-0.9291878,1.419153,0.79043806,5.625058,4.269555,7.2701902,5.723284,7.002381,1.115855,3.375112,1.6191518,3.7664797,2.5732594,1.5058575,0.78603625,0.18641503,0.263773,-1.6451001,-1.3767253,-0.079656616,-1.281722,-1.4770073,surprised
-558.2648,56.793663,4.554368,8.62213,-4.2786374,-8.094121,-10.459447,-4.5877066,-0.28828874,-9.03411,-3.1765285,-0.6857415,-6.033236,2.6968946,-8.837957,-0.24411553,-1.8049332,-5.4201975,0.12623495,1.6191293,0.32353133,-0.86756045,2.3791232,1.0940366,4.521871,6.7319345,4.097303,5.313741,3.4747078,0.9848709,1.8012037,0.58267,0.22124392,2.28437,2.4926848,2.4061613,1.5296375,1.5295143,0.711293,-1.0726075,surprised
-466.4698,41.040386,-13.312118,3.909157,-7.0196004,-6.552992,-12.69961,-13.818108,-2.3154852,-5.87034,-7.0408454,-0.9561798,-6.159852,-0.65951216,-3.317368,-4.1037345,-2.8737407,-0.8734042,-1.3702426,4.843224,1.6905642,5.8436794,4.321257,4.8940744,3.3337984,4.3378096,3.1635926,3.8279011,2.6110113,2.5815158,1.7071294,1.3664732,0.39854297,-1.7934427,-0.7625491,-0.29650068,-0.22736575,-0.7820087,-1.7799603,-1.455834,surprised
-460.99826,31.225943,-14.319646,2.8897455,-12.104572,-10.688082,-14.007954,-8.829641,-4.6480093,-10.53503,-6.918498,-3.382327,-7.0237055,2.2701,-6.4143767,-2.1778736,1.5750079,3.8516262,8.963855,7.34255,3.2354896,-1.7166698,0.54161257,2.6600425,1.4725926,3.5531528,-2.6694157,1.8314676,0.6432259,0.6603753,-0.21659331,-0.96835995,0.5363027,-0.66103905,0.2977951,2.4585133,3.593847,0.7591177,-0.52584064,-0.38356423,surprised
-433.87546,33.11749,-11.552771,-3.1509945,-6.4122534,-10.142762,-8.779301,-12.660699,-3.1474748,-10.566268,-10.303788,-5.8550887,-7.775108,-2.6079905,-3.7671924,3.287679,7.2715354,4.6727557,6.3407598,5.2766056,-1.6714956,-0.7102608,-2.742807,-0.5155785,-0.49243426,0.9986736,-2.0163763,2.3997893,-0.55585736,1.4233899,0.9651052,2.1154745,0.96436715,2.1128957,2.0510552,1.0991846,0.55091506,0.8940091,0.08376398,-0.36390772,surprised
-417.141,37.222816,-10.572914,-1.2104347,-8.232791,-9.591879,-12.515397,-12.174667,-1.1697972,-8.144898,-9.05747,-3.8252835,-6.6390457,-3.190248,-8.136412,-5.8030186,-1.4560064,-4.1984262,1.4054275,10.200739,4.8291802,10.44471,6.2254167,5.1686807,0.729719,2.8764892,-1.024604,0.8482989,-1.987487,1.1844757,-0.24893148,1.5458714,0.94407314,0.19402283,0.5237391,-0.10185312,-0.68726057,0.12657374,-0.25337115,0.15844887,surprised
-713.15,61.634888,21.69507,20.849443,6.918356,8.276475,2.9739454,0.8407587,-0.46303692,4.7247014,2.1017053,0.39667264,2.800316,4.0591817,-0.10816578,2.3105354,0.34329814,2.0871193,-1.0094192,-0.94845337,1.0431422,-1.7349237,-0.80161285,-0.50312656,0.025121178,-0.26459387,-1.294895,1.8506013,0.66789144,1.5407951,0.18284026,-0.78334093,-0.9773244,-0.7089257,-1.7990208,-0.8356552,-0.5452629,-0.65741813,-0.98709023,-1.1266619,neutral
-686.26654,63.687344,18.820574,18.182194,6.695839,8.485631,3.331015,-1.7832768,-0.88787276,4.4412875,0.39368957,-1.0005516,2.5451593,3.579118,1.852675,1.3552036,-0.6793304,-0.106703416,-3.069014,-0.5212628,1.5986279,-2.020199,-0.8079089,-0.8366056,-1.3208559,0.21854919,-2.1184754,0.42535335,-1.4395943,0.716328,-0.58312106,-1.1648536,-1.4639635,-1.9437083,-2.4327726,-2.3863528,-1.3833593,-0.9719033,-2.1118138,-1.9479998,neutral
-685.63696,56.559807,21.440947,20.455795,5.786099,6.829503,1.199324,-1.7593919,-0.56474984,3.7439651,-1.45862,0.2520927,-0.05103179,3.6572144,2.330779,-1.1480856,0.38679904,-0.08888254,-2.844554,-0.7790431,0.8698492,-1.7225058,-0.7854827,-0.5854059,-0.89837146,0.84127605,-0.39961302,0.94471884,-0.022764603,0.3325275,-0.40482357,-1.1792662,-2.0105994,-0.8367883,-1.4240768,-1.4479649,0.037619464,-0.5100931,-0.14494452,-0.63661164,neutral
-684.6071,66.38061,26.615877,25.076828,9.572113,8.546317,1.800116,-0.2577004,1.1803876,7.655634,-0.80432475,0.3072775,0.57581675,3.7822607,3.0544543,0.6131175,0.20546131,1.222945,-3.4813378,-0.7357019,0.9584975,-1.4049858,-0.09263907,-0.10617899,0.16827708,0.89170533,0.21153969,1.9462129,0.7399971,0.9628035,-0.020196173,-1.0554302,-0.75292104,-1.0327051,-1.1272811,-1.1165569,-0.9843353,-0.93224627,-1.4360497,-1.8984973,neutral
-713.8097,59.206757,22.627445,23.758863,12.566026,12.569508,4.703362,1.4249272,3.2177725,8.236173,0.30571315,-0.878888,3.185479,4.5328736,1.6923742,0.32531035,-0.17865625,1.6642116,-3.475276,1.7314606,0.5650887,-1.5543431,-0.8512662,-0.2958507,-0.67620593,-0.4794842,-1.1854528,1.5502111,-0.56839085,-0.3120518,-1.3049746,-0.6137238,-0.09593704,0.5017459,-0.33177724,-2.0329788,-1.804389,-0.62839997,-1.2415327,-0.8803765,calm
-695.9203,68.59724,22.867336,26.667511,14.438406,11.83273,1.7849585,1.541034,1.2010509,7.167668,-0.2704974,-0.1670133,1.2252425,4.8227634,1.8360388,1.3768156,-0.19312313,1.1509244,-2.4848013,1.9133314,-0.93098456,-2.3229234,-0.00039984044,-1.3554562,-0.99722755,0.33189937,-2.228357,0.098867886,0.949324,-0.2489176,-1.1620142,-2.6841595,-2.2081614,-1.004845,-1.6855794,-2.196235,-1.183165,-0.6811081,-1.8008178,-2.662251,calm
-693.9612,60.930088,24.368263,20.941841,7.513354,9.716222,-3.0378141,0.03044766,0.49834257,6.9401493,-0.44058067,-0.34030926,-0.5421357,2.776904,1.1125005,-1.2099282,0.00878988,0.86762434,-2.0543914,-0.15241605,0.7551116,-1.8086528,0.17780493,-1.0631257,-0.72003794,0.0669689,-0.649843,2.0597477,0.8813125,-0.39305097,-1.9760762,-2.0137432,-1.7440188,-1.3030514,-1.6941643,-3.412267,-1.79901,-2.0104148,-2.0083697,-1.423405,calm
-698.15436,58.46151,24.54029,20.531422,14.084894,9.674513,2.7252305,1.1621279,-0.08900875,10.75201,1.6101439,-1.2275909,-0.87811196,2.630618,0.94511217,-0.22099109,-2.5300522,2.197955,-4.769209,-0.055726297,0.23654574,-3.028979,-0.48066884,0.18200362,-0.9378088,0.43608797,-0.7795126,1.2542332,-0.7421847,-0.5149493,-2.5299323,-1.3177943,-0.81024855,0.24931689,-1.4241555,-2.0478122,-1.2917564,-0.8049407,-1.0543708,-1.1408525,calm
-704.6575,65.610214,19.401985,22.685225,13.221664,8.273776,4.0445166,1.5738796,1.7598563,10.143844,1.653742,-1.0947903,2.193831,2.9524968,2.3034189,1.0196321,-0.57719505,1.5467942,-2.2429774,0.26409757,-0.22950007,-0.88755924,-0.94241256,-0.5996381,1.0269452,0.96922237,-0.22265962,1.1085144,0.23316544,0.20665473,-1.5456096,-1.3035067,-1.3772805,-0.19715735,-0.9025131,-0.9664632,-0.46835408,-0.1851759,-0.26737517,-1.3009908,calm
-720.09485,50.317608,19.095675,24.267504,12.149274,10.4162,4.0648866,3.848134,-1.3470839,8.430485,-1.3736587,-0.23208275,1.4048488,3.5620008,-0.062093444,0.7957917,-1.112971,0.2468567,-3.4191194,1.1902893,1.5023369,-1.8023504,1.053241,-0.59016293,-1.4455901,0.81538945,-0.55824697,-0.011785279,0.5770326,0.90056384,-0.8221904,-0.09335127,-0.82984626,-0.33419386,-1.5159243,-1.2771047,-1.6831504,-0.7355278,-2.2216337,-1.4616275,calm
-700.1275,58.017754,22.407284,22.72245,12.471671,8.793522,3.5352912,1.9183718,1.1789032,8.80468,1.2547042,-0.37786606,1.58943,4.430558,-1.0530313,0.036245443,-2.2625256,2.0800097,-3.1579773,1.8618712,-0.5029687,-3.386948,-0.63589394,-0.3822863,-1.4268436,-0.15679276,-1.0317963,0.9849783,0.74126375,-0.0697312,-1.1154262,-0.9881661,-1.4003702,0.030556396,-1.0917766,-1.2335999,-2.2701445,-2.0046716,-1.8483149,-2.2806268,calm
-700.927,61.119793,20.60732,22.044168,10.788883,9.535319,2.1503637,0.98319155,-0.036984317,11.610793,2.145335,0.6589924,-0.17214788,3.9158685,1.3372818,-0.6418548,0.13748744,-0.14800371,-2.2688475,0.55997044,0.45448452,-5.2446084,0.23577261,-0.0024392605,-0.25675127,0.31197172,-0.78671366,1.6454523,1.3039889,0.27960077,-0.97723925,-1.5809743,-1.9903177,-0.61549884,-1.302344,-1.2156545,-1.7126591,-2.6033504,-1.1030518,-2.1547968,calm
-654.4467,56.016396,9.912502,14.832239,6.044382,4.362138,-4.3656573,-2.2003384,-4.37552,4.2432275,0.6309724,-1.3966743,2.6373637,1.5082058,3.0717406,-0.19285084,-1.3720264,0.732477,-2.1516306,0.9480854,0.074404925,-0.30053002,1.5397234,0.064118415,1.0276599,0.469547,0.13021973,1.6520098,-0.5353808,1.6640425,0.29729146,-0.25280163,0.3012561,1.1846579,1.4466045,1.7162617,4.072571,7.014308,7.146102,4.9036846,happy
-651.1455,58.86143,12.597708,12.559963,8.603721,3.9938533,-0.73912364,-1.3942673,-2.0169945,5.3506293,-0.5131582,-0.1595306,0.5428192,2.8848405,0.35541898,0.5266357,0.26715913,-0.59164745,-2.9520457,0.48418918,-0.67785895,-1.0820243,-0.48305225,-0.3905692,-1.10628,0.21827346,-0.98534006,0.88212097,-1.1486238,0.91821486,-1.6140047,-2.1726418,-1.5360756,0.24777007,0.96632075,1.9486217,1.4292113,0.29187602,0.15532559,-0.88143164,happy
-651.984,52.48929,14.468995,12.023479,9.1717415,3.0093548,-2.5113783,-2.6247506,-3.1074462,5.0041256,0.005950842,2.2624412,0.23813716,5.0845013,-0.12605242,0.32940945,0.9845134,0.5368761,-3.5654914,0.109292485,-1.0768577,-2.1567607,1.7058749,0.4858336,-0.55463797,0.49169898,-0.30171895,0.49489388,-0.674915,0.8399949,-1.1828538,-2.1411486,-1.1627228,-0.39674625,-1.5401659,-2.012866,-1.9308689,-1.1517069,0.6287477,0.7360344,happy
-641.57404,52.921513,15.106357,14.419704,5.133202,3.4972148,-1.4725623,-1.5257533,-4.7468224,3.2637818,-0.57107973,-2.0709856,0.12975614,4.2591586,-0.29975924,0.41863894,0.3494321,-0.8124084,-3.6878884,-0.093420126,-1.5921977,-1.4905162,0.61796206,-0.03927157,-0.9493224,-1.0424604,-0.61326885,0.9556233,-0.86882716,-0.04351271,-1.8844776,-1.9680376,-1.3629392,0.52434987,2.2125745,3.3491056,2.8651638,1.6702257,0.9273224,0.09206474,happy
-479.31006,47.59046,2.8359985,5.3749433,-1.387611,1.2873846,-2.1624792,-5.806487,-9.301905,3.5681083,-1.9519383,0.2298884,-3.0938823,1.1594102,-1.2991217,-0.51070446,-0.4215351,-2.3125074,-3.5423818,0.8571093,-1.204551,-0.781927,0.4852108,1.6543931,3.103947,5.1426735,3.2759063,4.851679,3.5714536,4.018087,3.971394,5.37356,6.119314,7.9103894,5.954695,2.114032,2.5307503,1.984825,2.9234262,2.36969,happy
-473.87756,40.742302,0.3275103,8.265884,-1.7551781,-0.085831195,-0.8065041,-3.373771,-5.312382,3.3479521,-0.94383466,0.31397596,-1.1338068,2.4596605,-0.5301451,-0.6127117,0.5657679,-0.3378495,-1.1734878,1.7241095,-1.2808311,-0.77831376,-0.44730988,0.81397575,1.2230611,5.0750804,4.4923787,6.1470656,8.634233,6.6991496,6.1401143,4.682486,3.354933,3.6219747,3.7378829,4.6442795,5.725383,4.0284863,3.7557702,2.115259,happy
-492.17484,42.323124,-4.748287,2.3382034,-5.6995964,-1.4169567,-5.437197,-9.131187,-11.401088,-1.4557782,-4.570266,-1.8150381,-6.7255454,1.2920065,-6.381846,-2.3137147,-1.9716235,-1.0406574,-2.0191212,-2.024311,-4.0291586,-2.8329473,-1.2241025,-3.0735347,-2.2430058,0.087269746,1.0009061,4.3573575,6.6377683,8.195048,7.8566713,6.4722724,5.5595174,3.893498,2.8024774,0.99912137,2.4033055,4.0672393,2.9392357,1.0518608,happy
-511.57523,42.089806,3.308912,3.2429588,-2.2309957,-1.4243801,-5.8201838,-4.0417047,-10.095311,-0.10710286,-2.792645,-2.1733453,-4.559425,1.322039,-4.214874,-2.8926795,0.9288923,-2.7767694,-4.1493535,-1.6765686,-2.4778616,-2.4892073,-1.824254,-1.1050893,-3.2658563,-1.9090871,-1.4002895,-0.56977296,2.6585128,2.854779,4.258248,3.8209546,4.445778,4.7937717,3.3763127,3.2734153,3.6465573,3.1579416,3.281633,2.4199378,happy
-686.4398,54.82076,17.03212,21.88365,10.428874,6.9432607,4.6228237,0.111713685,-0.035156615,7.3705688,-0.7547909,0.43620902,-1.1475477,4.856226,0.6061349,-0.18425024,0.18422453,1.6456046,-3.47231,0.63091815,0.8671465,-1.8980863,0.36153176,-0.9078313,-1.0400246,1.3787534,-0.15944697,1.6598223,0.70871574,1.6632379,-0.84221643,-0.76488966,-3.1984346,-0.81662977,-2.320807,-1.4416418,-1.2465916,-1.5991675,-1.0342512,-0.8352058,sad
-688.9851,61.58946,24.316824,25.734169,9.863096,8.770565,4.2706385,-0.062014412,-2.9123144,7.467852,2.4270673,0.6497882,0.7104255,4.2508893,1.6155022,0.6628672,-0.082485214,1.5267029,-1.2733703,1.008825,0.11096212,-1.9580177,0.81267184,-0.022793837,-1.2422222,0.92958003,-0.78085583,1.0538449,0.5855992,2.091815,-0.097057514,-0.28648022,-1.4276344,-1.6951711,-0.7846233,-1.9592568,-0.9591983,-1.8102522,-0.8639303,-1.7946485,sad
-684.7109,56.243362,24.001411,18.086372,4.9872727,7.426141,0.8991364,0.735377,-4.723407,5.0374336,-2.148105,-2.3912215,-2.930522,5.283888,-0.29564413,-0.6353795,-0.7505355,0.11426841,-2.214287,-1.0636418,1.8328205,-2.604153,0.68039286,-0.0385347,-0.58829606,1.2899072,-0.5183866,2.2437136,1.1754274,1.9499063,-0.6955719,-1.7878731,-1.3122017,-1.0230274,-0.15244189,-0.7906868,-1.5364714,-1.0250726,-1.3026812,-1.7722704,sad
-689.6503,58.312874,23.013344,18.593521,7.981409,8.876478,3.132355,-1.0449954,-1.4347256,4.8930287,-0.93881315,-0.9712063,-1.1187091,5.7027073,-0.4647813,-0.42095664,-0.70087725,2.1003199,-3.7586746,-0.63016135,-0.8213337,-1.802032,-1.915152,0.8913381,-0.7778953,1.4032377,-0.25585216,1.764739,0.7284863,0.63871545,-0.03176174,-1.3019706,-0.43815854,-2.065665,-2.1544476,-0.8951443,-0.88380706,-1.7864869,-1.5884233,-1.5375829,sad
-593.1319,46.891212,6.3644776,7.0193954,0.8794967,2.0637274,-4.299669,-3.255583,-7.995625,0.81527615,-2.2050428,-0.35947305,-1.3184693,2.3682547,-0.4965354,-0.42381492,-0.6482497,-0.4944665,-2.5161455,-1.8514439,0.14267221,-0.38456514,-1.3595184,1.4272141,-0.33420905,1.2586894,-1.3143139,0.9054585,1.1705035,1.1865501,2.4283013,4.0697336,4.4577274,4.4072685,3.075474,0.6747311,1.0352314,1.2941153,0.8120681,3.001455,sad
-530.37085,56.6471,4.505578,11.721485,1.0616344,-1.5540121,-6.0621223,-6.2727647,-9.129698,0.48443806,-3.866294,-0.7916726,-4.209809,0.48054865,-2.3808215,-3.0985534,-3.5080113,-3.8296669,-4.0483913,-4.186587,-1.652084,-3.2576501,-3.1151588,-0.15136907,-1.9691529,1.4827393,1.6036083,3.762873,5.3332877,6.7227535,5.4865894,3.733982,2.5776412,3.3325303,4.70608,8.038678,9.069977,8.772325,5.826267,4.0692315,sad
-565.8401,44.29122,5.532737,7.886156,-4.9560184,1.1607479,-6.732506,-9.395455,-9.639849,-2.6328263,-1.5097058,-3.8673923,-2.0585902,2.0237632,-4.2384915,-2.7396107,-3.6653945,-0.13726826,-4.614774,-3.8598485,-1.5922753,-3.9057407,-2.2658691,-1.2310685,-2.83673,-0.320608,-0.9624605,2.4461446,1.4174054,5.1813436,4.7546144,3.774166,3.8178391,2.20913,2.1472213,1.6581547,3.6305442,6.099664,5.4312067,4.9859037,sad
-527.70776,41.176914,8.560572,9.098816,-2.6988828,2.5112092,-7.9825225,-7.411616,-11.697922,-0.88253707,-3.537112,-4.1727953,-2.6200318,2.4950416,-3.1134493,-1.833557,-1.0218875,0.21782528,-2.3647661,-2.022959,0.92729354,-3.05989,-2.4618382,-0.05334549,-1.35428,2.3105958,2.7707503,5.3589377,4.8553867,4.031366,3.3238304,1.2066791,2.8583436,3.7599921,4.3271728,4.64637,3.688406,4.7417555,2.66355,2.44178,sad
-529.7126,44.796,4.996902,8.624085,-1.9469526,2.112758,-0.61468464,-3.7464395,-4.7104855,3.1345043,-2.5258255,-0.8250803,-0.44281715,0.71093005,-1.6172739,-0.76612926,-1.8459411,-1.830523,-3.3887963,-1.6204073,-1.4966007,-2.4173114,-1.0306771,-0.60911804,-0.44764534,1.1949006,-0.538523,1.2509083,1.3620616,2.6161542,2.6372144,2.8987718,1.677259,0.97952914,1.5265723,2.620299,2.4842668,2.2598803,2.643502,3.4708931,angry
-573.43414,48.14494,14.190565,9.89579,1.9032896,4.0391073,-0.4018483,-3.3629742,-4.7793183,4.4408417,-2.5168865,1.4253284,-1.7861693,2.6100557,-1.2414678,-1.4944713,-0.97956395,-1.2206917,-2.4478369,0.14985864,-0.98803216,-2.182338,-0.6542271,-1.4286939,-2.3403153,0.92098,-1.9215791,1.116217,1.3277748,1.1038512,0.06412502,0.58659613,0.12054462,-0.037047982,0.8816664,2.587515,1.6808412,0.83747905,-1.1812096,-0.82885987,angry
-524.2174,41.717384,3.545583,4.585116,-3.073668,2.8577387,-3.9658322,-5.0815663,-8.113886,2.3830614,-4.053527,-0.87315786,-1.8248049,-1.1597034,-4.1766715,-3.3318415,-0.73529077,-3.01232,-4.155307,-0.8967458,-2.3539665,-3.3169222,-0.57890046,-1.8676382,-3.3010192,-0.6755644,-2.2855945,2.9659407,4.0788045,6.5055532,4.9084644,2.7618873,-0.14957331,-0.011978709,0.47995684,3.9225721,4.9341173,5.1259255,3.739844,2.261842,angry
-524.4761,45.56888,7.2128553,5.5801983,-2.038871,2.9377632,-6.1172132,-4.2378993,-9.324737,3.0558314,-5.4089675,-0.6700237,-2.6248436,-0.77453476,-4.6546836,-3.598803,-0.5660232,-2.6439798,-4.622999,-1.7060492,-2.977646,-3.8313725,-1.2825452,-2.3619118,-2.7655892,-1.46186,-2.8011723,0.5166015,0.09831246,2.428276,3.2237742,1.734129,1.9453598,0.29589206,0.096914016,2.5127895,1.9797418,3.5160632,4.048135,3.6298318,angry
-435.5689,32.00549,0.5562137,4.3971663,-7.5486097,-1.7400348,-1.2937901,-2.7886152,-9.217412,1.1745015,-2.4899218,-1.5290284,-2.3992312,-0.3406449,-3.382475,-2.9105122,-2.189857,-2.1421278,-2.7371569,-1.4254607,0.85927594,0.71984047,1.542011,0.5464917,-0.95976573,1.4036589,1.1310513,3.3092113,4.544049,4.085118,4.142438,7.6763372,6.9796257,6.0144906,3.117582,2.243811,2.5299373,1.3055247,0.64536196,0.9867105,angry
-362.90863,24.781445,-5.473856,-0.86653006,-12.942108,-3.0475802,-4.5603642,-4.8078284,-12.017148,0.95919126,-4.09755,-1.655991,-1.8205072,-1.5713742,-4.534024,-1.1023289,-2.8680692,0.16378672,-0.5864544,2.6858523,5.969469,8.247613,10.132227,8.505929,5.557483,6.0565486,2.02096,2.4528887,2.7685442,5.699065,3.7367086,2.2429843,1.9698877,3.254783,0.9803887,-0.3597016,2.3465495,3.3108664,0.59423834,-0.22977218,angry
-358.06815,35.524853,-1.3519902,5.5348883,-13.849623,-2.187948,-0.73965603,-4.049748,-10.439023,1.489271,-4.3125086,-0.39898852,-2.228277,-2.9282691,-5.5488725,-2.5177317,-2.9792514,-1.7598445,-0.17569102,2.294279,2.213352,4.4968824,4.538074,3.020389,3.4787354,5.8963823,7.2841344,6.5111327,6.786555,6.409505,6.6190057,5.9510202,3.5137873,1.0714444,1.8336806,1.9846181,3.5395753,3.32246,1.4832038,3.0048683,angry
-342.3264,19.599405,-8.314477,-3.0204854,-15.274783,-0.810153,-4.895562,-4.638601,-13.067565,1.1909643,-5.519889,-3.5608277,-2.9863076,-3.5467465,-8.336244,-4.9595666,0.55247724,5.5720296,5.800675,7.2065406,3.9275537,6.132031,8.603698,10.198132,6.9385524,2.3572502,-0.55177855,2.2475653,3.4062014,1.552484,0.69210607,1.6582605,2.1389713,2.694156,3.0578973,1.6519549,2.464511,3.346341,3.6359417,1.4798723,angry
-637.21387,56.434387,15.529901,14.366761,5.2708335,7.481136,2.3681672,-0.5809942,-2.72241,7.6108565,0.1905941,1.9666924,-1.6707323,3.6445599,0.57919675,-0.7643313,0.7840256,0.58991194,-3.7088532,-1.9039261,1.0711025,-1.8154777,-0.6443052,-2.430627,-1.35535,0.3097022,-2.8653061,0.0029860504,-0.16745086,0.6955572,-1.6543803,-1.8877265,-2.9848726,-0.41563982,-1.318805,-1.6507816,-1.3131937,0.85354173,1.6906637,0.9401393,fearful
-606.90765,54.785698,14.159909,10.499489,2.2040446,5.97489,2.570355,-2.0709581,-5.612763,3.5522966,-0.31789258,0.3426366,-1.9009341,1.8605583,-0.40278274,-1.6365911,0.74116313,-1.0818474,-3.7667463,-0.6635951,-0.42622653,-1.8050827,-1.2498344,-2.0761929,-1.8291397,1.3694571,-2.5401394,-0.19729719,-0.8913078,-0.6702734,-0.6430886,-2.666266,-2.9528725,-2.2834818,-0.65349615,0.7874609,1.9356674,3.0665073,2.5276642,1.3266035,fearful
-600.55084,53.17402,8.889909,12.292284,3.427999,5.6502595,-7.532808,-8.314651,-5.093163,1.6324317,-2.562871,-0.9578273,-2.2900567,3.275709,-0.04081375,-3.3315737,-0.14086899,-1.6651071,-3.8548517,-0.91410655,0.68440104,-2.7763402,-0.70318526,-0.41756356,-1.3808162,0.69988626,-1.8637416,0.12564339,-0.78411394,-1.4272679,-1.9595567,-0.67039216,0.57541263,2.7235098,2.6408858,2.169989,0.98509085,1.4853854,3.1957352,3.6484463,fearful
-597.442,52.851234,8.71081,10.481212,2.536573,4.838289,-4.6840587,-4.9711185,-4.211643,1.7679089,-2.0331933,-1.7087748,-0.114786886,3.936312,0.64857006,-2.2980976,-0.2802865,-0.5900376,-3.1723406,-0.40798897,0.5347018,-2.8975163,-0.5091232,-1.3498724,-1.6927189,-1.118074,-0.85002565,0.66251516,-0.02212618,-0.69459194,-3.5012865,-2.8286877,-3.1225517,-0.40881658,0.6458144,1.6300983,-0.069276646,0.4094653,0.7872374,0.053046957,fearful
-471.7885,37.016277,-6.2774754,6.8034277,-5.404747,-1.210219,-4.567914,-10.21979,-9.449075,1.8339133,-1.5088141,-1.4407924,-4.7549047,-0.6779361,-2.476868,-4.2140884,-2.037835,-1.6759888,-3.7661881,-3.0145488,0.96827894,-2.1276882,-0.017639028,-1.6355518,-1.911295,2.1333916,2.6188977,11.000471,10.796884,10.443698,4.3839536,0.042297617,1.1039747,1.9803505,4.5828876,2.6819775,0.944402,1.9770899,2.0059862,2.4334776,fearful
-444.13843,32.428192,-5.695837,6.3784957,-2.6071968,-0.95191896,-2.7077951,-6.747771,-5.9223924,2.0105786,-4.6841564,-3.524249,-2.2131202,0.26758197,0.06726426,-4.7718906,-1.0693734,-1.7450296,-2.4068127,-3.1018531,0.10536282,2.4909163,5.2935386,9.249244,7.2247624,9.598889,6.703331,7.025796,5.8726892,5.7597637,4.2352505,2.4609764,3.2968962,2.008652,1.6545627,1.3759488,1.2362986,2.1110249,0.80701816,-0.017238215,fearful
-430.15073,28.515081,-10.03102,3.5822961,-7.532061,-2.430754,-7.285259,-12.014553,-9.065675,0.28015897,-3.3597748,-4.5528793,-4.637469,0.68335676,-2.1159208,-6.0438194,-2.343654,-3.7308261,-2.5052252,-2.8044155,5.675148,4.7090564,5.944264,5.595101,3.5287826,8.353471,4.926317,4.8169694,0.6710027,4.3039536,2.943306,2.1207674,1.3113265,0.79381794,3.343359,2.0661886,-1.5316521,-2.1964695,1.3533115,2.5449142,fearful
-417.90347,28.124924,-7.4928927,-2.166822,-5.4207687,0.32607585,-6.8332853,-8.768405,-9.640854,1.5831189,-3.259065,-2.7815228,-3.8402436,0.9891218,-1.8464108,-5.6184707,-2.5870044,-2.729167,-2.2093787,-0.47209746,3.447335,7.695192,9.668734,11.4395275,9.276388,7.6830006,3.0042694,2.8641853,5.4353385,5.879243,3.090192,2.3285966,0.52509564,0.95087373,2.7307527,2.006661,1.1530079,0.8968051,1.2185444,1.1824174,fearful
-619.13696,52.309505,14.760063,15.739355,0.5093551,6.715797,-0.7470467,-3.4625247,-5.5417614,6.591988,-2.61945,-1.2237656,-0.059115376,1.5734304,-1.8329374,-0.9690162,0.014323289,-0.19650267,-3.2376564,-0.90946305,-1.3201568,-1.6988366,0.20900409,-2.2020907,-1.2613064,0.26178235,-1.1374407,0.9928203,1.0161204,1.8108443,0.53005576,-1.28476,-0.28106657,0.01986943,0.01434502,1.2298771,0.62680644,1.5468571,1.0610162,0.7883452,disgust
-595.0189,50.388268,10.445363,16.397516,-0.79992783,5.542152,-0.7613011,-4.655997,-4.228884,3.7395618,-2.7796528,-0.48384902,-1.3659196,1.6633974,-0.9913997,-0.94714457,0.99082935,2.1366937,-3.0619006,-1.6601752,-0.116283044,-2.2193294,1.1087015,-1.5532662,-0.02520817,0.1899731,-0.32017794,1.9845022,1.7108897,2.6997294,-0.48602152,-0.43906254,-0.9910395,-0.4526074,1.0867761,1.5923297,1.818931,3.667063,3.0389278,3.0956278,disgust
-621.9911,55.53474,14.719198,7.8948975,0.6263839,5.7134476,-1.9833448,-0.18109852,-4.8564153,5.279563,-3.4119735,-1.1862619,0.056760665,2.719457,-1.6008711,-1.8877137,-1.1833819,1.0880295,-4.8523474,0.514607,-1.4083463,-2.7203982,-1.0562167,-0.99625957,-1.6450182,-0.47754303,-1.2581927,1.039697,-0.090289146,0.54214615,-0.6913761,-1.8716495,-0.9673086,-2.167996,-0.6955045,-0.27236226,1.2767783,1.5114644,1.4003434,1.2451912,disgust
-588.7504,60.567482,17.221739,7.28189,-3.8797386,3.2784903,-2.1330009,-3.903707,-8.184451,3.6796262,-5.3619905,-2.6124618,-2.8236387,-1.1193696,-4.862802,-4.827748,-4.6739483,-1.8856281,-4.818061,-1.6086652,-3.3419824,-4.5260463,-1.9026681,-1.7193532,-3.5284636,-0.600774,-2.3081362,-0.09779682,-1.1325153,0.22831832,-1.9755647,-3.20893,-2.9280214,-2.2120688,-1.0037827,0.013247515,0.77249736,1.2020954,1.0008548,0.65669954,disgust
-555.45447,47.302658,10.933793,14.694803,-0.22482672,5.472138,-1.3728875,-5.1104765,-4.882495,7.5308523,-2.0850255,0.004057123,0.387884,0.21501426,-2.120356,1.1715952,0.9106516,1.4479634,-3.2487001,-0.47122476,-0.5700023,1.3217844,-1.1762335,-0.9440431,1.0199504,0.9933683,1.2836124,4.033696,1.199924,1.6694835,-0.015301336,0.7300728,1.4965875,2.0340834,3.256126,2.2364054,1.9741521,3.103919,3.049027,4.157388,disgust
-562.4304,52.928562,12.537235,17.229475,1.1706792,5.2722225,0.47940683,-4.7539883,-2.61536,6.6867123,-4.4307384,-0.55220115,-0.088074826,3.2503934,-1.8562951,2.2083864,1.9387629,-0.06113912,-0.015484477,0.15954746,-0.80317414,0.18084702,0.85279787,-2.2777047,-0.14283746,0.07728458,-0.082866326,1.8021313,-0.32408366,2.2188356,-0.78510076,0.38446963,0.20411038,-0.7090022,-0.69718987,-0.55469066,-1.1162049,1.5954957,-0.63823104,-0.5162166,disgust
-580.4669,61.383163,14.482967,6.0247226,-2.7420657,4.9587474,-3.0001698,-7.1148095,-8.918498,4.6405816,-2.955134,-2.5897593,-0.09895049,-1.6175052,-5.1790257,-5.4528413,-1.7432897,-0.51908666,-5.3291645,-1.6347494,-3.4091706,-2.9937565,-0.95079565,-3.4445577,-2.0719476,-0.64812934,-2.6056113,-0.8105108,-1.9984446,-0.38551652,-2.393836,-1.5702497,-1.074154,-1.6290436,-2.0593255,-0.5746628,-1.9163799,0.5236722,1.3540255,0.9766127,disgust
-528.73914,48.930637,9.883725,4.963358,-4.6369557,1.7956474,-3.9975703,-4.9903965,-4.4471455,3.017677,-4.175256,-4.8072023,-1.7359763,-3.2786362,-5.052648,-0.5210725,-2.875433,-2.3163028,-5.757889,-1.7402796,-2.8610697,-3.5187666,-1.5156457,-3.7839408,-4.4524107,-2.5755475,-2.441003,-0.70004946,-1.2224839,-2.1962664,-2.4248884,-1.5838889,0.28702813,2.905587,1.7574694,1.5780282,0.62653005,0.19389135,0.7965303,1.0904926,disgust
-658.68286,43.605106,10.949059,9.092504,4.0002933,4.8935633,-1.1216768,-2.2024481,-2.6524932,5.559606,0.14278111,-0.5826158,1.4592348,1.2060794,-0.8698576,0.4443853,-0.8079918,3.269005,-0.7491627,3.9573307,2.4801548,0.2015342,1.8292475,-0.9984593,1.5149025,1.6551853,3.0996754,4.7376914,4.095202,3.2189934,1.2722965,0.58139604,0.6805179,1.6627989,1.2660638,0.77131814,1.1668977,1.9486362,0.78741807,1.2455422,surprised
-618.15924,42.518417,5.832941,2.4903994,0.6693823,0.23142187,-3.727935,-2.9088016,-5.787075,0.9871239,-2.2660103,-3.7297683,0.12213093,0.9154634,-4.396503,0.22269472,-1.6341342,0.9599415,-0.523774,2.7974663,3.1054144,0.5914449,3.991426,1.4700074,2.8770096,5.232029,5.703798,7.1233225,3.298028,3.349648,2.1602607,0.94565874,0.5227321,0.90553766,0.66292197,1.5138919,1.7158786,1.3723922,0.8507145,0.80509007,surprised
-565.13336,41.705376,7.6035657,7.2979603,0.10931154,3.2601223,0.23124851,-5.485707,-5.9423127,3.3624494,-2.4322805,-1.7515614,-2.2289605,3.2337415,-0.03537318,-0.77780473,0.6805273,-0.30038244,-3.1346934,0.5361266,-0.7969041,-1.8818856,-1.7353195,-0.21146248,-0.6224034,2.3176498,3.6181893,5.3379645,5.3217945,4.0127263,3.0782068,2.8916552,3.7159584,3.4822025,2.909061,2.1560614,1.1503949,2.1517036,2.0229685,0.93011206,surprised
-562.69653,43.82482,-1.0347589,3.9421241,0.81373227,2.3673477,-8.074193,-12.940636,-6.8389006,3.6196182,-3.481017,-1.8099477,-3.5056586,0.33119565,-0.092547506,-2.294093,-1.991597,-0.42085448,-5.984919,0.42923936,5.149731,4.6640925,6.779491,1.7550058,3.6904724,2.0858839,1.2302644,8.010191,4.627036,8.02598,4.4053054,1.6764824,-0.56771433,-0.48760444,0.86459553,1.6699486,0.013698601,-1.3216642,-0.12367848,0.29593274,surprised
-582.24304,36.007786,3.3997123,7.043167,0.002661546,1.0246547,-3.5627956,-4.3909106,-4.665977,2.0041223,-1.1754693,-3.6672058,-1.704161,-0.8057794,-1.7630688,-0.48201323,-2.0747695,0.78849524,-2.0408726,2.364922,3.555357,0.8021658,3.1934745,2.728223,5.970612,7.629644,5.837176,8.086457,4.351311,3.281063,0.008425772,2.1937857,2.193665,1.8930229,0.91661197,0.8716073,1.930919,2.490522,0.24612595,-1.0586778,surprised
-492.99384,31.801142,2.0992272,2.1382558,-3.3198538,-0.39610428,-2.4106793,-5.0590105,-7.023626,3.5166564,-4.585699,-4.1685777,-3.5348787,-2.0232885,-5.66676,-2.4747527,-2.709995,-0.32682666,-1.3434148,2.8316598,2.3588564,4.5155625,6.521608,6.941453,6.7168503,3.025382,1.1178987,1.9763702,2.5412598,2.9174323,1.5471069,1.2162476,-1.6850451,-0.10214193,0.9458906,0.049989406,0.91573954,1.5006061,1.4135772,1.2076607,surprised
-533.7217,33.60908,3.0318527,2.8927858,-0.29289624,-0.5490926,-3.9591649,-6.5336976,-7.2041497,2.7408197,-3.1901467,-3.6680222,-1.0413116,1.3188094,-5.51947,-1.624927,-2.6682549,0.5550601,1.4452549,5.7669005,4.4751863,-0.11745102,0.12932508,0.33145058,3.8158514,5.3866043,4.694782,5.9152436,4.075969,4.2208104,1.6189761,0.16086899,-1.737731,0.15311737,0.70943403,0.5450576,-0.2801927,-0.42367384,1.4696494,0.71172935,surprised
-522.67035,26.620796,5.691978,3.0673854,-1.6390606,-1.9302944,-2.6107357,-6.7064743,-5.8912163,2.0612383,-5.8368154,-3.7572212,-0.7262071,-0.3821484,-5.150352,-2.568036,-3.9217536,-0.47456065,-1.4846302,3.4824464,3.4029377,3.6513736,4.9902854,7.466942,6.580747,5.330693,1.288293,1.8306775,2.6647096,2.1661727,1.5497932,0.41741708,-1.6234202,-0.31392577,-0.32174686,-0.8044937,-0.56966424,0.09158298,0.40206543,-0.28813803,surprised
-670.77527,53.84789,-3.0093284,11.982763,-6.308891,-2.2044706,-8.178142,-13.188854,-6.345784,-6.197377,-5.0852623,-8.250651,-1.779562,-3.3092256,-11.317062,-4.904437,-2.8681386,-5.6320443,-5.352975,-5.7630205,-7.1935415,-3.8155692,-2.286816,-0.24311943,2.797354,1.7152485,2.9504554,1.7884498,2.7238925,3.997269,5.7681327,5.3933077,4.6686234,3.8882244,0.7402388,-2.2910929,-1.1467851,1.2235345,0.3130714,0.6668312,neutral
-677.9969,51.01743,-4.0557613,12.795065,-4.7517557,-1.7125266,-7.802724,-11.362791,-2.424782,-5.5052714,-6.3343496,-6.156199,-1.547786,-1.0903363,-9.136532,-2.96465,-2.2619321,-4.9375896,-2.202728,-2.672045,-4.3888955,-2.0519419,-1.3396326,0.12438851,3.6899714,1.1393454,2.0984619,-0.09182525,1.4593096,3.5279381,6.6407604,7.3044844,7.0376625,6.544326,5.525032,2.0349007,0.70714056,1.2250279,1.1598778,1.256487,neutral
-652.8616,53.066288,-5.0051084,11.689657,-1.3510212,-6.338172,-13.667527,-13.932959,-2.0899603,-6.351798,-4.7993784,-8.47169,-1.7882266,-2.874811,-12.079141,-3.3371263,-3.5191655,-6.530286,-4.2353415,-4.719509,-4.9406075,-3.7859485,-1.3936164,0.4160444,1.8339387,0.942947,4.5350757,6.344294,7.022633,6.9887195,4.5047307,3.0706482,2.2971544,6.2579536,8.841224,4.681551,2.4113665,-0.854477,1.1370481,2.1356792,neutral
-667.08984,49.649166,-0.16375682,8.218323,-2.1151354,-1.8647759,-11.044441,-8.465722,-0.81037194,-7.790953,-4.0609417,-7.4779725,-1.6072662,-4.009759,-10.264599,-1.883869,-6.002913,-5.719138,-3.6876507,-4.9467525,-6.3272185,-4.0979924,-3.4752517,-1.586882,0.058723018,0.60863614,1.9353563,4.067999,2.4723039,4.021128,3.4996314,5.11306,5.195198,6.318072,5.9641337,4.575823,4.8993845,1.9161682,0.1396515,0.39046988,neutral
-647.95856,53.071007,-3.7739136,9.774303,-4.7592535,-1.2777122,-6.886109,-9.243342,-5.3713083,-6.498155,-2.6881769,-8.73245,-1.3257395,-1.2715085,-9.175908,-4.529906,-3.867381,-4.991618,-3.5701506,-3.8381653,-3.0063415,-0.22100514,1.5298746,3.3916876,4.523211,2.728989,3.9201055,4.3394756,4.1571407,5.355663,5.9575543,7.3062425,5.304538,6.0475535,2.5392208,0.48166588,1.5366094,2.3463123,1.2941245,1.1023419,calm
-649.8259,61.70423,-4.2497425,12.675102,-2.8301718,1.4880273,-10.821721,-8.244994,-6.7333016,-4.160076,-2.2057076,-11.02089,-0.57185775,-0.8463923,-8.341756,-4.2059865,-1.2488086,-3.1952825,-4.0399957,-2.593315,-2.112244,-1.4184763,1.0717835,2.9252644,4.290372,1.7005013,5.1654005,4.234993,3.5093153,2.9221241,4.0136695,5.82544,4.924498,7.129399,3.2792754,0.5583456,0.27965254,0.97447,1.1100127,1.0584798,calm
-657.41516,45.329926,-6.4727473,8.921971,-3.7863834,-5.8286033,-12.475453,-12.433836,-7.3903065,-7.654634,-5.793183,-10.654873,-1.7992159,-4.89742,-11.125869,-5.819814,-5.3537636,-7.009564,-6.1906695,-4.55731,-6.867091,-4.1767898,-0.6306151,-1.7179947,0.5794092,-0.3440041,2.62219,6.195199,7.2219353,8.875235,7.021717,4.319947,3.03031,4.526017,2.453053,-1.6803379,-1.8530412,0.9846281,1.2508134,0.6080358,calm
-662.2051,45.78065,-4.0967317,10.802507,-3.4722273,-4.606413,-13.353172,-11.527333,-6.307505,-7.467288,-5.406782,-11.230272,-1.4072375,-3.902918,-10.62618,-4.1948776,-2.46186,-5.0087037,-3.6552227,-2.4937892,-3.793895,-3.7087138,0.6049129,1.0362321,4.1760626,3.1671615,5.1844897,3.839135,0.8227458,2.0901434,3.4594898,8.06011,6.425819,7.414981,3.1063793,-0.5477741,-0.044695407,2.2599032,1.0380418,1.1468256,calm
-661.8098,47.34082,-5.0678496,10.215863,-4.8310757,-2.9168644,-8.189516,-9.715244,-9.267829,-6.790155,-4.4610133,-10.215128,-1.6940092,-3.5331657,-11.065633,-7.049939,-4.0485277,-5.323629,-4.85803,-5.0516157,-7.116523,-4.55072,-2.843902,-0.4091983,1.8128165,3.3818464,3.952841,5.5873647,5.370172,6.085219,5.372993,4.187756,1.6170415,3.8742428,3.7585583,2.103141,1.4457537,0.74474204,-0.22722284,0.056150764,calm
-659.3269,57.717663,1.6565292,15.781493,-1.6578892,-0.21981986,-5.172083,-9.5570755,-4.5944543,-4.6575,-3.592848,-8.2343025,-1.1587518,0.71218204,-7.388958,-5.349495,-2.6313822,-5.6764994,-3.7228985,-2.6437132,-3.9083357,-3.1755707,-1.1659579,0.65080684,3.415897,1.9066463,3.8408334,4.3336225,3.616162,5.7351565,5.804253,4.5709667,2.205039,4.066235,2.3210256,0.758833,0.27527657,2.0017219,1.336733,0.15047169,calm
-662.698,48.630028,-1.4796766,6.309448,-4.3237953,-3.9109569,-12.769218,-9.052324,-8.888785,-6.422407,-2.9213107,-12.421983,-0.6940915,-4.753055,-9.85075,-5.0878615,-3.552906,-5.5705914,-3.3090777,-1.6031075,-2.0819721,0.10735737,2.3134966,4.0906796,6.1106257,2.6968129,3.4664145,4.1604705,4.716535,6.890668,4.7887707,4.6673617,3.0485542,5.0332294,1.6360389,-2.7824898,-2.338194,0.40156245,1.1988081,0.54714686,calm
-662.3965,47.844143,-1.303191,5.720292,-5.963013,-3.6622953,-12.550394,-9.813093,-8.719506,-9.132167,-3.7848182,-11.7335615,-2.3490326,-5.294263,-12.194595,-6.083712,-5.9782577,-7.857113,-5.173373,-3.8075325,-6.437831,-5.5722275,-3.533189,-1.7354394,4.857801,5.7257414,7.1084366,5.3635225,1.0099808,1.3764936,1.5573326,3.118342,2.5945947,3.400692,2.965593,1.1699575,2.4366355,0.87620693,-1.5396975,-0.14214163,calm
-587.7287,46.22881,-21.573315,12.157556,-11.266072,-4.1956587,-12.297341,-11.383159,-1.187092,-5.6983232,-2.321627,-10.388022,-1.7804536,-3.1481545,-10.529143,-3.2166672,-3.7243543,-4.2274404,0.8520563,1.4183567,0.5060231,1.7901059,0.09913709,1.6478882,1.299838,3.291214,6.1392,7.32084,7.1373167,8.486408,9.013308,6.5856357,2.5188696,0.31931967,0.15135181,1.5493454,1.3205031,0.9985268,1.0864582,3.5118089,happy
-582.75165,51.405487,-17.075464,12.243253,-8.2104645,-4.27865,-8.676263,-11.775583,-0.45421708,-3.7890744,0.21443903,-7.7931895,-1.6956189,-1.1842952,-8.653191,-0.9617903,-2.8748763,-2.63982,0.71119696,1.5418655,-0.026428329,1.8731089,1.7867712,3.3674567,3.179182,4.7904625,5.555323,6.1950793,2.875923,3.9924011,5.9259496,5.3960605,4.1450152,5.3904104,4.7667427,2.2246265,0.8108228,-0.2771795,2.137169,4.1733136,happy
-581.78735,38.601128,-15.469555,9.3911085,-12.001331,-7.8361006,-18.520262,-14.787682,-6.923988,-8.655095,-3.9774253,-13.871189,-3.503105,-6.576711,-11.813171,-5.7702293,-6.906124,-8.692431,-4.454924,-2.4294689,-3.3327835,-0.15700169,-0.4835373,1.0173795,-0.2004107,0.17206925,6.199419,8.20917,4.4139204,1.705907,0.90463394,2.9960763,2.3886333,2.783769,-0.15504996,-2.0426214,0.60755885,-0.11100119,-1.465203,-0.68365896,happy
-574.2905,43.062378,-18.748465,11.218867,-11.2351265,-10.154376,-16.74079,-15.549969,-3.168749,-9.34548,-2.3366082,-12.100771,-2.945005,-3.8602123,-11.749075,-3.0380158,-4.0862,-6.598403,-3.9495664,-2.20447,-5.4077463,-3.190106,-1.7483451,1.3801411,3.1769886,4.4023643,5.3708825,4.3445597,0.9832117,1.1443533,1.6169835,4.369484,5.202714,7.1039147,2.6707714,-1.1817901,-2.29647,-0.2758827,0.12007149,0.86607176,happy
-461.75723,29.831696,-23.844032,7.5019317,-11.409097,-6.8052707,-3.7287657,-8.250856,1.728642,-2.148862,0.8269022,-4.1997223,2.2298522,3.7872295,1.0921606,8.911067,8.031918,9.102768,10.383614,4.769478,4.2739077,6.130406,4.705658,8.841938,5.5042586,6.320283,3.7621253,4.861672,2.9770818,3.0339243,3.6637535,3.680988,4.501183,3.6132362,2.118523,3.4818242,0.5040562,0.6801327,0.41466737,0.8638154,happy
-470.0831,30.392115,-21.052502,9.573812,-8.831414,-6.621681,-2.52724,-8.343864,2.2028325,-2.477515,2.0136523,-4.3960385,-1.2572442,1.4024289,-4.0459538,7.880903,7.360799,12.210468,13.620696,8.60006,6.5328174,5.675037,2.4693646,5.853315,3.717145,6.7494545,3.2092013,4.2746696,4.386042,5.093568,4.5023766,3.3983817,4.693048,3.8879056,2.1736906,2.640838,1.654878,1.5203212,0.4508289,0.5539312,happy
-532.307,33.69741,-21.9038,7.2205434,-11.057168,-8.718958,-12.518623,-14.22498,-0.91117066,-8.859466,-4.512866,-8.398453,-4.309425,-2.6020348,-11.865232,-2.958807,-4.4784102,-4.9099436,0.5054787,3.4385974,5.6269507,10.374929,9.9634695,8.792811,6.4309187,3.9815283,4.56904,3.0901067,1.6165535,2.3612108,2.9086776,1.2689886,-0.1848254,0.65343314,1.3662409,-1.2342564,-0.48276255,1.4287117,3.1807168,1.8865002,happy
-461.39185,23.162197,-35.96747,-0.2884344,-16.698696,-15.135919,-10.988025,-16.476938,-1.5816091,-9.142721,-3.3121042,-5.202965,1.4674124,7.2149234,3.98768,11.9227705,3.3728614,1.3882052,3.219322,2.418147,-0.6957435,1.2771223,-0.37821823,3.572326,2.3990064,5.332559,8.296478,9.292049,5.0560284,1.9762226,2.730677,2.2669697,1.1157506,2.4225442,3.0033994,-1.5327063,-1.9881228,4.191389,2.0519183,-1.0195537,happy
-607.16,49.483284,-13.356362,8.131747,-6.7379513,-6.369926,-12.009418,-14.028256,-4.318014,-5.8099403,-2.8233657,-7.9491477,-3.5382361,1.5394912,-10.396122,-2.385952,-4.7452617,-4.0270905,-1.1736206,0.8428285,0.74173,3.5416605,0.85934925,3.0543938,4.087493,7.6137915,9.803183,12.127667,10.128841,6.051867,4.7605653,2.4004078,0.59001523,1.4418627,0.35202095,-1.30708,-1.1250412,-0.8067452,-1.4804869,-1.0803252,sad
-602.76526,57.32393,-11.410798,12.373964,-6.124247,-6.023032,-16.3318,-16.532387,-0.031900067,-7.4423423,-2.3595157,-8.846829,-1.6303122,-1.0003531,-9.320726,-0.14750147,-2.6786005,-1.7735751,0.5220964,2.240081,-0.2533153,1.9732596,3.6501212,6.550758,7.4410186,10.0932455,11.799682,11.889509,7.347708,5.370834,5.5966725,6.1124954,5.8325715,4.3609447,0.45101804,-1.4683363,-0.2650843,0.38099274,-2.3264937,-2.6571062,sad
-643.4369,37.424667,-2.3299963,7.2439876,-1.850423,1.5848908,-12.135341,-9.845235,-3.0722146,-4.888335,0.88703144,-9.04733,-0.28193745,-1.9867462,-8.341137,0.22765811,-3.5724964,-4.868299,-3.147122,-1.2157136,-4.3404245,-3.271226,-0.92660344,1.1181574,7.607265,7.5556183,10.967381,7.504833,7.796784,7.4927163,7.618962,4.151156,0.43704882,1.7808717,2.6500728,3.8766253,2.5411518,-1.4750781,-2.552441,-0.10255449,sad
-619.4598,44.513477,-9.732259,7.7326517,-6.2084885,-3.9015667,-16.688677,-15.295554,-4.577568,-9.71393,-1.4424287,-11.1539135,-3.615048,-3.5330768,-10.511522,-3.1777089,-4.3768163,-4.782536,-5.1983404,0.2677934,-2.9252872,-1.1251767,0.6670556,3.1244545,6.432095,6.489212,10.475793,9.563025,8.049227,5.9659643,5.053509,4.3911686,1.0110711,1.2276031,-0.21519664,-2.106559,-2.5124285,-2.6676602,-4.7188745,-2.9100363,sad
-517.59753,40.108795,-19.306034,4.741675,-14.365367,-10.923607,-10.973496,-16.203758,-0.26565683,-4.50393,-2.3168657,-0.9812705,-1.652645,5.275533,-2.6054068,9.040189,10.329203,11.947001,13.670306,10.554393,4.388379,3.1001215,2.79101,7.08941,4.0877194,2.376735,0.6368047,2.548418,4.510159,3.6593425,0.5149768,0.3394529,2.4914713,1.2929909,1.3621026,2.6125004,3.5236456,1.5746274,0.5197833,1.578756,sad
-481.28,32.622578,-32.614304,-1.8587443,-18.310156,-14.314118,-16.57232,-18.296087,2.1925802,-8.406873,-4.2072043,-5.4350266,0.77311105,9.287857,6.18033,13.206094,8.293785,4.4758396,3.7372003,5.635694,0.98633623,-0.18859845,-3.8908474,0.7178201,1.2178407,1.0709852,2.061648,4.326702,3.9622972,2.0820928,1.5326465,2.387089,4.2715297,1.820547,0.90831923,-0.672216,-0.16507195,1.7497187,1.011319,1.658371,sad
-517.87775,26.424109,-25.806644,-3.5884995,-14.208174,-14.394874,-14.518844,-18.848337,-1.8443853,-7.5665107,-6.0754232,-4.6087575,-6.828629,-1.5406122,-7.1728206,3.8348918,5.427345,7.6638093,10.593021,13.415461,9.165945,7.6974673,1.8042113,2.687738,2.3168774,5.24313,0.5119611,0.47273517,0.2715648,0.2563392,-0.619177,-0.24945685,1.4093858,1.6510534,0.5469305,-1.5269091,1.3312501,1.963801,0.5716337,-0.5230297,sad
-459.70346,24.646992,-26.351818,-4.0465546,-15.202115,-16.131947,-11.067955,-17.61468,-0.5572769,-6.1444693,-4.1828856,-3.2632873,-4.4198136,4.468149,1.7018685,15.697622,15.957901,11.318753,6.578908,-0.15151961,-2.2061334,2.861852,2.5394197,1.6724865,-2.038958,0.52195114,2.4932082,2.2403598,-0.7890547,2.8732042,6.009981,4.6985364,3.4769692,1.9850274,1.770992,0.49523598,-0.20072275,0.11810159,0.8893642,-0.17317028,sad
-573.66473,46.23357,-3.0956106,9.224277,-8.231301,2.0435238,-4.828123,-8.6661415,-2.687165,-3.716975,-2.4149585,-4.1615314,-0.7912016,-1.6548215,-8.608672,-2.1621175,-4.1649704,-4.2402864,-2.6794565,-3.795033,-4.5168066,-2.907118,-3.7601323,-1.193921,0.98183715,1.8616601,2.28732,3.5678847,1.8961494,2.735658,2.6324334,3.9440577,3.819451,5.934565,3.1815417,1.9748037,1.2475213,2.4168522,1.9216247,1.7858698,angry
-562.50555,47.98202,-6.584128,14.073945,-7.6032405,-0.6241997,-5.707884,-9.953331,-3.2578154,-2.1581872,-2.216923,-5.06091,-0.994695,-0.25099972,-8.604393,-2.0927303,-3.9370768,-4.409502,-1.4655899,-1.4886397,-3.3358364,-2.1529572,-2.7397294,-1.7402902,0.78370154,2.2498043,3.748488,6.2388396,4.058193,1.4274857,1.9469472,1.4425876,2.2773252,4.010977,4.11775,3.7731655,3.6098824,4.4750357,1.7081531,2.8595881,angry
-618.4373,47.17628,-0.78282857,7.5852003,-3.4373229,-4.3356376,-12.693034,-11.280496,-3.6616895,-9.403156,-3.3469205,-9.791838,-2.834723,-5.1151347,-10.739459,-4.0685987,-5.66537,-6.7871466,-5.5593534,-4.9294815,-7.7134614,-4.36071,-3.9201193,-2.454147,-1.7621683,-2.102944,0.9001951,0.97542304,2.2451222,3.9211211,3.7383652,1.5003126,-0.4651185,-0.5208252,0.40310717,1.321322,3.304706,2.2578714,1.0057229,1.0269372,angry
-602.59814,39.196404,-7.5100417,6.321141,-8.200104,-5.418693,-14.088667,-12.72044,-2.812918,-9.311545,-3.1014311,-9.513045,-3.0701284,-5.0056586,-10.764562,-4.396676,-5.0819187,-6.5753803,-5.4562187,-3.1038296,-7.0589147,-3.4293747,-2.8387907,-1.6439279,-1.1654605,-2.3518355,-1.1346046,-0.8464315,-1.4691474,-0.19292194,1.0471873,2.669978,4.461446,5.170594,5.225413,2.4413927,3.8480487,5.233329,5.3473864,3.9986775,angry
-434.945,39.38867,-12.459018,3.2437098,-9.01893,-1.9156668,-1.6888711,-8.653395,-0.8029794,-3.8484232,-1.0985715,-3.7446654,-4.185171,-0.73073274,-8.675821,0.69266546,1.4551365,2.6687036,4.3605943,-0.33581817,-0.25220796,3.44151,2.6513402,5.450065,4.0397305,6.8765097,3.6246898,5.8574185,5.317159,3.8885124,4.09861,3.3596046,4.2886825,4.275032,3.8348258,2.9243927,2.4245002,3.273839,0.8622538,1.8436413,angry
-366.48056,29.220596,-24.624979,-4.3389835,-11.831731,-4.6087804,-3.2115414,-9.951091,-2.45241,-6.324262,-3.3324678,-5.9916115,-4.407435,0.57173723,-6.226262,-0.3407951,0.4573953,2.3798196,8.117945,8.471574,7.26132,7.5143614,2.8189082,5.2457376,4.270687,5.225313,3.6878183,5.853412,4.267096,4.644267,3.3959322,2.7137153,2.0229676,3.0816681,3.2777264,2.2304196,2.7911954,3.2882054,2.4705794,3.6328845,angry
-463.07867,40.927593,-12.518593,3.6215446,-8.257164,-2.74552,-5.7043495,-12.964475,-1.9805735,-7.43583,-0.7931795,-5.440036,-3.8197885,-2.8421462,-11.090338,-2.8631394,-5.405232,-2.5705936,2.2478404,2.7312472,1.2477415,3.2257855,1.5800612,1.9530206,2.498029,3.1769648,3.9856083,6.922367,5.4323826,5.3705096,2.8025763,1.6346216,1.6524179,2.0200105,1.8699166,2.39783,2.3574064,2.509316,2.3045244,3.4657176,angry
-405.2604,37.348362,-21.075375,-6.1672263,-8.874913,-5.451699,-4.725568,-12.128176,0.6623137,-2.35804,-4.6178937,-5.2950206,-7.4984827,-1.9358423,-5.7485337,3.1715326,1.6944735,0.83031756,5.555853,4.451845,4.8380833,6.0006704,2.1236155,2.9807558,3.0812728,3.916614,3.224935,4.3146763,4.1494455,4.224957,3.1327193,3.020043,1.8827485,2.1568701,4.374455,4.4991107,1.0711229,0.88861597,2.8122904,3.5472567,angry
-510.61993,42.546364,-9.58873,9.606951,-6.7648044,-5.8594165,-15.525116,-6.201055,0.12806764,-5.422106,-1.2264311,-2.8122437,-0.28947374,-1.1167834,-3.2720413,2.6006315,4.3587604,5.3937545,7.528695,5.184078,4.004299,3.7539048,5.368419,7.72391,5.836641,5.219993,4.5769734,6.183071,6.3695016,5.534398,4.063772,3.5885088,4.485514,4.8234253,3.9758444,3.0258586,2.0572264,2.7838717,2.7736676,2.1528614,fearful
-524.0832,39.208946,-12.47873,10.888279,-6.811116,-5.0735555,-14.567174,-9.369406,2.3162134,-6.0585985,-3.8821702,-3.0289476,1.4690846,-1.7277406,-6.0663905,-0.93096405,0.99355143,2.8606076,7.975437,8.645775,2.8957286,3.878032,5.3904786,8.953043,7.7415905,6.7902727,3.9878407,2.835376,3.6267486,4.7700987,2.4006493,-0.22281416,0.69893724,2.7825687,1.115618,-0.9048643,1.2897152,3.6369233,1.3147141,-0.5695324,fearful
-567.4691,35.930923,-14.262862,7.1372313,-11.771449,-7.8145084,-22.127762,-11.679854,-1.3403429,-10.149098,-4.7987833,-9.895841,-4.1571937,-6.6559396,-8.586397,-4.878717,-5.6216574,-5.1565127,0.99619395,1.8622979,0.29985884,1.2894267,1.4532931,3.4484365,3.020616,3.4972212,5.845956,5.3450255,4.759984,4.6451325,3.5418954,0.06699639,0.6609198,3.0391815,1.5348603,1.5339453,0.57424176,2.5564368,1.8210797,1.5871536,fearful
-557.0267,35.11252,-12.396643,6.169124,-10.103015,-9.810376,-19.335358,-10.162752,-0.53453684,-9.944723,-5.3437686,-7.4190397,-5.115098,-4.6605263,-7.82776,-3.110118,-3.3531191,-2.4952614,4.656922,4.6465144,0.6328533,-0.9745491,-0.9368529,0.9660086,3.0735557,6.350625,6.239401,4.887132,2.9209087,2.746856,2.5813975,0.70072806,-1.007222,1.175088,0.6595714,0.9439271,0.8795599,1.7115576,0.5554175,0.5378852,fearful
-423.34277,27.675583,-25.28492,1.8554655,-9.836865,-8.138147,-10.004121,-12.279737,6.087281,-4.5797563,-6.0164227,-1.9747031,3.9126003,16.04844,11.996206,18.767696,12.294577,5.062993,2.6276095,4.3849287,3.1994867,1.8974851,0.3198413,0.17492451,1.9412851,3.7312403,4.3446913,5.767868,6.727368,6.725637,4.1213593,4.3311524,2.912754,3.8249514,3.1659942,1.0709114,0.4692595,2.4719706,2.9379184,2.3864346,fearful
-387.47104,20.889965,-30.968452,-4.7784815,-12.575964,-8.778889,-12.348647,-16.088884,-1.2362859,-4.5314198,-0.959487,8.187148,16.815725,15.663827,2.4204328,5.583105,2.6319396,2.6624045,2.4222922,0.100894734,-0.48770586,1.0766063,0.31886098,4.2897964,4.6683545,1.8525956,4.286759,8.574238,4.3991246,1.9690027,1.7146763,4.044592,2.6309538,4.1000156,3.5669887,1.4801866,0.77593076,1.8458545,2.2687402,1.7869449,fearful
-419.1711,25.97559,-25.417215,-6.052269,-13.762369,-11.351831,-19.783503,-16.634403,-3.7097838,-8.632139,-3.4128568,3.5193336,10.136001,6.590939,2.218531,5.245008,2.8276498,-0.9090649,3.0921664,2.5273807,0.87801766,0.87455547,-2.024505,3.069747,2.0634995,1.6348569,4.7370496,4.9256525,1.660005,3.2243948,3.7148385,2.3401985,1.6912946,1.6962177,1.2034519,1.4688113,0.9923745,1.1434327,1.2912732,0.1745146,fearful
-413.52002,20.965786,-31.374048,-5.02624,-12.7900915,-8.686871,-14.158448,-18.587914,-3.185679,-7.2697,-2.7004306,7.683216,15.560167,17.883844,5.810307,5.007211,0.24003293,-1.2789053,1.3906493,0.5391036,-0.30834648,-0.56631476,-2.382515,3.0006135,2.7928524,4.7534556,7.1650324,5.210755,2.003329,5.130262,3.466873,3.2676604,2.6544354,-0.4421269,-1.7625439,2.2369707,3.6037874,0.18681253,1.6994154,0.8181423,fearful
-602.3781,45.2722,-7.353985,13.3988085,-6.0761576,-3.317213,-15.739568,-5.808584,1.9747825,-9.010804,-0.2966221,-6.2204695,-1.0569773,-2.73012,-6.7612643,-2.3677342,-2.937308,-5.4975233,-3.5752704,-4.275203,-4.0990334,-1.172729,-2.3343067,2.2316997,1.5362254,3.9520288,2.6795495,2.189211,2.6036756,4.381129,5.384779,3.7543914,1.6816607,1.465755,1.8385282,3.3708036,4.495555,4.7291427,4.067671,4.0305967,disgust
-591.3073,59.54898,-11.187578,17.357008,-8.403606,-0.84896535,-16.731155,-13.456689,-0.10194699,-8.453255,-0.9861843,-8.301019,-1.3407398,-2.4044313,-7.717565,-2.2720184,-3.6176245,-3.9897141,-3.2972305,-1.6968192,-1.964756,-1.4671353,-2.2737381,0.9538848,0.6863677,-0.09076385,1.1374465,2.6214232,2.275374,4.124145,3.1493227,2.7902007,2.7567368,3.2700634,0.81964105,0.48724592,1.0175184,3.2608082,3.670837,4.539755,disgust
-630.0631,48.381615,-9.118726,4.9631433,-5.051315,-5.4606533,-18.533066,-10.023696,-1.1632271,-8.177907,-4.455367,-9.810005,-3.99839,-5.7399783,-10.813959,-3.0840034,-5.708839,-8.49579,-4.695955,-5.1830516,-5.6960983,-3.4747114,-3.8931603,-0.5921182,-2.787363,-0.19858055,-1.734895,1.686934,1.2833607,1.8501512,1.7694384,0.39212364,1.6013541,2.0964124,2.7112691,1.8328905,3.6024938,4.9923143,5.387446,4.9656506,disgust
-611.6504,52.76676,-3.7896712,5.570918,-4.83126,-2.9046068,-15.477235,-6.778873,0.58000493,-6.7886324,-1.3508416,-10.942224,-0.42991632,-6.87198,-9.0541525,-2.6151528,-5.5997043,-5.9231668,-2.3367364,-5.1519356,-5.051957,-2.7474864,-3.2073798,0.31442288,-2.3105056,1.5654949,1.5080404,3.8052938,1.713757,2.6695948,3.331626,2.541276,3.1719818,2.6574311,1.4461355,0.3149747,1.3521501,2.0052347,2.416229,2.088659,disgust
-537.122,41.530884,-15.579142,9.757185,-8.674309,-8.492853,-17.232115,-6.923088,2.8859963,-8.855006,-5.4528527,-4.601179,-4.8384213,-5.818272,-7.54446,-2.5273988,-3.2081628,-2.2600863,3.2966874,0.8059096,1.554216,0.47598514,1.000769,2.6468842,0.61429095,5.4889774,5.7901216,6.152832,3.4509435,2.3597798,2.1411395,1.4045118,2.9228897,3.4958682,1.5498182,2.7250125,0.8277506,2.3865077,0.9489001,0.890917,disgust
-507.23294,44.34063,-25.104094,-1.6473588,-16.588076,-6.4379773,-21.29475,-16.764275,-0.24873395,-12.289169,-5.688952,-11.496874,-7.323299,-8.4471245,-7.745356,0.18867429,-0.258572,5.7616215,3.7801445,-1.2545998,-0.5857537,0.968393,-0.54771316,2.6677194,-0.81734496,0.35531574,2.75825,2.1439438,2.419302,3.926184,4.039623,3.0365927,4.7008624,4.4583073,3.1430523,2.2635875,1.9218625,1.8817384,0.45813215,-0.40022337,disgust
-504.962,35.582092,-14.519501,5.1648045,-11.670186,-12.188797,-19.69074,-8.112462,3.7524085,-13.573745,-1.885947,-8.91478,-5.5554996,-4.5289483,-8.917079,1.1380023,-6.619698,-2.4424636,0.36240885,-2.0370286,0.8501852,-0.6711566,1.8782859,-0.16675663,-1.1961446,1.3599102,5.1206713,8.372493,6.510024,5.061049,2.2152004,1.8603553,2.791588,2.548486,0.65325516,1.3890036,2.177027,0.737813,-0.20692712,1.7908005,disgust
-519.2101,35.761585,-15.570008,0.64841175,-8.767666,-8.0961,-14.859955,-16.67155,-1.5975257,-11.932239,-2.3030405,-11.972454,-3.7653685,-3.4895978,-9.916981,-1.6881535,-6.906383,-6.036494,-1.0290768,1.5861973,2.4625683,1.7454294,2.484132,0.3699924,0.75166404,2.354106,4.5751996,9.454181,6.973599,8.657683,4.989902,1.3416765,-0.5756572,2.767074,2.0676103,0.057443727,-0.50238174,1.7986219,1.948099,1.1520579,disgust
-613.1691,49.482685,-13.389398,8.264052,-8.993932,-6.4949183,-14.18638,-10.746159,-2.0873318,-10.441342,-4.412907,-7.816446,-4.172081,-6.86865,-8.158108,-1.9190501,-3.9875505,-1.371304,0.8385563,1.6614255,0.21047965,1.3932319,1.0824093,3.299114,3.6397545,3.162225,0.45196217,0.93062204,1.7233809,3.9764936,4.6255097,2.1872287,3.0763206,3.6625423,1.9760811,2.8811364,3.663175,3.8104367,-0.068770654,-0.1296584,surprised
-578.88715,46.22099,-7.0306807,8.525885,-3.098531,-3.6822116,-7.749815,-9.117064,0.41992328,-5.2056527,-2.8344314,-4.7223773,-0.60054123,-2.1156492,-3.9411678,2.808034,-0.20435634,1.4258083,1.025229,0.13524912,-0.11589889,3.7643654,4.1982713,3.0360954,1.515724,3.576701,3.2590528,3.1879313,1.7012199,3.8585541,4.2679043,2.6741686,2.2447417,2.1843803,2.066363,3.2229896,4.1062665,3.8921719,2.3296108,1.7425966,surprised
-604.59784,39.25863,-8.599152,7.838854,-6.9743314,-4.41333,-14.364511,-10.609072,-4.5747046,-7.731458,-3.212652,-8.830246,-2.056025,-4.063538,-8.870782,-1.9646367,-3.204116,-4.463216,-2.9558105,-4.293802,-4.3908424,-2.504613,-2.3432539,-1.5845339,0.0016542635,3.274327,4.698699,5.611368,3.474277,2.1305377,-0.38386342,-0.55285126,1.2918681,3.6133156,4.345048,2.9786313,2.64564,1.3156155,0.047583528,-0.5404406,surprised
-594.2746,40.330643,-8.724715,5.179778,-8.584062,-6.927579,-18.13832,-13.962614,-5.515718,-9.932569,-2.9267514,-12.664874,-4.0475917,-8.139782,-9.945401,-5.293971,-6.7636385,-5.2888293,-2.5499716,0.7467718,-2.380764,-0.31281596,0.8082892,3.4853191,2.9956305,3.350844,3.7881036,5.001688,6.3387566,8.690731,7.027176,3.7383435,0.41093206,-0.3083242,0.7931752,2.6945062,2.1597836,0.5164305,-0.7716368,-0.43388116,surprised
-543.13617,45.095993,-14.332949,5.4325347,-7.9268947,-8.093847,-17.649519,-8.644464,-1.1117393,-5.4777207,-3.6829784,-9.20261,-2.7781615,-4.3357954,-3.5285907,-1.028223,-0.092220776,0.1277942,4.724614,2.5392165,3.910509,3.0607934,1.9558539,3.707899,2.1305015,4.100747,5.8605013,5.347334,3.9519596,2.0011492,3.5643942,3.0906582,3.5825982,3.5243013,2.4568613,3.0678504,2.1574209,3.005788,1.5758443,0.9144212,surprised
-517.422,32.711563,-19.844944,5.5947433,-13.838315,-9.98515,-17.229197,-8.427561,-1.1481907,-5.9601874,-5.4743466,-10.084196,-2.381151,-2.7892935,-1.1006391,1.5748869,1.601484,2.1224031,4.5368276,3.9102807,2.0880444,3.240576,1.2815431,5.3083906,5.411362,8.396106,10.871028,8.022726,4.863174,3.5209038,4.218439,3.7009,3.0612798,1.1376796,-1.6312782,0.7190438,1.8160329,2.7655423,0.21905386,-1.0259495,surprised
-537.455,42.563965,-10.403289,3.7769775,-8.663718,-9.386625,-14.06555,-10.159886,1.171248,-10.288495,-2.6286998,-5.713417,-1.4990015,-1.0008935,-5.655188,-0.33688843,-4.0502777,-3.8764045,-0.8371481,-3.0416996,-2.6293511,1.6464356,2.7904997,4.6490054,3.6928167,5.574912,3.6923172,4.710749,3.3270557,2.584254,2.40931,1.9990461,2.141673,2.0361845,2.4476495,2.462188,1.943114,2.164184,0.53571415,-0.36526734,surprised
-560.5457,38.42112,-14.254077,-3.616781,-10.16978,-13.420595,-17.799994,-13.461891,-2.6810656,-12.418437,-6.17521,-12.818785,-6.7084174,-8.45908,-10.568771,-3.0743744,-4.5058026,-3.794713,0.8011729,-0.13247204,-3.0508475,1.022132,2.4381406,3.3513975,1.0658779,2.4095485,3.226682,3.4741626,1.4283376,1.2463448,1.561404,2.094632,2.5782611,3.85391,1.9909706,1.6763434,1.8012856,2.6691034,0.5226101,0.35061643,surprised
-725.3092,62.313004,0.26566774,15.546759,5.7530017,0.43323502,-2.9518847,-4.170247,-1.1624359,3.295684,-1.7615325,5.7869463,-1.9177635,0.7501983,0.08691126,-3.9538026,1.5980062,0.68981725,-1.5955266,-0.25158048,-1.436051,-1.791553,-1.0491523,0.721032,0.08764338,1.2706593,0.156091,0.81804883,-1.6873039,0.12963787,0.54834723,0.70584494,0.7582435,-0.9681659,-2.1339262,-1.3237939,-0.48555765,-0.9568329,-1.2322676,-2.425115,neutral
-707.52893,60.747437,1.5200623,12.3613205,5.17055,0.6337007,-5.0194507,-4.364358,-0.31742847,3.014809,-1.9003386,6.744113,-1.3206263,1.0675464,-1.3640836,-2.74942,2.689055,-0.0005944176,-0.42346328,-1.0342733,-0.44344306,-0.399531,-0.17843714,1.2964439,-0.27059865,1.2873169,1.0101851,0.163444,-0.7363346,0.23490414,0.33737126,1.2492744,0.56472516,-0.2167741,-1.8259406,-1.7455429,-0.81131285,-0.63800526,-1.5010958,-2.1056964,neutral
-710.64923,57.88075,-0.041325152,12.700614,7.3566,1.1793933,-6.7975364,-5.9117584,-0.7940572,4.3074784,-2.9133065,7.418902,-1.9007393,2.2509031,1.2876844,-4.4015145,4.5304923,-0.13010438,-2.1222575,0.14097774,-1.4329787,-0.6683814,-0.5701369,1.1737078,0.8215578,1.0986387,0.616919,0.8376139,-1.0126497,0.92128843,0.18718807,0.5662053,0.9101367,-1.4321232,-1.6382891,-2.9346015,0.036538426,0.19904958,1.0799614,0.9027476,neutral
-693.468,51.118294,-2.0490766,13.356528,4.084262,0.6243097,-6.2956767,-8.164316,-1.394101,4.070533,-4.923017,7.225498,-4.162791,2.1804776,-0.15739815,-4.497628,4.416576,-2.2503648,-1.6404564,-0.20277984,-1.1320667,-0.4908821,-0.7451179,0.75360155,0.7905162,1.8336213,-0.27886492,0.032120116,-1.1622261,0.52066654,0.76065016,0.7679064,0.7844336,-1.9927938,-1.1890618,-0.9371586,-0.00889088,-0.81139725,-0.96823955,-1.4726976,neutral
-706.8697,76.18786,5.1142526,20.56198,8.407652,2.8251805,-5.214197,-4.6997747,-0.14691207,0.21716532,-2.9247143,9.832128,-2.822906,2.101697,1.2918088,-4.203932,2.4295783,-0.59618384,-0.18085632,0.3493946,-0.9936803,-0.042138476,-0.5550811,1.4036871,-0.15866989,1.0116765,0.8374148,0.96945614,-0.9912849,1.0837963,0.9343326,1.3965539,0.5206384,-0.39567116,-2.5485663,-0.9359607,-0.25126117,-0.94803864,0.34221295,-0.9187964,calm
-717.41486,70.18612,1.8739188,16.924057,6.577937,2.5463226,-3.5398493,-3.0276017,-2.310172,-0.22281383,-3.8375604,10.138464,-2.5737643,-0.5870304,1.0029765,-5.786584,2.4313433,-1.9547154,-0.359704,-1.3639201,-0.45660627,-0.5898897,-1.3923715,1.5384431,-1.2130107,0.81525964,0.19126588,0.39815533,-0.8766337,0.18730043,0.15946108,0.70652586,0.4749181,-1.196392,-2.659661,-0.44758692,-1.1290753,-1.5128806,-0.23299435,-0.9194538,calm
-719.06165,69.00331,11.016268,16.66886,8.624518,5.0116825,-3.7565362,-5.24155,1.2239954,1.8766941,-4.000286,8.896124,-1.4136884,1.9910767,1.7703933,-3.7457075,3.6469696,-0.9154426,-0.60973525,-0.013273286,0.389338,-0.3596825,0.20033757,0.8798576,-0.32057232,1.3846058,1.6560678,0.17621459,-1.4900812,0.037226416,-0.24414739,1.4495561,0.9006764,-2.2588046,-1.0459933,-2.005843,0.37125933,-0.40598035,-0.51296335,-1.7395418,calm
-716.0527,63.612564,5.7323985,15.971745,4.961166,3.6975582,-6.2114577,-6.5367074,0.32846183,2.0480251,-2.5356138,9.034762,-2.0226479,1.5606394,3.7907257,-5.0692887,5.2658615,-2.0643203,-2.0394247,-1.3764577,-0.14131351,-1.3512125,-0.08414927,1.2271477,-0.29721564,1.2078732,2.5612721,0.9835652,-1.044627,0.72440916,0.6282593,0.15808778,-0.5478898,-1.4295591,-2.542727,-2.0689087,0.29897743,-0.8863899,-0.7469329,-2.8810928,calm
-724.6554,67.04159,4.152354,17.648228,9.159877,2.750886,-5.201469,-5.791683,1.3337877,5.033174,-1.7342308,5.9381204,-1.9909146,-0.7883411,0.4520662,-3.5482113,1.6528563,-1.1547209,-2.43831,-0.38970092,-2.1206045,0.048793986,-0.6387578,0.4505941,0.20369245,-0.41214544,0.92072076,0.8133359,-1.2212203,-1.4574964,-0.59372526,-0.08402608,1.047378,-1.4125298,-2.3964646,-2.3943338,0.10802982,-0.82973385,-1.0028626,-1.3088923,calm
-699.27264,64.63718,-3.152096,13.53478,8.222359,1.7761396,-4.1777463,-7.3659825,-2.1091223,4.4421086,-2.504114,5.538847,-3.6092777,-0.712789,-0.029125445,-4.5738373,-0.19494565,-0.21180959,-2.723536,-0.13090262,-2.66518,-1.6736635,1.0545752,-0.31286323,-0.57448304,-0.25474906,0.007265863,0.20816267,-1.5140601,-0.4105526,0.7037315,-0.32469442,1.7147579,-1.111253,-1.9468857,-1.8192486,-1.0818828,-1.1164259,-0.5775656,-2.2728279,calm
-699.3492,56.45725,-0.01716005,16.544151,5.4952893,3.0136232,-5.328584,-8.648715,0.99392974,4.728977,-1.7027422,7.3112707,-3.5714252,1.472022,1.6948556,-5.1792626,3.3848367,-0.41268596,-0.9683672,1.4688151,-1.0064248,0.6091037,1.0322224,0.10569009,0.2631594,0.42931828,1.3977692,1.2422563,-1.2318411,-0.27017555,0.6752902,-0.15192492,1.6776568,-1.1471332,-2.3356652,-1.9456928,-1.2459946,0.011489964,-0.2949111,-1.6006061,calm
-707.2427,60.30414,-2.5587375,14.60997,2.8019125,1.8714725,-3.9813402,-9.229236,-0.27461493,2.3914587,-0.72358286,6.704466,-2.9701564,2.060771,0.5519553,-3.8429527,2.7111444,0.10917334,-2.187744,-0.0032949348,-1.5532832,-1.7238898,0.05844204,0.13722686,-0.8913362,-0.84235656,0.9216692,0.1084597,-1.1207037,0.020692747,0.32663792,-1.2349283,0.93167585,-1.9600265,-2.7679868,-1.6123874,-1.1452342,-0.45907235,-0.99638903,-1.6596022,calm
-658.16296,54.258953,-7.7202215,14.2462015,3.4187043,-1.8805735,-5.4644723,-8.126615,-1.3344402,3.9211967,-4.601271,7.687626,-5.647622,-0.33876273,0.037822258,-4.8133683,3.2852995,-2.915881,-2.1272805,-0.748549,-1.5645099,1.3020173,-0.935518,-0.049580574,1.3419013,-1.4360068,2.0727196,-0.06414015,-0.3648961,0.19071652,-0.2720437,0.64545584,0.81195074,-2.160682,-1.1130334,-3.1632154,-0.7788379,-0.2717353,0.32137194,0.7852716,happy
-664.3873,55.408455,-6.8021526,13.516568,5.6567307,-2.127407,-4.899285,-8.201612,-2.6282046,4.9264994,-5.479481,7.8733296,-5.5611486,-2.0030093,0.45378155,-5.694023,4.526492,-2.674574,-1.9742533,0.49618417,-1.4344709,1.606975,0.19372451,-0.42489254,2.379094,-0.89315766,1.9586821,1.0352131,-1.7145611,1.112792,1.2875936,0.72026956,1.7028345,-1.9623148,-1.2644526,-1.4816924,1.1890088,2.8575315,3.6289885,1.3401053,happy
-654.039,49.368557,-1.282236,9.945379,4.306804,-1.2642817,-8.158019,-8.473526,-3.5772326,3.0334418,-4.497584,7.07114,-6.303239,1.999898,-2.7879567,-3.446263,3.126974,-3.3606675,0.6851435,-0.8895459,-1.6339933,0.95655686,-1.3335109,0.9733569,-1.2048258,-0.5311133,0.5035523,-0.418308,-1.0806015,0.006985741,-1.5404154,1.4294924,0.19292161,-0.83812106,0.0092485985,-0.20766172,2.027932,1.0864583,0.87077856,-0.32691154,happy
-635.6891,48.951965,-1.4933095,9.285684,3.4172294,-1.5777787,-13.121676,-6.356846,-6.808591,4.3355637,-7.7529416,6.4075274,-7.456385,0.46763113,-2.3904998,-6.3307986,3.127436,-3.3801308,-0.48499075,-1.5017858,-2.5851936,0.10619516,-0.9768244,0.85492456,-0.091272466,1.0956997,1.9744642,1.4232653,0.89416397,2.905626,1.3021326,2.834014,2.7154396,1.2447604,-0.1527737,-0.6855079,1.9236684,2.7391853,2.0102608,-0.04841978,happy
-577.7865,49.743618,-10.3827715,14.462243,5.844803,-6.6474605,-8.90064,-6.037914,-3.8924527,3.5837865,-9.969379,6.8255353,-5.962559,0.29655144,0.6924949,-6.53547,2.4445856,-2.0685742,-2.9112933,1.5387443,-3.2317474,-1.0712214,0.625108,0.6625409,0.4530987,-0.35470465,1.0018815,1.778148,-1.6079406,0.2561387,0.7587333,1.6766214,2.9722292,1.2353468,-1.1380674,0.26837602,2.3049304,1.6626302,2.6037614,0.6146114,happy
-519.0908,47.838455,-6.3023763,4.365427,0.54020935,-10.209293,-14.151606,-6.2529945,-10.870262,1.315799,-11.360499,0.5517076,-8.7586,-3.722278,-4.1540647,-8.017332,-1.0686369,-1.1111593,-4.360376,-1.1243439,-2.4303708,-3.6977384,-0.6110204,0.096974835,1.2344867,3.937979,3.7762358,3.3966577,2.7658732,4.0987277,2.393587,3.9129362,3.4010632,2.183299,1.0215976,2.5978537,4.1208744,4.1779127,3.8041499,0.7281802,happy
-517.52423,29.33414,-6.723084,-4.8966293,-3.8901079,-8.174609,-16.746973,-6.5969315,-10.503786,0.35996094,-10.089342,-0.1499306,-9.31189,-3.090381,-5.1519775,-6.099024,2.0070994,-2.5528278,-1.4654057,-1.6860815,-1.4108274,-1.6356026,-0.34128442,3.9620824,4.647542,7.912457,6.404837,4.373205,0.48196793,0.38121745,-0.09514791,3.8326056,4.0934553,0.66541034,-0.5419658,-0.44796938,1.8962506,1.9840544,-0.9110552,-0.14443216,happy
-535.19415,34.458607,-7.4164114,-3.400197,-4.057065,-6.625859,-14.961998,-5.8371735,-9.3408575,1.4706312,-9.0650215,0.41141212,-6.801318,-3.353754,-3.4560294,-7.006671,2.2236013,-4.8059745,-4.1909122,-1.5358621,-2.151939,-1.9688036,-0.98600894,1.8309009,1.7516057,6.238048,7.224215,7.9330845,5.121189,1.7561663,-0.014706243,1.7000064,2.4394758,1.9501449,-0.475318,0.1647551,0.94401926,2.7603889,0.35797545,-0.9222857,happy
-700.3295,71.76383,13.364122,17.08956,6.782201,3.239519,-4.4911165,-1.641406,-0.023952484,4.1940455,-1.9009508,4.53822,-0.5297942,3.4512806,0.58453953,-3.281687,2.022978,-0.8208828,-0.81207913,-2.053225,-0.93321717,-1.4642822,-1.1803347,0.82733375,-0.30592722,0.93780243,-0.10637176,-0.3095537,-0.2703757,-0.54208696,-0.5188452,-0.14655718,0.011702687,-0.48401704,-2.5442739,-2.440657,-2.5944004,-0.5518747,-0.2753582,-1.4535303,sad
-707.20044,68.60258,8.557042,16.42486,7.8262315,-0.609235,-10.0330305,-2.051221,-1.6170844,2.8856015,-5.19253,5.7315335,0.19938679,0.63996077,-1.2731025,-3.6870348,2.63717,-1.4734572,-1.3331921,-1.5125215,-2.69989,-1.081031,-1.7391756,1.3145454,-0.64147824,0.92531765,0.00039226943,0.5853941,-1.0931095,-0.71220803,-0.16872746,0.82380927,0.9846664,-0.5937418,-1.8558182,-2.0831099,-1.0196224,-0.34904954,-0.73109126,-1.3307883,sad
-708.43933,65.45698,6.888574,14.396969,7.0440564,0.23179744,-6.877392,-1.4057555,-1.4095436,1.8638067,-2.2956564,3.9388034,-1.4886312,2.332216,-1.018712,-2.7763188,2.5276072,0.09828757,-0.7086351,-2.7344668,-0.33212286,-1.8932414,0.42378518,0.29850277,-0.30870825,2.157157,0.772293,0.24414818,0.42959753,0.15080903,-0.79902333,1.1830367,0.14159228,-1.341196,-2.4260874,-2.350855,-1.2084302,0.035838272,-0.11481844,-1.2892537,sad
-702.92926,63.84433,6.6819243,11.555441,4.0087013,-1.8844604,-8.822359,-4.161246,-1.4993459,1.1755385,-4.267109,6.791151,-0.9162866,1.8454562,-0.72603184,-4.1073647,3.4181306,-1.8980509,-1.4918165,-1.068883,-1.8986694,-2.1081944,-0.5847611,1.0696672,-1.3730135,0.3883696,0.49968886,-0.5061993,-1.1615196,-1.7860557,-1.6068795,1.0879438,0.010494532,-1.4371471,-3.516611,-1.5518453,-0.64132345,-1.4630376,-0.58292687,-2.6051798,sad
-659.02026,64.54373,0.55246496,17.088942,3.2983208,-2.6255708,-9.418763,-3.5292754,-3.9642045,1.4775445,-4.611007,6.866176,-3.1377218,3.5066848,0.6218968,-5.6256943,2.98167,-0.38805234,0.37750372,-0.7794015,-0.7242127,-1.799392,1.9576365,-0.6250636,-0.7454335,1.526178,0.133211,1.2315824,0.60071105,-2.1914492,-0.07078435,-0.19339041,-0.17232859,0.012425239,-2.3510423,-0.5633873,-0.38654962,1.2548531,1.801542,0.5047131,sad
-672.62396,58.101517,8.2351885,17.917767,4.472884,-1.524265,-8.807949,0.1337668,-2.4259117,1.7537786,-2.9760594,3.9585023,-1.8554375,3.8604698,-0.53991807,-3.0222201,2.7493536,-1.8456788,-0.31378725,-2.9210744,-1.0629228,-1.3509657,0.41025507,1.5066261,-0.08150649,0.50899166,0.39745685,1.1310897,-0.92391676,-2.0802484,1.3318626,1.4893323,1.0275261,0.8669476,-2.4705935,-1.318112,-1.4742566,1.3035014,0.49999416,-1.5951688,sad
-686.31946,68.583305,9.481449,11.432915,5.924564,1.1572429,-4.749067,-3.3690767,-3.5120337,3.5765412,-2.9340308,6.806307,-1.1045731,1.3943547,-0.62220484,-3.7606273,2.7942724,-0.6733536,-2.6193454,-1.0226252,-0.10661987,-1.4064447,0.5506755,-0.8761907,-0.77489007,1.7250121,-0.052470736,0.7152187,0.021361947,-0.8420649,-1.2510972,0.29175907,0.6097653,-0.9461854,-2.6220975,-2.0562465,-2.2458165,0.25453535,1.6654439,0.088691615,sad
-706.6768,61.014233,15.920992,17.750948,8.475213,2.9415712,-2.778993,-0.08908572,-2.650374,2.4464562,-1.7418302,4.202914,-0.9442961,1.0894321,-1.3083258,-2.8314223,3.1983802,-0.5107202,-2.8939908,-2.117328,-1.9418443,-1.789839,-0.9428378,-1.0868037,-0.80155325,1.8478845,0.3415614,1.9304959,0.28807244,-0.36413565,-0.71706086,1.2539651,1.2467145,-1.0352737,-2.3193657,-3.008735,-2.1524394,-0.85496575,-0.2791336,-1.8316164,sad
-600.3142,49.240437,-4.539686,13.273761,-1.9032817,-2.0747464,-4.087869,-9.23342,-4.96061,-1.2261032,-4.474723,6.673297,-4.9990816,3.5153987,-3.1408055,-4.617422,-0.6003595,0.43584839,-0.9382924,-0.40584454,-0.5281312,-1.9128728,-1.7061738,-0.8746222,-0.24997078,0.6873467,0.40448475,0.7788995,-0.89879215,-0.65536475,-0.50704336,-0.22748013,0.9712686,-0.05782003,-1.6446081,-1.6915458,-1.6081779,-0.20772724,1.8587966,0.7448201,angry
-561.8948,43.710037,-6.09897,8.954385,-3.6913466,-2.590578,-5.6676955,-8.836042,-4.8955817,-0.40360245,-5.8366513,5.5692835,-5.008997,2.5137634,-2.2995975,-5.564759,0.6465,-2.8214908,-0.7825736,-1.6249195,0.1993609,-1.819634,-2.2761838,-0.83613497,-1.3996295,0.44791007,-0.060621716,-0.1242805,-0.6350042,-0.5290789,0.94960976,1.1198027,2.5360548,1.9095954,1.4744163,3.1866457,4.2403536,5.1677237,5.144718,1.0736452,angry
-555.08984,43.078094,-4.9862347,11.415729,-0.43586552,-4.259022,-5.177556,-13.962978,-7.047376,-0.3026397,-8.029242,6.587629,-5.1126466,0.78106934,-3.2089925,-5.2416697,-0.83616287,-2.992848,-1.853129,-1.7953563,-0.25563997,-1.3431923,-2.9232745,-0.2680675,-2.9243178,-0.95202065,-0.7788981,-0.36437175,-1.248891,-1.7124023,-0.2747978,-0.6289049,0.64422095,-0.13141036,-2.9240599,-2.9457986,-3.1900046,0.2285763,2.8037903,2.6002357,angry
-552.7379,40.788734,-7.20317,8.715875,-3.5023267,-4.9301763,-8.395238,-13.697511,-7.4397516,-1.5747464,-8.835274,4.1906266,-6.565719,0.48867676,-3.2785327,-6.499711,0.28661826,-3.1014507,-1.6799793,-2.475992,-1.3410387,-4.0169253,-3.5041947,-1.1061217,-4.5871186,-0.6978625,-2.15437,-1.2344908,-1.2590736,-1.2701659,0.26313952,1.7380927,0.76323175,1.2055193,-0.39533597,1.3719445,2.126298,3.449294,4.917977,2.967558,angry
-346.3209,13.377204,-12.911569,-4.242784,-10.334353,-7.728052,-10.214118,-6.6952133,-8.4733095,1.3821738,-7.960765,-0.3031442,-4.4556537,-6.0594397,-4.31998,-7.8214607,-1.0859413,2.6597586,8.421164,11.6540785,8.808951,3.0570517,3.5842664,3.1438897,2.6709573,3.4737215,0.6941223,3.1048696,2.688417,1.5500109,0.83597225,-0.65617925,2.3892093,1.2466364,-0.16186096,2.6112168,3.9604912,4.4704084,1.2935684,2.05414,angry
-411.36404,33.12023,-5.9340534,7.264083,-6.5326896,-8.761341,-3.345618,-5.6692424,-4.779984,2.106193,-7.969158,3.0897896,-3.7597482,-2.2813952,-1.1284748,-6.947885,-0.664886,-2.4468923,-2.1419616,2.1463058,0.44051406,1.9045018,4.099287,3.5601802,3.2342274,4.1480784,3.2564695,6.4789114,4.7286987,3.7395566,3.143195,2.151045,4.5368805,4.152422,3.779152,3.464227,3.4849544,3.9105625,3.9730916,3.0629191,angry
-395.40814,19.414717,-14.049945,-6.2575464,-8.903178,-7.669064,-11.6091175,-8.489192,-9.668501,2.8658001,-6.098333,1.7267853,-6.262233,-5.4402213,-5.705483,-8.776108,-1.98327,-2.3690152,2.1235373,7.003749,7.289712,6.918709,7.832391,6.8103137,3.743504,2.1597798,1.7834966,3.8872972,3.320162,3.0155032,2.3673248,1.4740934,2.459313,2.899971,-0.1829934,-0.24232915,0.8842052,3.1481903,1.6599938,-0.1583399,angry
-312.57022,3.998458,-17.409376,-14.2605,-14.885273,-7.339622,-13.724376,-6.5231414,-10.5376425,1.6276888,-7.654083,-4.64668,-8.674795,-10.103808,-9.381873,-0.7710307,8.112253,11.974717,12.652765,4.9544725,1.1333084,-1.8996447,2.4094996,1.3406557,-0.2801209,0.5231257,1.7126905,0.08688028,-2.8600464,-0.98737735,3.786589,4.788409,3.5094209,4.4294133,1.9537667,-1.838685,2.0482197,6.3273754,2.3234632,-0.34539998,angry
-673.5132,53.843212,4.077798,12.438579,5.8356514,-3.3482823,-4.8640456,-1.5353947,-1.6558081,2.347988,-5.5156646,4.5508127,-0.7069739,1.8339021,0.115668386,-2.8129735,2.5228071,0.5465861,-2.4134097,0.7980713,-1.4358163,-0.86962724,-0.11397553,0.64919645,0.7685636,-0.2598082,0.10117211,0.93439764,-0.70405465,-0.3537193,0.56213725,0.6484115,0.9712624,-1.0348403,-0.9150188,-0.6659015,1.934331,2.8034077,2.4254296,2.0704286,fearful
-686.74884,51.400635,11.037627,14.723057,6.986643,1.1811675,-1.4740564,2.7854567,-0.035753503,3.747612,-2.4205275,3.496096,-0.47603863,3.3609757,0.94724077,-0.7709809,2.6382957,1.6155944,-0.6953686,-0.05697544,-0.47774315,-2.0270526,-0.97335887,0.7697653,-0.32227594,1.3057448,0.2732702,1.0318764,-1.6241021,0.35208195,1.2885294,2.3297324,2.333501,0.59427106,0.11352215,0.2775043,2.3258944,0.42187732,0.6726985,0.1742972,fearful
-618.31445,46.04515,4.1602597,10.768588,4.6991243,-2.7495606,-3.6112735,-4.2758965,-3.0365443,1.6354213,-4.967433,5.6435456,-3.926049,-0.3303721,-2.7150373,-4.0292177,2.1413617,-0.65866125,-1.9971097,-0.15818743,-1.555884,-1.0332047,-1.2125313,0.2381723,-1.0825208,0.01353947,0.09686419,0.06394864,-2.578332,-0.64358914,-1.0239692,-0.1802763,0.26363102,-2.2745364,-2.222162,-1.574511,0.74950796,1.35864,0.88390344,0.3006758,fearful
-627.24976,55.162262,6.140115,12.009033,5.0869613,-1.1052154,-3.4616601,-3.7740686,-0.104994066,5.90887,-2.5134854,8.138263,-2.3691652,0.62367815,-1.159142,-3.316877,3.9223168,-0.71848565,-1.5555007,0.3698168,-0.75481707,-0.6680303,-0.7814882,1.9402858,0.7254571,1.4650846,1.2015364,0.5149907,-0.59704953,0.75189275,0.81839967,2.8602192,2.3537943,-0.19190955,-0.6121183,0.6103647,3.1660187,2.801874,2.8446586,1.9639795,fearful
-661.2648,50.502747,7.029547,10.706954,2.9635494,-1.2115403,-3.8242617,-0.7627055,-2.6858892,2.7457902,-5.2656116,3.9850724,1.1142949,0.28248408,-0.71624726,-1.7431455,1.07021,-0.065159306,-1.1534958,-0.20869492,-0.8536555,-1.1408451,-1.0062673,0.96181214,-0.62368935,1.0451813,0.22224867,0.9094966,0.71432346,0.31842026,0.5877379,1.7730836,2.300571,1.2624685,1.5590771,3.6547322,3.9072645,3.9913888,4.0658107,2.1770537,fearful
-495.75842,28.41425,-5.987624,2.34373,-4.9240274,-9.106547,-9.198398,-2.0181336,-8.330232,-0.60336024,-6.9871826,-0.8739419,-3.1474686,-2.8000522,0.7522115,-1.2036078,3.8422568,3.095961,2.593806,2.8763163,5.7320485,3.1386223,3.992273,5.6512613,2.3499832,3.4833944,1.7290314,1.6254203,2.1095085,2.4715354,2.21652,1.3036562,1.3583498,0.57476234,-0.35027155,2.259368,2.804399,3.186934,2.8226235,0.615505,fearful
-486.6624,33.233894,-4.8508854,-0.45539647,-6.1456847,-9.7942915,-8.676298,-7.2660637,-9.017874,-0.33417532,-9.4377165,0.7950546,-6.631587,-4.977218,-1.883799,-6.2210603,-0.123502135,-4.1037602,-3.7862358,-2.4202762,-2.5454688,-1.9420749,1.5118382,2.7121668,3.3964357,6.3156805,3.4547997,3.3092904,2.4369705,3.771579,5.732279,5.5015144,4.6997066,0.78194225,0.4293398,2.8959024,2.0943522,1.0536164,0.8795214,-0.026434688,fearful
-633.0386,47.986343,4.28358,12.093755,5.241579,-1.5176642,-3.147805,-4.2606974,-3.0930443,0.7756845,-5.501487,3.9841943,-2.988079,2.215859,-2.450725,-3.2387593,2.9861307,0.35287628,-2.2421596,-1.8536355,-1.0220325,-1.6655861,-0.60265934,0.41678038,-0.9791114,1.0895413,0.24866097,0.5057919,-1.0633179,0.14482275,-0.22218817,0.3210186,0.48256117,-1.0740945,-2.3522322,-0.9418409,1.2247324,0.45826653,0.60911936,1.4050548,fearful
-719.3796,64.69958,2.669296,18.926407,4.938486,3.2366505,-3.0197995,-3.3441384,0.9653488,1.7544956,-0.13037059,7.791174,-2.916108,3.2503133,-1.6577201,-1.8815867,2.7174294,-0.5536561,-0.45140445,-2.4084485,-0.4803797,0.07363805,-0.7249295,1.599704,-0.29747748,0.24454118,0.4784396,-0.141485,-0.33546314,-0.3076013,-0.27776182,1.1079592,1.0211939,-0.113427415,-2.1789591,-0.53736675,-0.012249072,0.23381087,-0.40427294,-2.1930418,disgust
-718.8859,63.480385,4.7019615,18.300308,1.4792866,3.5760605,-3.5089252,-2.2258706,1.3130848,3.392397,-0.17614612,7.328432,-2.402036,3.921932,-2.0323057,-1.9445891,1.5084447,-0.6677489,-0.9241276,-4.3187194,0.6814183,-1.3319796,-0.17711134,0.21699077,-1.3579521,0.6499168,0.19107492,-0.23025621,0.59610826,-0.44074374,0.009688998,0.981166,-0.5409665,-0.61260986,-3.0296435,-0.02288862,0.7092934,1.4104146,0.9577838,-1.2829919,disgust
-707.8545,65.97919,6.9459624,15.788814,7.1724772,1.3667316,-4.7377386,-1.2582978,0.41366258,3.6584592,-1.4252844,6.359727,-1.510816,2.3112686,-2.8442326,-1.065823,2.149328,0.099311635,-0.7845227,-3.6592183,-0.43370557,-2.0754654,-1.106545,0.3392129,-0.41869283,0.38856128,0.82261586,-0.58539987,0.13491815,-1.7716901,-0.9665097,0.6100223,-0.10188619,-0.57509935,-2.085206,-0.8799772,-0.47551912,-0.25781938,-0.50308955,-1.787535,disgust
-703.0151,62.347824,8.444695,12.061571,2.6627405,-0.9110652,-5.4396334,-0.75311786,-2.3598535,3.531412,-1.8002166,5.363465,-3.4879687,1.6123127,-2.4137201,-2.6950207,2.804271,-0.7477107,-2.5179145,-1.8525149,-1.5802307,-1.9705622,-0.21321857,0.82413006,-1.0516931,-0.26260674,-0.16780353,-0.4844117,-0.58923537,-0.4135807,-0.9579363,0.5757289,-0.12869766,-0.7873568,-2.9560273,-0.5033987,-1.1280645,-0.05783948,0.49713442,-0.66590196,disgust
-625.5194,52.454056,5.575963,12.591865,1.030597,-3.9693196,-4.885766,-0.91734886,-1.5691841,1.9099234,-3.8009658,3.0706012,-3.8074694,2.6993861,-2.747149,-1.845477,2.6512454,-1.7044423,-2.4396317,-3.5831988,-0.52056825,-3.61044,-1.3623388,0.480751,-1.4140639,1.4317249,1.3385683,1.4372216,0.60345143,0.6308517,0.28825164,1.6870072,1.0964568,0.39795578,-2.081872,-0.22860876,0.13018008,0.19695617,0.09134534,-1.6156901,disgust
-611.0461,62.357533,3.0900779,13.866483,-0.38560933,-1.5016131,-8.740256,-4.0940933,-2.0504572,0.80422676,-2.8935297,5.6026826,-6.027479,1.7200865,-1.0408196,-1.5926083,2.3561473,-1.5735418,-0.00053571624,-4.634047,1.439012,-2.6497233,0.27436033,1.6349809,-0.87832206,1.4409606,1.7453386,0.848072,2.0356886,1.9904469,1.538813,2.7698905,1.7082481,1.408235,-0.89124185,-0.35979444,0.12338624,-0.051635776,0.49654153,-0.62795025,disgust
-698.8445,67.673004,10.757489,11.785916,3.99166,3.2460458,-3.960644,-2.9245741,-1.7436786,1.7210708,-0.84626186,6.7844357,-1.8731107,2.0571473,-0.5764026,-1.4387522,2.9219444,-1.6893725,-1.6256713,-2.53663,-1.0265449,-0.46667916,-1.9323678,0.5472432,-1.6220889,0.6231257,-0.15721351,-0.66166186,0.66371626,0.2491487,-0.38593334,1.0013791,-0.036765292,-0.032705687,-1.752851,-1.7978954,-0.9212798,-0.1970271,-0.93915194,-0.9877904,disgust
-643.2585,62.379154,2.6548407,9.917066,0.79943913,-0.67992586,-5.5679045,-4.142902,-3.7439435,3.765467,-3.3071926,5.420794,-2.430481,1.2741829,-1.2665726,-2.738193,1.330779,0.51822495,-2.0807533,-0.791785,-2.265743,-1.6481436,-1.2242194,-0.10817127,-0.032090478,0.47557834,-0.056082733,0.04592581,0.47462463,-0.9099788,-0.4174093,-0.42540443,0.18848713,-1.3734419,-1.3974923,-1.7646846,-1.02712,-0.8345141,-0.70040476,-1.360762,disgust
-598.4165,50.163544,-3.8987713,2.3112776,-1.7894613,-4.921343,-13.182037,-4.9885225,-5.8281302,-0.08386568,-5.418783,1.6176038,-6.9733653,-0.3485914,-2.8360834,-5.2238216,1.1222764,-0.63577837,-0.47319114,-2.6053724,-1.0024015,-0.94355845,0.044155978,2.5499616,-0.98831606,2.8825119,1.2317703,2.778797,2.1035159,3.502441,3.8681703,4.6811934,5.888189,4.3330035,0.8784626,1.0883243,0.8764206,2.3804007,3.3275461,1.2804945,surprised
-669.0576,48.623554,-1.1960444,2.6186962,1.672753,-2.2479818,-6.7464414,-6.019487,-5.4888024,4.1018653,-5.3968463,0.80795,-4.193596,-2.066505,-2.217714,-5.36256,-0.8253042,-0.73946804,-4.4067206,1.1002495,-0.24072838,2.1712646,3.6145175,5.0864277,1.718941,2.5856621,0.75363845,2.7216961,1.6136419,4.323289,4.3221064,5.0551476,5.5079656,2.060917,-0.4259878,-1.2698526,1.7972308,2.33492,0.76590997,-0.089449644,surprised
-683.81036,54.166744,2.6630294,6.800244,0.31643772,-1.2327969,-9.196631,-6.514909,-4.2419815,1.5879716,-5.702887,3.30827,-3.025005,0.142708,-2.9014704,-3.704498,1.3336203,-1.6314613,-2.5741053,-1.1409583,-2.0452287,-0.9789021,0.12821436,1.309562,0.22140989,2.582162,1.2476022,3.6684546,2.5442843,3.3210683,1.763291,2.5762117,3.290208,0.5177969,1.9872258,0.668609,1.5306637,0.63748,0.6655695,1.0067594,surprised
-669.3014,43.622795,0.68679583,5.1328664,-1.3653017,-1.4383516,-9.403788,-3.9867404,-5.1605787,1.5594206,-4.2978168,1.8349952,-2.1622841,-0.8154326,-3.049885,-4.4792957,1.6342772,0.8089868,0.8517148,1.5311308,-0.513218,-0.44332898,-0.23795739,1.5680625,-0.47586152,2.019922,0.93087846,4.175569,5.8450212,8.548715,6.2895985,5.364218,3.1901941,-0.4725884,0.4815967,0.9965384,2.8914797,2.161533,0.63069326,0.11338216,surprised
-611.86487,43.91259,-1.1211866,6.4393897,-0.020452468,-4.7006483,-7.786173,-3.6705198,-4.793361,1.7195307,-7.352263,0.14636809,-4.732472,-2.041122,-0.61533576,-2.636467,1.6131351,2.5084114,-1.239241,1.9465288,-0.77310544,-2.127976,0.5223687,-0.9110052,1.2722827,0.5803749,1.4494658,1.6448678,-0.7991647,1.1576302,2.013537,2.1282012,4.0453234,2.8319333,1.6985052,0.1434095,1.7720037,3.3111534,1.2736672,1.2186576,surprised
-636.21716,52.82607,4.6404657,11.379045,6.7071304,-0.39110205,-6.5751038,-0.7424661,-2.6453688,2.2252145,-1.9362295,3.9205256,-2.3855474,-0.04888926,-0.7391924,-2.5040202,2.2944658,1.5538318,1.44564,1.2553737,0.010111222,-1.4543039,1.0199962,1.129271,2.109192,2.8560102,1.5440943,1.9612808,1.4793447,1.2786822,1.7673345,2.355271,2.954324,1.1535134,0.39984226,0.7465989,2.191695,1.6056205,0.6165653,0.16459121,surprised
-564.41547,45.607952,-1.5960627,3.8261755,2.5298038,-3.744647,-10.920773,-6.352921,-5.1272655,-0.5402397,-7.3851247,2.624325,-6.819479,-0.23608491,-2.5020587,-5.4191813,2.675057,-1.9900265,-1.7151976,-2.2917976,-0.79338384,-1.6866724,-1.1133149,0.12815832,-1.7908909,0.9610608,-0.7408971,-1.1211644,-0.46470046,-0.055228196,0.7960106,1.7415731,0.96373856,1.4007434,-0.84454376,-0.5936975,1.379904,1.252813,0.36548543,0.691033,surprised
-573.6649,45.99412,-1.4004015,3.794165,1.0879234,-3.3387492,-9.010195,-6.8351183,-5.612552,-2.4321008,-7.0169396,-0.19098847,-6.2147617,-0.59642,-3.891586,-3.6862886,1.4677764,-1.5416684,-3.558484,-3.6309316,-0.36842805,-2.1338878,0.27759257,-0.7932449,0.18525234,1.1042366,-0.3561363,0.49280402,-1.5991963,0.6308117,1.0882837,2.385481,2.2332113,1.683813,-0.11934511,0.6293069,1.5721626,2.2824445,0.56965625,1.04738,surprised
-750.5892,37.962067,5.842278,6.8758655,-11.768947,-3.3738606,-10.1914425,-5.7530165,-4.8999944,-1.6409712,-6.2426844,-2.130734,-3.8072104,-4.2951164,-2.7564213,-3.731689,-4.2283535,-1.1009027,0.3691145,1.548706,1.9659443,1.7301869,-1.3002595,-0.9492771,-0.49118537,0.35288236,-0.6609733,-0.6449215,-1.5410117,-0.24059199,0.6182268,1.417801,2.7296395,3.8076205,2.27201,1.5258636,0.79164475,0.34073913,-0.70570827,-0.36262962,neutral
-746.6332,37.826923,5.799345,7.3109846,-9.693944,-2.9600885,-11.536357,-2.7974384,-3.955488,-2.8019266,-7.0085316,-1.6770787,-3.1792495,-2.7730167,-2.784773,-2.0868423,-4.4673667,-1.9011855,-1.3735741,-1.9449419,-0.2415612,0.74403834,-1.7202648,0.44522995,-1.4131445,0.2592326,0.6289496,1.4063163,1.5277884,2.9602463,5.0572753,5.2354765,3.1069543,1.6832227,0.73637766,1.0016726,1.166989,0.35858753,-2.1538768,-1.5902537,neutral
-723.5712,35.584843,3.0289514,4.5136847,-8.58802,-4.0763125,-14.380662,-4.58485,-4.5371075,-3.185246,-7.264813,-1.9256469,-5.3219104,-4.322626,-3.4391403,-3.2497604,-4.8109827,-1.3986263,0.5137471,0.21097407,2.4470804,1.043241,-2.9225178,-0.37245256,-0.589379,5.0213346,5.6254697,5.3331623,1.5522375,-0.1465488,-0.018808877,1.5166894,0.39930323,0.68403906,-0.16965996,-1.5631853,-1.4141182,0.25639993,-1.4965562,-2.9487555,neutral
-718.5922,39.3669,3.5888083,1.6973797,-11.222307,-2.393353,-14.843809,-3.53169,-6.111892,-3.267482,-6.6566887,-2.1067328,-5.2984324,-4.800544,-3.1705966,-3.4342015,-4.3206263,0.35264745,0.022965875,0.11199433,1.3065895,0.50444794,-1.9441932,2.5826335,1.8076499,2.1328049,1.3313004,0.55837494,3.6192868,3.657845,2.6945736,0.7566277,-1.9457424,-0.42771745,0.71982974,2.0182085,0.9942867,0.4234623,-1.9430552,-1.751972,neutral
-701.77527,33.65484,-0.12606111,3.8622158,-12.640846,-8.980728,-12.12812,-5.977913,-7.4612207,-4.6261787,-8.103995,-5.334949,-3.7627537,-6.158601,-3.3508205,-0.83754915,-3.2366645,2.3586535,-1.1855419,-2.594479,-2.430873,-3.0362751,-4.1268916,-2.4876647,-3.557146,-2.674812,-4.0013466,-3.4044738,-0.5256449,2.8057191,4.4109645,4.936374,3.1521688,1.5761291,-1.7299227,1.0835512,4.6138864,4.885308,0.9654942,-2.3949497,calm
-770.36005,34.37303,5.2754416,7.554545,-8.535167,-3.9791167,-10.927187,-4.984465,-7.968086,-2.6491053,-7.932452,-3.0979176,-4.5941186,-6.3811946,-4.007003,-3.4078476,-5.6276636,-2.6501548,-2.4523928,-2.9809153,-0.6957094,0.93712485,-0.5274572,-0.16238093,-1.3884544,-0.48641983,-0.8454666,0.8451215,1.5364429,2.0159857,2.7583482,5.7995706,6.129847,4.382115,1.3593851,1.2112048,-0.0027046034,-0.9972411,-2.160206,-1.9223235,calm
-709.7405,22.261389,6.652307,2.331635,-8.850748,-5.4038763,-12.916203,-5.3318934,-8.13349,-6.0472245,-8.565117,-4.847892,-5.2568727,-4.740838,-4.6699486,-5.260073,-6.494169,-3.0152037,-2.9111898,-1.9761595,3.0256686,5.0578156,3.6877067,6.3936625,2.3161871,1.273458,0.45310935,-0.5014569,-0.27946413,-0.5054392,0.7782148,2.1819892,0.4825223,0.8511825,1.0273135,-0.79619914,-1.4279145,-1.2702478,-2.4876406,-1.6701281,calm
-717.43225,28.500116,3.7735267,4.93553,-10.856641,-4.6211042,-14.031879,-6.015148,-7.9089584,-5.7906523,-9.8758955,-5.0885406,-5.990104,-4.3589606,-2.746897,-4.6927047,-6.334694,-1.900791,-4.1546354,-3.0563443,-1.8792347,1.3661793,2.0890863,4.6785607,3.6890886,3.2932806,1.1930422,2.4403605,4.1834865,3.8390367,2.4561357,2.173284,0.64475435,1.2421042,0.8547037,-2.062546,-2.263242,-1.6304675,-2.1867797,-3.668152,calm
-771.17584,38.243176,5.8564086,3.944075,-9.154767,-3.7449183,-10.326662,-4.6523213,-3.5110788,-1.7931741,-7.810674,-2.151171,-5.301972,-4.898374,-3.3695416,-4.4734435,-5.1735263,-3.6221013,-4.4359775,-2.6945274,-1.8377285,-2.7635958,-2.2421062,-1.1789114,-2.5578294,-0.7556483,-2.2163389,-1.3732684,-0.38967884,-0.36876512,1.4460835,1.704928,2.951163,3.30332,2.2627964,3.456171,2.3119094,1.7181064,0.42934048,-0.7422822,calm
-763.1104,28.872593,3.8663266,6.5151687,-8.713999,-5.447019,-9.817104,-5.455044,-7.6084805,-3.6662111,-9.798803,-3.4253538,-4.4976783,-4.129153,-3.8724923,-3.4734793,-5.8880787,-2.1299956,0.10068551,0.031961128,3.6857808,1.2644581,-1.5518447,-1.3076762,-0.95982385,1.7491373,1.0748479,0.8667285,2.3528588,4.0872416,5.2355914,4.554996,1.0206162,-0.63265383,-0.14027816,0.17584263,-0.3291427,-0.04184041,-1.0286963,0.028810369,calm
-769.704,37.59592,4.8002863,0.23036097,-6.3895807,-3.169348,-12.337117,-4.187571,-4.1131244,-1.6012263,-5.4735994,-2.4440804,-3.0609965,-4.720274,-2.700147,-3.3410535,-5.2186394,-1.8444959,-3.910721,-0.53467846,1.9025031,3.9320407,4.027634,4.743247,0.23464786,-1.9809662,-1.8434054,0.30145997,1.313435,-0.66824704,-1.0083246,0.16648477,1.633828,3.110438,2.7074382,4.3768716,4.996414,4.0971117,0.2686493,-0.3166567,calm
-736.1291,34.014175,6.205664,2.9810548,-10.091244,-4.738446,-15.181851,-2.6354132,-7.8604116,-3.6477466,-6.47652,-3.9380848,-4.7411356,-6.861206,-4.6757236,-4.8976784,-6.871393,-2.54896,-3.0421758,-2.51412,-1.0827032,-2.1238806,-1.1553313,3.6419659,2.7825687,3.9001758,1.9471788,2.3499358,3.0551732,4.046394,3.4820886,1.9919977,0.24836783,1.6964629,4.0338035,3.120978,0.63172483,-1.5542448,-1.8372589,-1.1358274,calm
-527.08734,21.796183,-15.219471,11.603724,-21.708544,-7.1583166,-14.682598,-5.3598495,-5.7797146,-7.7497706,0.52060556,-6.664891,-2.1383543,-3.6796358,0.6190588,8.241475,10.357764,8.169018,6.6226177,0.41337755,4.606378,3.351505,3.0464377,3.3752463,0.82452,-0.30753866,-0.90625626,-1.0003762,1.311237,1.7238559,4.6311665,2.943757,2.7880733,-0.008942769,0.37967974,0.90929556,-0.8600426,-1.7925807,-1.6992382,-1.569907,happy
-547.67834,25.80929,-14.48708,2.199065,-15.5735035,-7.9179463,-11.752951,-3.745336,-5.4469833,-6.5908785,-5.4420366,-8.946611,-2.4338684,-4.0792503,4.196051,8.198971,7.115744,4.5193343,4.0763454,2.241338,6.78456,2.2086043,-0.35576454,0.026808482,-1.1229833,0.0053529697,0.19813389,1.1236266,2.4362624,3.2566082,1.4054285,-0.030588066,0.55932367,-0.23724142,-0.17736414,0.12984666,-0.7886849,-0.8844648,-1.1616222,-1.0121995,happy
-590.5,22.774754,-10.0542345,3.766832,-15.304142,-13.211645,-19.153835,-3.7042813,-9.462827,-7.1648803,-4.428487,-5.142951,-7.6165867,-8.558701,-7.4702263,-3.3947537,-2.7871041,1.4517609,4.034148,2.053714,5.287597,2.8444276,0.82521737,2.335456,-1.0742149,1.1028405,-1.9135759,-1.1691573,0.0044112517,1.0687076,2.0367677,1.5255977,1.6695479,2.1184883,0.98512644,-0.034510817,-0.8190732,-0.1697516,-0.7451643,-0.85700595,happy
-588.2081,22.597034,-10.398033,2.052798,-14.368893,-10.196968,-15.285186,-7.8552074,-8.691938,-8.962495,-5.454473,-7.704651,-6.844508,-10.134746,-6.410201,-1.0775034,-0.82015467,5.067114,5.362353,2.8379352,4.3560414,1.1422863,-1.0553616,0.7465852,-0.72830766,-1.2665291,-1.40991,-2.306605,-1.9389541,-1.1200926,0.19880152,0.90236306,-0.4034952,0.6961065,-1.1685778,-1.3822343,-0.5542538,0.11843439,-0.77833146,-1.6566226,happy
-442.1336,11.210307,-33.4941,1.7224526,-27.320494,-10.144891,-12.257072,-10.756445,-2.3141258,-10.873823,6.2716103,1.434133,12.090955,7.5807886,7.325,3.9006078,-0.63082665,0.506518,0.13914838,-3.736666,-1.4957759,-0.7906664,-0.019339448,2.0884037,0.23978378,0.77715683,0.24100792,0.73825425,-0.29469487,0.1469776,2.2159934,-0.57527137,1.458074,1.3388835,0.5725461,1.1056507,0.014594951,-0.3314349,0.35479668,-0.85754675,happy
-450.82648,10.147439,-30.858665,3.0877593,-25.697063,-7.272936,-17.149925,-6.8747444,-6.387003,-9.147579,-0.020015031,-8.010512,4.0296783,2.1901596,8.646376,10.485276,6.848954,5.835,3.8922591,-0.600681,0.7080237,-1.2876577,-0.6645853,-1.1409228,-1.1109337,-0.19320032,1.7065278,-0.06920958,-0.30852363,0.6429385,3.520813,1.6435918,0.17917521,0.6610787,0.7825851,0.49605757,-0.27223125,1.3920882,-0.11042123,0.36408675,happy
-438.163,3.3568676,-41.064785,4.738405,-28.676556,-12.686731,-19.102434,-9.174674,-3.4983048,-9.94349,4.5281568,1.3279285,11.431726,1.86472,8.943548,5.877771,1.2397362,0.01129392,-0.9748389,-1.2497119,0.8961973,-1.7344452,-3.595886,-0.05428543,-0.7460609,-0.2743765,-0.10620972,1.4330485,1.8916013,0.16580397,0.7498845,0.8189231,0.8977844,-0.048864745,-0.5369267,-0.08723138,1.1919396,-0.5607879,-0.86094534,-0.5581215,happy
-460.25073,6.143073,-32.214764,5.2072396,-24.66053,-11.89786,-16.597824,-12.592395,-5.999836,-9.557187,6.459054,9.31201,12.457918,-0.49341226,-0.8498917,2.1927156,-1.4046906,-0.5589401,0.39742008,-2.8172328,2.9582417,0.09927375,-0.13601628,0.06465478,-2.6006122,-1.6186054,-2.1465437,0.27923107,-0.7949101,-1.3068012,1.1600652,0.72691774,1.4387828,2.0532596,-0.113864206,-0.04091897,1.8290092,0.17304367,-0.9316865,-0.41261122,happy
-695.4439,42.97411,10.924065,11.308174,-10.861366,-5.2898874,-13.082873,-3.7171466,-7.7509704,-1.9518111,-4.190265,-1.5992954,-2.3053365,-0.38882893,-4.299913,-0.34165812,-2.9926,-0.8241085,0.5048188,-0.11842164,2.9918258,-0.11915986,0.4785369,0.6726927,0.47418004,0.511185,0.46035895,1.4061422,3.0716999,3.153823,3.915861,2.9634442,3.9394562,0.6732266,-0.3616969,-0.03737394,1.159645,0.47525766,-2.1008158,-2.5697632,sad
-696.2504,42.855206,4.358468,4.226678,-10.64699,-5.0513344,-12.857163,-3.2816002,-8.773078,-4.992147,-7.0580034,-4.7116895,-2.7049782,-1.7482876,-5.4984083,-3.0689127,-4.259913,-1.8380382,-2.403684,-3.0461786,0.28547966,1.1638336,1.9980158,0.9885144,-0.21550408,-2.1298773,0.71088356,3.4144158,6.0543814,3.970032,1.0096275,-0.4608016,0.32163307,-0.05885825,0.01560811,-0.7221132,0.12850985,-0.87449694,-2.2286744,-1.6461396,sad
-672.6378,31.15714,4.5385456,7.1391034,-12.949647,-4.67503,-17.048246,-2.5547717,-6.8609023,-3.3968039,-6.1702976,-2.0193334,-4.797489,-3.7264607,-2.5946162,-2.3314779,-3.4676049,-1.3925366,-1.1886036,-2.8917058,3.4346452,3.6591763,3.0746028,3.548797,2.2194486,2.416449,0.53814226,2.3304403,2.8150554,1.0619699,1.6663876,1.6035846,0.6340415,0.6647454,-0.54559565,-0.33593625,-0.9083461,-1.9736227,-4.042222,-4.017817,sad
-664.55334,39.11212,9.235103,6.466589,-8.2806015,-4.9236207,-16.277533,-2.9929314,-7.6026716,-3.2506301,-4.776197,-1.7351623,-4.263382,-2.3208532,-3.5907006,-1.5822207,-3.085535,-1.7145815,-2.4204445,-2.8739762,2.4069424,3.3751073,2.7443926,3.9170377,1.525428,2.1864636,0.8954677,2.418274,4.342155,4.0511527,2.4669437,1.8205789,1.3042324,1.3309903,1.6390022,0.070446104,-1.6790714,-1.9346607,-1.5117748,-1.3289678,sad
-607.9858,26.617256,-4.4476566,1.7374625,-14.15206,-5.7895007,-18.630718,-4.823463,-5.9022074,-2.5938473,-4.1653996,-5.267918,-3.2413836,-5.2582297,-5.728272,-0.4166961,-1.1724316,1.2368094,0.6215129,-1.1337485,2.2668033,2.2096982,3.5198421,4.4901934,1.4495546,-0.5103292,-2.044719,-2.694093,-1.3559303,-1.5804696,0.44690764,0.09752746,0.47577688,-0.024131333,-1.0057957,-0.782895,-1.479605,-0.33713502,-1.7876357,-2.5495708,sad
-666.6961,36.18555,-3.8681514,7.8435307,-12.406464,-6.194974,-16.243824,-5.941639,-3.0503018,-3.6277769,-2.8920758,-3.7154472,-0.44491148,-2.6142128,-6.3010006,0.49961475,-2.2343545,-0.1881808,2.202791,0.7863908,3.2365813,1.6851699,1.9493196,0.7411868,0.5808069,-0.25351202,-0.4989873,1.5293157,2.1851687,2.0610824,0.5391172,0.0194091,-0.4856932,-1.3215834,-0.37616515,1.0228204,-0.37092137,-1.2825557,-2.918888,-1.4352776,sad
-599.46625,30.615387,-6.7949224,0.7132884,-16.905478,-8.410936,-20.15926,-7.2106457,-7.4731274,-6.5118465,-3.4810643,-6.173218,-4.6991377,-3.345995,-5.8042274,-3.055657,-3.5100045,-1.434806,1.8899359,2.4814737,5.8039365,5.637327,7.318556,6.392933,3.8529832,0.46849173,-0.6887312,0.037957948,0.8190128,0.27427936,0.005657279,0.70439225,0.07177967,-0.8763995,0.13196822,0.33204916,-0.64322346,-1.6025265,-1.5046782,-2.0622346,sad
-568.33813,26.35829,-15.657148,6.8270698,-24.664299,-9.361769,-23.656021,-10.018655,-5.1776614,-12.258036,0.61194587,-10.0398445,-4.372687,-7.00519,-5.7844987,-1.7543112,-2.249053,1.6072857,5.9850893,5.2628174,9.3779,5.72562,1.9060168,-1.7396039,0.05851533,-1.8004906,-1.1957823,-1.4534867,-1.2217585,-1.2894356,1.4457896,1.9077892,-0.02528619,-0.5010456,-0.4752999,0.17232062,-0.04940549,-0.3189687,-0.2980246,-1.4645896,sad
-587.48846,24.519901,-5.7387295,0.73027885,-15.705221,-3.2409234,-12.578431,-4.2018776,-8.056024,-7.076213,-7.235621,-3.1185167,-1.6484047,-0.18708774,-0.62469786,-0.94496495,-0.86097413,1.6601603,2.5055747,2.2084942,1.5988148,-1.4498308,-2.1005044,1.023236,-0.002288734,-1.2115195,1.2672719,3.0171487,-0.74692976,0.01295397,1.6318359,1.8708192,2.0255303,1.3269471,0.057595786,-1.2221506,0.98350275,1.0226372,-1.0479219,-1.1496608,angry
-568.53375,27.320162,-7.542948,1.6260939,-17.13149,-3.192896,-10.595171,-6.3980308,-4.869253,-2.3918989,-4.4250674,-2.2036176,-2.2312925,-2.2015982,-1.1269221,2.1339138,0.9387561,2.7426448,3.485937,2.1324918,1.2831819,2.2038324,2.623225,4.077331,3.0143328,-0.26749715,-0.28103817,0.43467218,-0.99479616,-0.17311287,0.39536184,2.5487826,1.0216209,0.52958006,0.43268904,-0.03197254,-0.25861308,0.11194187,-0.6507946,-0.6946252,angry
-544.6025,21.03614,-9.30065,2.7242928,-22.131502,-5.14501,-16.591173,-9.232181,-7.9157786,-4.4548125,-6.192751,-6.136509,-6.094322,-6.722626,-3.3181412,0.72833437,-0.11907398,0.08129995,-1.3401299,-0.89118844,1.1530532,3.3592248,1.6191328,2.5491884,1.9021692,1.0780109,-1.5122881,-2.6826375,0.573184,1.434683,0.7913892,1.6069571,-0.43910435,-0.83525544,-1.1833553,-1.2795615,0.18158484,-0.37518427,-1.0486164,-1.6103327,angry
-540.61993,23.727364,-14.106954,-2.899183,-21.399466,-6.897973,-17.191666,-10.883007,-7.4648666,-6.495332,-8.92557,-3.9212039,-2.556438,1.7029004,0.9598695,0.9643801,0.68841815,1.5945075,2.9028096,1.545823,0.42925215,1.2225465,-0.8921964,-0.7184908,-1.4527447,-0.3824206,-0.51355875,-1.4747689,-0.56113535,0.16675167,1.6257356,1.4487455,-0.090478614,0.7401425,-1.2448162,-0.7768004,2.1288476,0.34498146,-1.3544744,-1.7702671,angry
-363.7764,21.405737,-31.247282,-4.352547,-30.543518,-5.094926,-14.6377735,-9.855731,-5.8771405,-5.524045,0.85481524,-1.0704582,7.071474,1.3053311,2.1012638,-1.5620588,-5.416002,-1.5021152,-0.17489292,-4.008894,-3.0089378,-2.0256238,-2.0359035,0.17962675,-0.32350627,0.071008086,0.7972136,-1.8591361,-0.4985195,0.04588124,0.5987383,0.2580206,0.64438844,-0.32628256,-1.7447152,0.9641311,0.9160186,0.8918436,1.1377921,0.4222355,angry
-388.83304,16.664482,-31.457424,-5.75084,-31.648159,-5.49722,-16.529747,-8.774499,-3.4903052,-3.67583,3.773655,-0.20855123,5.862786,-0.15813655,1.3885211,-1.1555873,-0.7185936,-0.48155737,-0.72366315,-3.3773255,-1.5825984,-0.54042095,-1.6205975,1.048745,-1.053586,-2.0059628,1.3713127,-1.1203277,-2.0480106,-0.9656085,1.8245418,1.4045426,1.2566696,0.84983855,-0.8913592,0.39936373,0.97570854,0.4627586,0.29909772,1.7151649,angry
-364.42148,12.90822,-35.20119,-11.005194,-30.104021,-4.6435137,-18.003265,-9.541167,-2.5989475,-0.8003271,4.182908,-0.14486344,3.3791332,-3.2486823,3.4535115,1.9630015,0.85687035,-1.0568078,1.5539719,-0.84872496,1.1184696,-0.93365043,-3.0215642,0.43342865,-0.24211726,-2.7664952,1.0101845,1.5938742,-0.7131988,-3.174706,-0.8368065,1.2758251,1.533099,0.07855597,-1.1999929,0.9074046,-0.4035802,-0.59145784,-1.1161304,-1.1926118,angry
-414.08514,18.881214,-23.347149,-6.2093825,-29.102785,-2.580917,-20.011415,-10.646478,-7.2193427,-7.4475584,-2.9235854,-4.719406,2.9325845,-0.1453391,4.1870728,2.1958802,-3.4206114,-2.752139,1.2471489,-0.20743273,0.94372445,-1.8046652,-3.421672,-0.42273873,-1.7288175,-2.6336536,-0.22986946,2.0828767,1.463007,-1.1344851,0.7487137,0.035488404,0.122318104,0.76226616,-0.6138863,-1.9537913,-0.29062298,-0.24112372,-1.6303189,0.06290054,angry
-701.0656,34.72152,8.53038,13.971068,-8.931003,-4.6734476,-15.154186,-4.783513,-7.530523,-6.008512,-7.0377965,0.21988635,-4.576871,-1.2314901,-5.6635566,-1.8843058,-4.472477,-3.497946,-2.3857331,-2.7033937,-1.029497,-0.3403986,1.2629633,2.869632,2.5004928,2.6297944,1.6149696,1.3479453,1.1172078,0.9682949,2.5227816,2.2676177,1.4401947,-0.718605,0.49126577,-0.43188834,-0.6162512,-2.3095617,-2.6959043,-1.5420275,fearful
-655.22186,29.812073,-0.7741111,6.621732,-9.557689,-1.8300941,-13.987824,-1.3932855,-4.503194,-4.506162,-4.6694517,-1.0190465,-4.1514773,-3.5165515,-5.837203,-2.0689726,-4.7413855,-1.890518,-2.2624812,0.0028215605,3.2165534,3.361272,1.2386729,2.944118,0.7721787,2.2129152,-1.3642164,0.35428953,1.6546813,0.122670785,2.321104,1.2663149,0.26795906,-0.6347885,-0.14501859,-0.5574188,-1.3340816,-1.629188,-2.3609262,-1.2572155,fearful
-678.95276,33.85998,5.6696205,4.9980197,-7.457189,-6.739278,-16.337408,-2.4390056,-9.830989,-6.069538,-4.8754582,-2.8383038,-6.7926497,-3.5214522,-5.756602,-2.4264414,-5.681343,-1.8611186,-1.8329866,-3.121554,0.13439082,-0.64790696,-0.2897102,2.396752,4.5486784,3.1079347,1.5064543,0.84199244,2.0724535,2.6762297,2.2610629,2.1933331,0.78762054,0.3310862,1.2693657,0.15923214,-0.41623795,-0.40282047,-0.8436664,-2.7486606,fearful
-638.02356,28.20805,-4.104629,7.862031,-10.307355,-10.458761,-19.929972,-1.3010409,-7.252924,-7.128828,-4.964126,-0.7466177,-6.288139,-4.5116525,-7.096207,-2.9105763,-4.2317305,-2.2973187,-0.21402116,0.43646607,4.470653,6.105123,4.458247,5.2439475,2.967046,0.14607385,0.7143207,1.6390861,3.955819,0.69186574,0.12278288,0.32623705,0.92989767,-0.2629586,-1.7427077,-1.5705752,-1.3229663,-2.018618,-2.9808636,-2.9710307,fearful
-423.67706,0.83178514,-34.65305,-2.4319713,-25.067795,-6.3626013,-18.68964,-10.305847,-2.9409082,-2.6565742,12.204442,10.95324,10.783292,-4.655928,-6.8910694,-2.9939172,-1.3282226,-4.005471,-4.1431174,-1.4992604,6.5879354,0.9936147,-3.1896615,-0.14501712,-2.6107898,-5.4220867,-0.55827284,1.0280939,-0.15893662,-0.62669575,4.1770654,0.5675762,0.72012025,0.38896942,-1.7955489,0.93167365,0.30922958,-1.2558081,-0.097777784,-0.5774923,fearful
-421.61215,2.968586,-32.49282,3.5875292,-23.225145,-7.985458,-15.006003,-10.071884,-1.683168,-6.241706,10.698098,9.929843,10.552884,-0.6418253,-2.3546457,0.62482774,0.8530642,-4.039466,-1.5153263,-1.20026,1.615829,1.2281383,-1.0866879,0.7346647,-0.53868765,-1.8510976,-0.99395984,-1.586632,1.5395113,-0.5782802,2.2858446,1.5381724,-0.051413134,0.97017163,-0.28272372,-0.1701859,1.0275903,0.08757222,-0.27598655,0.35749412,fearful
-490.95917,6.8513484,-28.038664,-2.6528893,-24.812504,-7.847756,-20.768763,-10.560172,-6.838267,-16.020145,-2.3763146,0.46714005,8.65137,5.7286763,8.113756,6.4540534,-1.3919561,-1.6805468,-0.055029992,-5.6691785,-3.9758668,-2.143115,-1.6199646,0.20002595,-0.9139747,0.46338022,-0.08957632,-2.3533158,1.8927912,-1.4990524,1.2915614,-0.6916021,1.0262097,0.5447628,1.6414487,1.008223,-1.2257055,1.0419569,0.0108221965,-0.82691914,fearful
-472.38644,5.24663,-32.669365,-3.3200405,-26.280663,-11.219709,-20.820618,-10.49682,-1.4830188,-12.026197,0.8561768,4.0974445,11.994307,8.138014,4.103856,1.8236381,-2.8251264,-0.63195527,0.71676046,-4.2738,-0.9111422,-0.23264927,-3.038169,-0.9239152,-0.2013418,-1.2561214,-1.8828536,-1.1704059,2.1569219,-0.9747001,1.5043263,0.6376561,0.20699069,0.76843476,0.3769533,-0.7868735,0.5757438,0.9352882,-0.5521856,-1.044262,fearful
-578.54816,24.49378,-5.2231774,1.2251025,-10.533516,-8.8988085,-17.913256,-7.3253617,-7.20759,-3.2260501,-7.2857795,-1.0241138,-4.445121,-6.993841,-8.413849,-4.2849,-4.302791,-2.6468935,-1.8068731,-1.4316599,2.0913272,3.7392905,5.1408963,4.493946,2.6948752,2.342027,1.9875869,1.0386462,-1.4388549,-1.7013582,-1.4543278,-1.0216292,-1.0404862,-1.2100146,-3.579868,-2.763047,-1.0678731,-1.526518,-3.6251535,-3.5516763,disgust
-643.4864,37.58318,-7.0399733,-1.9716686,-13.96383,-9.329093,-15.990619,-6.1768637,-8.177872,-2.2412636,-3.9327571,-5.5216074,-0.27183777,-5.210947,-5.4635897,-3.9266503,-3.003116,-3.5891948,-2.745725,-3.0128253,-3.9149187,0.41486987,-2.4076276,-1.5959544,0.5612426,3.6629856,5.259318,4.2008853,2.8547049,1.7346729,1.2070951,-0.63026613,0.23026001,0.0988728,-0.6623559,0.24426706,-1.5602297,-1.0838404,-2.4374163,-1.289272,disgust
-647.9335,30.982738,3.248575,-1.0673836,-6.8399863,-4.8073506,-11.452471,-5.431068,-8.977129,-3.3831382,-4.2071276,-5.0537543,-5.553684,-4.7281313,-5.8408976,-2.8485785,-5.450824,-5.421881,-4.036667,-3.5482485,-1.1651458,0.8791523,1.2539408,1.7696421,1.4452071,0.38176548,1.3026551,1.1304859,1.8353297,0.88377684,0.34493387,1.4147455,1.3631716,0.5764741,-0.8281863,-0.20204063,-0.2579265,0.3240238,-0.30683184,-1.6891092,disgust
-553.6306,34.856228,-2.4645684,-3.2763605,-17.8493,-8.288719,-19.352856,-9.30828,-10.338942,-7.454436,-4.381951,-5.43409,-4.792023,-6.4426074,-8.3493595,-3.6518955,-5.189059,-0.6014024,-0.6338702,2.3929894,4.3430433,5.8472285,5.2850757,3.061798,3.1209362,1.4616168,-0.59340066,-1.4535639,-1.4838634,-2.228309,0.52735054,-0.40383917,-0.99442565,-0.4990079,-0.8423971,-0.15904747,0.08337328,-1.3510445,-0.99296105,-0.362207,disgust
-503.53558,19.177938,-13.120578,1.9078473,-26.09685,-9.015731,-24.239176,-9.596353,-3.0945127,-3.175449,-0.7764895,-5.1614313,-2.8705754,-5.0248985,-8.037908,-2.040046,-5.016371,-2.0973513,0.13225654,-0.93974084,1.5274332,-0.2589099,0.8724023,-0.7606921,2.0538073,3.9291272,5.010609,4.1739597,1.5918993,0.43889198,0.07513437,-0.17425175,-0.23687436,-2.5760572,-2.2328644,-0.5376788,-0.9262412,-2.1741755,-2.6595316,-2.483709,disgust
-594.47455,26.784649,-7.5854735,0.3306751,-16.550247,-6.0227313,-26.491459,-5.5882115,-9.113455,0.10176365,-5.8814483,-3.543484,-0.1936019,-5.127276,-7.5875573,-3.7777839,-5.7284393,-4.654029,-2.3866944,-2.6223235,-1.0627464,0.16788793,0.13573113,0.74612486,0.29870743,3.0493157,2.9025488,3.571388,2.4688365,1.3799291,1.0396862,0.41792277,-0.99080366,-1.2861516,-1.3372027,-0.82822126,-2.0971467,-1.7243205,-2.6622393,-3.378682,disgust
-591.09,33.14504,1.0338416,0.562535,-14.036469,-11.209904,-17.484362,-5.3979154,-8.939571,-6.004065,-5.7139807,-4.9659452,-4.123379,-5.0309415,-5.64779,-3.465084,-8.901281,-3.9378712,-5.5144186,-4.1417327,-2.5231843,0.5262117,-0.45945,0.48074713,0.27737167,0.16236144,-0.81683344,-0.5964995,0.95574737,2.0012581,2.2801504,0.72357905,-0.26864347,-1.3133384,-1.0384802,-0.23271175,-1.3457751,-1.0442718,-2.974167,-3.0545611,disgust
-581.2941,29.837156,-10.136681,-3.9646559,-18.791729,-9.588518,-24.528332,-8.379126,-8.543548,-7.251745,-3.8562834,-8.887191,-2.5456886,-8.425207,-6.5800457,-5.9133067,-8.265894,-6.0746393,-2.9181745,0.6939891,3.0983915,4.3550572,4.2297807,5.7824244,4.1513305,3.80172,2.5236366,0.15238462,-0.35122073,-0.24061649,0.23797056,-0.50402427,-0.12480744,-1.352912,-2.6124306,-1.7282612,-1.9062907,-0.7298768,-1.1524769,-1.4955214,disgust
-670.0705,32.22514,-4.5835056,3.0486596,-14.58019,-4.070769,-12.422422,-3.8017046,-7.210007,-4.792982,-8.255082,-2.9879277,-6.1171427,-4.7587852,-3.1050925,-0.38201243,-0.27586108,3.5516613,2.222579,0.7518881,1.1336858,0.33009467,-0.6048994,0.12910694,-0.42507523,-0.8561599,-1.5342581,-0.7501566,0.5061662,-0.91561854,0.29406798,0.67526954,0.74818826,0.56440735,1.3078927,1.8188792,2.43554,0.9817553,-0.56824476,-0.20849046,surprised
-654.36774,31.77063,-7.333401,1.6644459,-13.319301,-5.283091,-10.530438,-4.615135,-5.6146975,-4.8482704,-7.456713,-2.3933613,-3.68086,-2.8137243,-0.876082,0.7797913,0.6600136,2.6514125,1.888952,-0.73182696,-0.1485809,0.19113792,0.67120695,1.3067166,0.6981873,-0.077759065,-1.1729336,-1.2866389,-0.2973487,0.89585984,2.669992,3.1142557,2.7359326,1.8897493,1.8571743,1.1045992,0.88049954,1.658959,-0.1461386,-1.086099,surprised
-657.57574,27.76524,-2.6464837,1.080685,-12.566208,-8.356919,-15.355095,-4.3139453,-8.591226,-5.651234,-5.935852,-3.5493913,-4.835278,-4.044212,-3.980421,-2.374588,-1.9147662,0.8670615,0.8617011,-0.97465837,2.0098264,-0.62621063,-1.3420293,0.13919486,-0.23982929,0.06847398,-1.7625853,-0.119519696,0.5490043,0.19338225,0.9510071,0.19396466,0.25177866,0.6571404,1.6783373,0.86258435,0.45390078,1.045726,-1.5032245,-1.4381701,surprised
-641.0257,29.512987,-6.200625,-1.046987,-12.633734,-8.773431,-13.290187,-3.8529077,-7.9684978,-6.2378464,-7.665673,-3.9258044,-4.221421,-4.1285663,-3.5283132,-1.906688,-4.7286916,-1.8946704,0.5780445,1.2334034,3.0644329,1.1974665,0.40074685,1.8161232,0.547052,2.1343744,1.6954715,1.0797572,1.2306788,0.40005153,0.4911289,1.094783,1.1638258,0.60338765,-0.11859373,-1.5056341,-0.021794511,0.10851432,-0.99843633,-1.1281911,surprised
-629.8877,40.656425,-8.007529,-1.4057196,-15.702329,-1.5507816,-10.022287,-8.366846,-5.208034,-5.780849,-8.329816,-1.7065722,-1.5653156,-3.673547,-0.35960126,1.6742727,0.25037968,-1.6509099,0.047241427,0.038095105,1.7452658,1.8139544,-0.75159204,0.52049345,0.9222575,-1.2523221,-1.5630804,0.13076058,0.9203672,2.610973,2.074698,2.3427649,2.071226,-0.01761681,-0.81144637,0.040708557,0.3159611,0.021406965,-0.17508234,-0.65442365,surprised
-579.8817,33.647255,-15.793277,-3.6814187,-18.54765,-6.8715653,-15.80502,-7.091889,-7.6414165,-8.74605,-4.3787017,-3.3813064,0.6015184,-3.7645664,-2.1111994,0.21398558,-1.4219413,-0.86679137,0.66974825,-1.0173547,0.68624574,1.6844026,-0.59338546,-0.024551677,0.84692454,0.5760062,0.7954914,2.0840824,0.8927111,0.4659278,2.149111,0.92493314,0.055510856,1.2320797,0.8861465,-0.7971547,-1.1696887,-0.41456953,-0.64711833,-0.91134816,surprised
-581.36304,27.684443,-10.273019,-3.3994834,-16.305027,-8.641381,-16.110603,-6.5873933,-8.383286,-7.5596704,-8.046155,-2.4546049,-2.4222589,-3.4779105,-3.1180308,-1.2019925,-3.289659,-1.2000407,0.016608346,-0.43569022,1.3400762,1.0554225,0.72178394,3.7490368,3.090242,1.9439032,-0.27272707,0.7593337,0.9249718,1.583679,1.5587946,0.7700022,-0.3598709,-1.3494449,-0.25729215,-0.29001004,-0.90491277,-1.5860232,-1.406441,-1.4080215,surprised
-610.28577,26.598858,-1.1007069,2.4903781,-12.930873,-7.2400436,-14.726775,-4.8679185,-8.550413,-7.7819943,-8.356449,-2.4374275,-2.2979138,-0.2593469,-0.44724527,0.41579816,-1.860032,0.07197209,0.006097922,-0.5301041,0.065998346,0.19018145,-2.1750903,1.8882279,0.9188181,1.5554768,1.1476219,1.958424,1.9410411,-0.20639578,2.331719,2.7213523,2.5437036,1.4560416,-0.38664785,-0.1609964,0.51956844,0.6257249,-1.2020845,-2.3365746,surprised
-623.66833,64.53391,-5.7643166,18.60375,2.1367142,-0.29802603,-0.93952173,-4.5972652,-2.8847952,-1.221834,-0.124309435,-0.3967743,1.3647959,-0.45363197,2.000177,-1.2153579,1.0592049,3.6661935,-2.0874817,1.3571551,-1.2804128,-0.7994339,-1.4832057,0.4867737,-1.2795876,0.08504093,0.40921736,1.7435333,-0.59581137,1.0247746,-0.8911359,0.38997337,0.08326018,0.71550393,0.89745873,0.4660629,0.72462434,1.699324,3.2128584,2.4971979,neutral
-641.0098,67.2876,-0.66649044,22.495577,2.5229025,2.6858447,3.510332,-1.3885787,-1.393564,1.2444384,2.126476,1.171345,3.129742,1.5400563,1.9332952,-0.17136662,1.439802,3.029299,-1.6926169,1.6625382,-1.3659271,0.20867348,-1.5795743,0.3685928,-0.81700283,1.2253073,0.12111659,2.728357,-0.14998554,1.5951121,0.091407165,0.45292965,0.25145593,0.5833293,0.0933771,-0.79046524,-0.654826,-1.0857861,-0.39584655,-0.6286095,neutral
-626.47156,73.27184,-0.2250119,19.870104,6.509414,3.1625311,1.4478374,-1.5063303,-2.7747633,0.85939604,3.222326,1.9111975,2.97857,2.251371,0.9902785,-0.99947697,2.0992968,1.5368606,-1.7170349,0.5997841,-2.4976714,-1.1273288,-2.099708,-0.092214644,-1.4291213,1.2446054,-0.5155302,1.0693914,-0.90687376,1.3822937,-0.77187806,0.9748952,0.22761677,0.91809773,0.54294825,0.60921067,0.21496986,-0.15584292,1.2506742,0.7168009,neutral
-624.38666,68.467705,0.4196868,19.899603,2.9379663,2.4563942,0.56182927,-4.74981,-0.38677174,-0.6488799,2.2121208,1.2162555,1.8871601,2.5946944,1.0441737,0.5502374,2.8598256,2.1906865,-2.3957174,1.2427942,-1.6861186,-0.68829995,-1.3288944,0.9370522,-0.88026583,1.308038,0.113981955,1.9430526,-0.78044164,0.2630155,-0.7884489,0.85307455,-0.3166155,0.86352235,-0.058361713,0.027315794,-0.19890393,-0.2536638,1.5026863,0.933202,neutral
-643.04266,76.97835,2.5894928,19.257748,3.5229268,1.5446621,1.5947933,1.349293,-2.584607,2.2643924,3.4422305,-1.0460835,2.38082,1.2455378,2.9238372,-0.31602436,3.2455316,3.1606908,-0.7666264,0.6745803,-2.32499,1.0525734,-1.8893149,-0.016329397,-0.35922536,1.3671134,1.2892425,2.7104738,-0.14129376,0.16612054,-1.3083292,0.64405763,1.9001236,1.5456294,-0.6955527,-0.8979985,-0.4229343,1.0500981,2.124911,0.99216205,calm
-637.58093,65.656654,1.656532,20.465635,2.1293094,4.0005107,-2.7988873,0.052846532,-2.0234907,-0.009879487,5.2989583,-2.6424053,2.9251812,2.1514497,0.5322034,-0.44632694,2.456224,2.3911815,-1.7373289,1.1692427,-1.8169768,0.42795283,-1.8406032,-1.9937528,-1.4754161,0.019677648,-1.1848476,2.5088844,-1.5766833,1.2909281,-1.6852556,1.485562,1.8023955,3.509705,0.9564314,-0.6466592,-0.8150086,0.8479958,2.2078874,1.5324513,calm
-598.3631,70.25036,-3.9223504,22.434666,1.2553458,3.9092243,-4.3375945,-3.0093784,-4.6215186,-0.5123336,8.272154,-3.7725682,1.3472679,3.4249756,1.231647,1.7209814,6.1416817,4.2083826,-1.5164241,2.4400663,-1.4910125,1.901563,-2.314233,-0.64985037,-2.4841428,2.7367167,0.54725975,3.5825508,-0.30736622,1.5250548,-0.30008906,3.5205617,2.8137205,3.9351943,0.31933445,-1.1977652,-1.1523632,-1.0935227,-0.59673613,-1.9278395,calm
-635.9635,69.06978,3.9628012,18.518368,5.3171544,1.8002416,0.626223,-1.6910393,-4.2462363,-0.58688545,4.2747507,-1.6657467,2.155574,1.5982615,-0.7396041,1.6196266,1.7090124,1.7439654,-1.3618685,1.1978961,-1.5341674,0.6459039,-1.0718884,-0.5030984,-1.3775036,1.2425314,-0.4049361,2.1988356,-0.403769,0.565529,-1.4723909,0.565381,2.1527364,1.6010188,0.00652022,-2.0645583,-1.4232668,-1.1748706,-0.2632975,-1.228008,calm
-637.9084,70.5129,3.365082,18.110022,2.4262226,1.3577836,-0.4896773,1.087873,-3.8761497,2.2997105,3.2950494,-2.328654,2.7201018,1.120468,1.101466,-0.30828068,2.9391127,2.370127,-1.3463838,0.8986226,-3.2582464,0.9878763,-2.0223916,-1.4970092,-1.8289156,1.210421,-0.89434403,2.1496685,-0.6716513,1.5570437,-1.0216525,0.5778782,0.2350732,1.2434293,-0.11647785,-0.8001112,-1.2522881,-0.99872005,-0.042547967,-1.1475632,calm
-628.62695,74.965744,5.557713,20.89708,3.286478,3.3794703,1.3218746,0.4268773,-2.4270053,1.8997291,3.509008,-1.4635894,3.0742834,1.0525404,-0.25099027,-1.5679216,2.0943534,1.6500918,-1.0682036,1.4212122,-2.2107682,0.66294265,0.110633984,0.012379316,-1.3057426,1.2536849,0.037670046,2.4892676,-0.14085363,1.8102033,-1.3853102,0.36322716,0.58797866,1.382057,-0.4754461,-0.41070527,-1.5320064,-0.08026921,1.1928586,0.7248787,calm
-605.5359,80.463615,7.437022,22.355944,2.1728709,3.962183,0.26171008,-1.7521911,-3.843284,-2.0719063,3.6932566,-2.2894492,2.3777757,1.5132583,-0.20761818,0.15895331,1.5854028,2.1860516,-1.7760574,1.6952702,-2.908593,0.49174562,-1.4289033,-0.28601012,-1.3068708,-0.34546083,-0.42705035,2.0601878,-0.22478358,1.3551697,-1.9177862,1.1296426,0.9195592,1.948536,0.8321474,-1.3445837,-1.5675471,-0.63512313,0.8380366,1.1009068,calm
-617.3767,67.52616,7.0078726,21.227806,4.2106037,6.239865,-4.606778,0.8575036,-1.1809335,-0.35133588,4.0140204,-3.8192124,1.9903405,0.22526564,-0.14557067,-1.5295702,2.9985752,0.18354532,-0.7521649,1.6147977,-3.3843203,0.40747344,-2.1389048,-0.46940398,-1.7579092,1.8382607,-1.7333286,1.4434283,-0.62341374,1.5624185,-2.0798507,1.0378906,0.5848801,1.2471138,0.04195225,0.0031063978,-0.76674366,0.7835439,1.7191617,1.7031537,calm
-601.5678,63.607826,-11.77823,22.046965,1.9913608,-4.143436,0.7904703,-6.5177727,-1.822971,2.7362032,0.3965531,1.1280402,1.8848344,-0.20931417,0.9560315,-2.2983437,0.36810517,2.580534,-2.0984876,0.7156102,-0.40625525,-0.59865654,-0.83860123,0.61506265,0.1907962,-0.5286344,-0.29483032,1.2547946,-0.4731422,0.5043019,-1.8672543,-0.68656737,0.27492368,-0.5843768,0.60901946,0.50976956,-0.52786815,0.4361537,0.25102037,-0.8686446,happy
-584.0941,63.010567,-7.685611,20.817554,2.1135552,-0.53926593,2.3213181,-5.369911,-0.2706862,1.5739528,3.1077218,0.27764392,0.88318473,1.3335669,1.9593167,-2.2345712,0.5899828,4.2823358,-2.8667653,1.1952186,-0.13601348,0.743104,-0.04163404,0.6715944,-1.1977836,0.4846497,-0.14778614,0.74546593,-0.73627186,1.7112097,-0.043281935,0.39039645,0.4712639,0.76377404,-0.05812502,-0.6565989,-1.1338685,-1.0976276,-0.4197462,0.19420232,happy
-596.36426,65.26825,-9.842688,22.668602,7.5523977,-1.058106,-1.6679603,-3.1152573,-2.1910124,1.7599547,2.3623624,-0.21819155,1.8447783,-0.04481023,0.36582154,-1.8282113,0.9982523,-0.8332406,-2.4808066,-1.5821863,-1.9055917,-0.63936794,-2.141164,0.40858912,-0.7425903,0.6798944,0.96404076,3.964588,2.1305127,3.0840158,0.10192841,0.76041377,1.658001,0.6502733,0.17694725,-0.08262127,-1.8573005,0.23158866,-1.0820841,0.27750424,happy
-583.70245,61.954887,-9.357784,21.130741,5.928067,-4.2629066,-0.250282,-4.9296093,-4.4302793,0.14440882,3.3826447,-0.13583416,2.3055928,2.1200054,2.4615917,1.8180557,1.6308446,1.1721568,-1.638122,0.24577697,-0.659146,0.3599852,-1.0277269,0.33943138,-0.6512425,0.27343363,0.5467149,2.212541,0.16028073,0.71807486,-0.90712726,-0.2101723,0.93942493,0.62465084,0.934514,0.11359854,-0.20058006,0.63343036,0.67967886,0.77447855,happy
-519.8238,45.173485,-1.9612087,22.871517,4.7505527,2.7020993,6.0938115,-0.2057824,3.9153285,3.8847945,4.235894,4.9603314,3.5644822,5.572309,4.556687,2.3472176,3.9852626,5.2031856,-1.3100332,4.7534356,2.2913454,0.56672245,1.3185376,0.38678965,1.0046893,0.2300055,1.8174973,4.1395087,4.652224,9.015971,8.047315,9.444176,6.1409335,3.961737,3.757763,1.5853316,2.8921335,1.4240688,2.2569947,2.0600262,happy
-523.0918,55.965656,-14.358083,23.81489,3.6103108,-4.189464,3.6365077,-6.4105663,-0.8039268,4.2968636,0.77948374,0.50854176,2.619921,0.9483391,1.4675447,-0.2648287,0.5388699,2.3856297,-1.0215869,0.45476273,-0.44398665,0.67598134,-1.0264289,0.6475992,0.042623196,-0.24299775,0.23394507,1.0023278,-2.0335386,0.5361331,-1.1468838,0.30852744,2.5891979,2.1706445,2.1017852,0.56223893,-1.1953542,0.88139987,1.452997,2.5564609,happy
-486.91284,51.218105,-13.038137,20.877134,2.4592745,-5.7486444,0.36376065,-8.233635,-0.681321,1.1288401,0.4053633,-0.5084582,0.6583438,2.438324,-0.38111627,-2.2114499,-1.787409,1.8877023,-3.2831817,1.833611,-1.7521745,-1.9200308,-1.4249015,-0.8830772,-0.82367146,-1.0534191,-1.6628009,1.4180381,0.23860525,2.4835794,0.77110434,3.8223314,3.5908997,2.8518262,3.0007699,2.0070634,1.6053277,1.9158945,1.9167392,0.8423111,happy
-552.0061,49.070908,-13.619832,23.07023,1.5965633,-4.1364174,-0.20786677,-6.6891294,-0.5578035,3.865093,2.3418953,-1.0291922,2.3959038,1.5336847,0.71370256,-1.4170439,-1.0389476,2.038868,-3.1781018,1.5456599,-0.13473737,-0.62803197,-1.8190683,0.26580513,0.106729604,-0.43282443,-0.5791252,1.8271769,-1.150356,1.1945796,-0.8947689,-0.080163926,1.8154167,0.823357,1.6690689,1.0622996,1.0477289,2.5002155,1.6456999,1.1640526,happy
-605.0054,62.53175,-3.9001398,21.86906,1.7967054,-0.5158645,1.0038632,-4.1599216,0.2670543,-1.3479431,0.017609613,-0.90798897,-0.60437024,0.5939398,1.2227921,-2.022715,-0.25463122,1.5273886,-2.3359172,-0.17430443,0.20371747,0.71084636,1.4822574,3.0846932,2.6988206,3.7095666,0.98523074,2.7242577,0.07289797,1.3051794,-0.054583363,0.5397343,0.5746206,0.667594,-0.24227555,-1.8282216,-1.9388384,-0.3502058,-0.668187,-0.67874414,sad
-650.36426,66.21894,1.1669825,26.163944,7.910654,5.9490285,4.518137,-3.0210543,5.7998934,2.6307356,7.923505,2.5303621,3.4447844,1.762815,1.6647207,0.13894995,1.6558151,2.7609274,-0.23394984,1.469162,0.95590603,0.12057264,0.767984,0.8919513,0.17860664,2.718605,0.2831057,3.332891,-0.045046963,2.2088401,0.6540277,1.4256545,1.4936221,1.2719305,0.3112572,-0.32973045,-1.5293767,-0.4597435,-0.74931496,-1.0346287,sad
-608.7921,59.509132,-2.27706,22.039259,7.3447523,1.7396401,1.4560552,-1.1505716,1.0633863,1.9314097,4.406207,3.0218482,2.2621527,3.2964456,1.704521,-0.42670548,1.3841183,1.9299834,-0.17198211,0.49772203,0.60317606,0.069955535,-0.3915842,0.5136646,-1.1655579,1.4438865,0.6118392,2.7841551,-0.22798958,1.4761717,-1.0210427,0.25101057,-0.5142293,0.004623358,-0.69437134,-0.95227855,-2.0569754,-1.4368949,-1.5308279,-0.8918548,sad
-608.52075,72.925354,-3.1135209,23.07688,6.308815,2.2882147,-0.33651185,-4.614529,1.4966756,0.09143563,-1.0968705,-0.750303,0.44080973,-1.0277951,2.1620083,-2.0366142,0.5693575,2.047271,-3.0705945,-0.65979224,1.2109107,3.5288515,3.6404738,3.4200523,2.2551684,3.0071857,-0.15296026,3.2618876,1.5325814,2.2490768,-0.033707812,-0.8580644,-0.505606,-0.07429286,-1.5314441,-1.9901996,-2.235811,-1.4530929,-0.3302872,-0.49275804,sad
-557.5943,53.754147,-2.2612681,19.805819,4.6428475,0.9625076,1.0013471,-2.9263124,0.5535871,0.9305622,4.712399,2.2258084,1.4144701,3.0813732,0.74980307,0.5060984,2.3828986,4.1284027,-2.1894226,2.8685973,-0.13634789,0.95837736,0.8514404,-0.028308783,0.9154041,0.5635698,0.55574435,2.474848,0.40120268,2.008321,-0.5188429,1.7948126,1.9375985,1.6796893,0.6423587,0.11456474,-0.9537303,0.37615344,0.2401005,0.7680274,sad
-551.92145,51.76168,-3.4216828,16.200293,6.5713043,1.1396962,0.8996306,-2.8886838,1.5900768,1.4534179,2.498348,1.6799252,0.96175283,3.7808912,1.3645062,0.7842243,0.46787208,4.0632424,-0.99721855,2.1378455,0.20962131,0.9100476,1.2206146,0.2765954,1.0761054,1.020896,0.7801406,2.521314,1.57221,1.6225593,-0.21687618,1.5337297,2.2292287,1.4177284,0.42169878,0.5186604,0.2540145,1.6747828,1.6649783,3.0621147,sad
-580.78107,50.623043,-11.987256,20.002998,2.8463705,-2.75445,-0.75797325,-6.9704695,1.5707805,-2.655647,-2.3814008,0.2813594,-0.62168133,2.926445,0.7224833,-2.8942263,-1.8186074,1.3696597,-3.8152878,-1.6820517,-0.087304935,-0.9820658,-0.64070874,-0.12365609,-0.1752151,1.279508,0.12679203,1.120673,1.0536878,0.050363515,-1.1249858,0.61812186,0.4716992,0.8052746,-1.610541,-0.53190655,0.2550985,1.7346619,0.8021955,0.9013835,sad
-586.7339,61.328102,-5.1358256,23.80715,9.398468,2.2819288,0.21637376,-1.0926173,3.7330363,1.4773047,0.87399703,2.156566,3.7774236,5.4839416,3.2823267,0.66158473,0.67157596,3.0752244,-2.292677,-0.1837578,1.1823287,-0.34211317,0.5771423,0.09099628,0.44580305,1.6378131,1.8789607,2.455959,1.6664323,0.9609946,-0.7671203,1.7403353,0.949396,1.5809381,0.4378481,0.957844,0.9552113,1.7483976,0.34540382,0.20704474,sad
-517.7834,49.23187,-8.057759,17.509052,-1.5717435,-1.4852567,3.2503853,-5.3330607,-0.95516694,0.72987604,-0.2548809,-0.42978638,-0.027561007,2.7734964,0.039317492,-0.696238,-0.22372805,0.37207395,-1.7656726,0.8450939,-1.1164833,-0.9336729,-0.00798037,-0.59660727,0.006480792,1.1203581,0.061289523,1.576813,4.0651894,3.607685,2.3737597,1.7595142,-0.004981497,1.2437327,1.669618,3.3011644,2.8452904,2.8983042,0.6218818,-0.26904875,angry
-502.9515,46.396217,-11.318783,11.553418,-5.389026,-2.719098,2.2276435,-6.018257,0.04964155,-2.268309,-0.16169296,0.7890873,-1.0692768,0.8916086,-3.405466,-1.9765873,-0.6128175,-1.4978204,-3.5133502,0.812853,-1.9828494,-1.4134024,1.0427299,-1.1382489,-0.15330616,0.9838551,0.8932629,3.229038,4.0245004,3.4034941,2.3929553,3.7824469,2.6344495,3.778129,3.7816594,3.5422854,3.8046148,4.4385457,2.9805815,1.0866767,angry
-535.33167,56.601845,-10.722456,19.46505,1.7215077,-1.8313192,3.9375432,-4.441108,-0.9551901,-1.5192868,1.7594439,0.85826164,0.9516903,3.8889403,-2.5258296,-0.02324609,-0.68675846,-0.24716476,-1.8212101,2.7600756,-2.606321,0.36600438,0.112097085,0.8672132,1.5875205,0.8556328,1.365377,1.6548193,0.52888054,1.5121702,1.1994172,2.5020196,1.659603,1.6996379,2.366514,1.330777,0.8245602,2.5938394,3.5660026,2.7239807,angry
-493.29184,39.18524,-10.514887,10.7948,-4.121477,-4.2906303,1.6706381,-8.810388,0.8591439,-2.923605,-1.1104195,1.2962102,-2.0044641,2.3750095,-4.4662404,-2.2275853,-1.3388621,-1.8341511,-3.1659882,-0.5900968,-2.8170736,-2.7558668,-1.1140327,-0.6486353,0.49350038,2.4887393,2.1336985,2.6366537,1.2266612,2.3751197,2.9515176,4.9907227,3.7090075,3.5634525,3.4978824,2.3845446,2.640038,4.693913,4.455955,2.055962,angry
-468.38422,31.524515,-14.396647,7.743273,-7.855846,-3.2642608,-1.3941141,-7.8124833,-3.662181,-3.7231252,-4.7048273,-1.0104226,-5.1840434,-0.69434416,-4.9339895,-2.9177403,-0.8246237,-1.5231404,-3.5750825,-0.43351814,0.015751882,2.6935687,3.5269594,0.88779914,0.8472841,1.9846531,4.613558,6.765014,4.5585284,3.2132134,2.737659,3.913334,3.934711,2.1899097,0.6046525,-1.0806801,-1.0076451,1.4931165,0.3324387,-0.43842635,angry
-440.74857,40.205967,-13.790772,8.669304,-8.901313,-4.4363036,0.9178569,-9.470034,-2.5355678,-3.6449046,-1.5838513,-2.2105932,-3.9263606,0.09613121,-6.1557746,-2.42947,-1.697075,-0.16253838,-3.5955248,0.3649159,-1.4355588,-0.8291483,1.028034,1.1353842,3.7357926,7.390696,6.857695,7.077104,4.991445,4.0229816,3.1685677,3.343101,2.4690619,1.969864,3.4521506,1.2872535,0.30535543,0.6660414,2.8847663,1.9474087,angry
-483.50244,42.526367,-7.909192,17.031668,3.0523021,-4.0021596,-2.0498831,-4.171119,-1.9926074,1.9603493,1.6986588,1.798216,0.23205505,3.344699,-2.627012,-2.937175,1.7993428,-0.34847513,-2.2835,-0.87196386,-2.3239295,-1.5982122,-0.48470852,-0.232994,-1.3140482,-1.0556017,-0.34662554,3.5356214,3.2340214,4.941208,3.8841774,4.6789384,3.2431498,3.460898,3.2184994,2.5141487,1.1129149,2.641928,2.953118,3.040695,angry
-422.96448,32.165848,-11.526529,10.54207,-6.203667,-5.0098915,-1.9963398,-8.389842,-3.6874137,-4.3212733,-0.69702905,-2.4866521,-5.7527413,-1.6971815,-5.18405,-2.5999324,-0.54219824,0.8322289,1.4000324,3.264266,1.1771604,1.8169904,3.173607,3.415043,2.2620175,1.6103102,2.7781289,5.2760577,6.4793324,3.042435,1.6598569,2.8983228,3.4627244,3.520999,2.7585058,2.6739428,1.3520337,2.049329,2.3473804,1.9334382,angry
-597.9886,56.220554,3.0121706,20.470665,11.033384,4.701824,1.1985728,-1.2097924,4.4258914,2.866648,5.993326,2.7544787,3.3152351,6.2296095,2.6221068,1.7010765,3.6607907,4.470489,0.16871783,2.9441552,1.7457747,2.4395785,2.4025939,0.840434,1.8961055,2.6944299,1.5454396,3.6612718,1.4943433,2.399275,0.77012664,1.793072,2.5581012,2.1924684,1.713555,0.8816171,0.6766545,1.3666121,0.7388404,-0.0110045215,fearful
-570.4712,57.79181,-0.24504448,18.942139,7.114692,-0.6528419,-8.847207,-1.5392486,7.394275,2.0661101,3.3891282,4.85105,2.0505946,1.3089995,0.08154741,2.0190065,2.8150113,1.9963901,-0.42163688,1.8956674,-0.19472751,0.099629454,0.36359456,-0.4905542,1.5119724,-0.59624684,-0.1610406,2.0865288,3.425545,2.518251,1.1487682,3.8442638,3.6239407,3.3328135,3.47235,2.9303746,1.6477091,1.8619615,1.0679787,3.135324,fearful
-577.9677,52.905228,6.417059,16.856047,9.511356,3.7338579,-4.4975586,-0.08329808,5.5740314,1.5943522,1.4634925,4.4909744,2.892324,1.8282495,0.13265048,0.8376109,0.8150753,-1.1511897,-2.0746903,1.754341,-1.4462811,-0.8149415,0.7640658,-0.9994535,1.1833994,-1.0570768,-0.4454034,2.3788826,0.146118,1.53867,0.25316375,0.8654717,2.1288216,0.26799273,0.10974999,0.48156306,0.4381306,3.2373128,3.0497649,3.7768178,fearful
-528.78595,46.29171,-6.8227506,14.005378,-0.16614819,-5.9119697,-16.388628,-10.180915,-1.4120862,-3.40222,-6.5840693,-2.9146688,-1.5149856,1.3193161,-0.8095188,0.35242048,-0.556728,-2.4703946,-3.3933187,0.6019279,-1.0118778,0.0093788,-2.6336033,-0.5860653,0.56289715,-0.5458813,0.7026065,5.7544947,3.5811543,3.8036351,0.7385234,3.8260617,3.509519,5.2066216,3.5936656,4.501628,2.930517,2.731854,1.2704773,2.5345802,fearful
-500.1446,44.256386,-3.373648,19.216667,3.0312421,-0.9637411,2.070785,-3.7368236,0.7322832,0.13207667,-0.0677229,3.8792076,0.79935974,4.088415,0.008252589,0.7840134,1.2591306,1.5602101,-0.64832467,0.84209186,1.0036467,-0.24226496,1.1005633,-0.32969403,1.399148,-0.55244434,-1.6210029,2.9262385,1.3036445,2.5627773,2.6782928,6.7088118,6.760616,9.113914,7.731771,8.276111,4.891572,5.2077336,2.1810496,2.202375,fearful
-449.81784,31.14744,-4.873975,15.99283,0.44035888,-4.5932245,-2.8065474,-5.5055895,-1.0726334,-1.3038275,-1.1139443,0.27698612,-1.7114837,2.4097333,-0.5476089,0.52846336,-0.0021987841,2.29334,-0.6136333,2.83372,1.0435127,1.0672084,3.4178865,2.7520025,3.392302,2.2521536,3.8654475,8.433182,9.113119,10.8338995,8.642617,7.5452085,4.8599157,4.035044,2.0455484,4.6124897,1.7793983,2.769109,0.85043573,0.3938266,fearful
-514.8561,44.501957,-4.38278,21.415125,4.0596204,-3.480329,-1.0966948,-4.8833094,2.0652804,-1.3104454,-0.11294563,3.2729313,2.328296,3.2544837,1.4056392,2.6588264,1.3400185,1.5226747,-1.2675055,0.6406414,1.0514165,1.0777493,1.0695521,1.1701187,1.8866867,-0.17948844,-0.79396117,3.636905,3.3320801,4.352603,4.251549,5.6484046,4.218211,3.994174,2.780384,2.2039957,0.9384282,3.138768,1.7156171,2.6445568,fearful
-482.09058,37.29048,-12.9575615,14.027674,0.6003709,-4.499105,-3.768112,-9.848533,1.0519576,-1.5989356,-0.36427712,1.8641189,-2.088703,2.826725,-2.802857,-2.7490878,0.40879247,-0.4469805,-3.1030908,0.02596639,-0.44278204,-3.5856404,-1.3762946,-1.9777547,-1.1359411,-2.2372367,-1.4482572,1.1159543,-0.94823486,3.7276828,3.843104,8.505139,9.751978,11.266749,9.4881315,6.8065324,2.379856,2.502359,0.8126247,1.1526273,fearful
-563.07623,65.09491,-9.587645,18.723198,4.087106,-6.1713595,-9.179905,-8.272408,-0.7486893,-4.2635493,-4.4542494,2.4784415,-2.5684652,2.2060845,-1.7560269,-2.1888955,-2.6497476,-3.4298275,-2.4565673,0.4207121,-2.9955363,-0.013584708,-2.1694777,0.12537988,0.46840736,-1.2665056,1.5520121,1.2771696,0.42446077,1.3440636,-0.7567935,2.0487742,1.9068577,1.1047859,2.2391717,1.1744012,2.5934534,3.8052692,3.4317565,1.5210371,disgust
-576.78125,68.36564,-21.123354,19.597435,1.1185102,-0.9999491,-6.296067,-5.8793507,1.6053988,2.4227374,-1.783236,-1.0102341,2.1529589,5.720181,-0.5983826,-1.38334,1.2224642,-4.737669,0.4488144,0.982337,0.101236135,0.55829513,0.5146478,0.07578972,0.8230621,0.7366453,-0.18998809,2.4505947,0.4178047,1.4100566,0.026416212,1.9141275,3.572265,3.38173,2.3314338,1.9320644,0.51024246,1.6590784,0.12476438,-1.1040035,disgust
-575.44775,70.69614,-11.547561,18.889862,7.199157,-2.5267982,-14.179273,-7.347076,5.1015186,3.1568198,-2.7816699,-0.014496073,5.1615744,4.6534314,-0.5464591,-0.9231434,2.2317324,-3.525492,-2.4357562,1.5079027,-0.037982453,2.1490986,-1.0524079,0.8081506,2.8632154,-0.1310727,0.6854235,2.6719508,2.0557826,3.2516081,-0.2651893,2.488978,2.884989,2.992267,3.015109,1.9405985,2.0841985,1.4919237,0.775482,-0.79446983,disgust
-540.4542,61.31477,-6.5771008,17.633694,5.745152,-3.1027331,-4.2902207,-8.218798,-0.25257748,-2.1974301,-2.2222319,-1.3306109,-0.12163575,4.817063,-3.0641296,-0.9714014,0.52435195,-0.7553862,-4.4934154,0.93820655,-0.78723913,-1.871808,0.13072798,-2.7661033,1.7699919,2.2264318,2.8465867,3.5559692,3.483447,2.8199856,0.5882166,0.3633495,0.96942633,0.6245083,-0.3850273,0.6679429,0.2941518,2.4865532,2.1106963,1.087674,disgust
-518.5855,50.18275,-11.570564,18.985722,1.4636022,-1.1104951,-2.9409997,-4.854824,-0.2924728,-0.19172625,1.735102,0.28478727,2.5626853,3.1314166,-0.46907938,0.5972772,-0.3875792,0.29676935,-1.2389301,-0.4127921,0.17446375,0.20753112,0.0030395943,2.2641695,1.941949,3.3324993,3.5871553,3.0355897,3.6619372,1.7430698,0.20044932,2.6459715,2.7530622,5.4238896,5.3216524,4.616682,3.0623777,1.7363356,2.5427492,1.6103363,disgust
-544.03864,76.54267,-7.494459,20.822275,5.36941,0.4368263,-4.391519,-5.871118,2.2402592,5.8286643,3.5032053,3.5742633,2.552428,3.0381708,4.5936646,0.5334366,4.0445604,5.0333786,0.15978265,4.0503035,3.8990893,4.8878236,1.8869407,2.5325747,3.9345028,2.6183414,1.6655089,4.5626655,3.6800964,5.0893655,2.5824246,3.5588176,5.0476737,1.6524998,1.3792267,0.46978745,1.2649448,1.0520748,0.5846278,-0.5376036,disgust
-531.5131,59.90963,-13.59348,15.942322,3.4542794,-0.8328868,-5.421287,-4.8456826,1.3031251,-0.41079536,3.558603,1.9969256,0.8510648,5.1582794,0.037048973,-0.5321305,2.315198,1.4314185,-0.9754766,1.8583533,0.4023301,2.559789,0.65922254,-0.3031736,2.6031735,1.2005398,1.0373499,2.1953387,1.1733125,3.0107944,0.6013366,2.3499877,2.810057,2.2889013,3.8074045,3.178377,3.0807607,3.424316,1.768867,-0.14481838,disgust
-538.9808,54.601997,-7.122776,17.14887,5.9419336,-1.5847481,-6.174993,-4.325582,2.8151057,-2.9522738,0.95645314,-0.18678501,-0.89416784,5.3161116,-4.6351533,-0.946195,0.8196639,-3.0314794,-2.9936826,-0.15481307,-0.7256454,-1.2162241,-0.98096,1.0717454,3.3194485,1.3083177,2.0322824,6.3324766,6.133162,6.502372,2.4476366,2.4100547,3.319839,3.298346,2.5386693,2.7386074,0.6024711,2.5119393,3.3487303,2.4904165,disgust
-565.72186,73.57319,-12.774698,23.880184,3.4536374,-1.6913953,0.03117748,-4.614843,0.32678598,1.9647315,1.6819671,-0.41599402,3.6908903,0.08409532,2.483827,-2.260214,0.12398627,0.86355805,-2.8252337,0.17945962,-1.7706485,-0.23206514,-0.96739566,-0.0045003453,1.3991326,0.5918961,-0.5962726,2.8098567,0.19020793,1.3299111,-1.3825153,0.86874604,0.3987113,0.20509234,0.7146858,0.5990726,0.7592668,1.4923167,1.196318,0.9630373,surprised
-573.21436,58.31587,-7.221505,18.072247,1.7028764,1.9701262,0.050530486,-5.0252357,1.1203208,1.2745827,-1.6764504,-2.5982656,1.2295772,2.5561848,1.6179911,-2.4431767,0.2306898,0.986433,-2.8454084,2.9161408,2.03146,1.3295187,2.4639826,2.7086074,2.2648537,1.3679881,0.006737859,2.0856612,0.17544992,1.2346404,0.4720771,0.6203907,2.2533545,2.5682144,1.181487,0.98229015,1.0240299,1.824154,2.1579366,1.1524895,surprised
-575.5771,60.542515,-10.756496,17.943697,3.3319106,-2.8869185,-1.7037933,-7.5517883,-0.16486587,2.9662523,0.19955477,-2.5330226,2.4598057,2.546586,1.2403682,-0.8882442,-1.2322456,0.38160267,-4.510455,-0.01342135,-0.5129164,-2.0011616,-0.5500583,0.9265959,0.7587304,0.7070775,0.50433576,3.6890814,0.53203607,2.2865007,-0.08129886,0.7881502,0.9757193,-0.019127749,0.030468706,-0.5190575,-2.0027244,-0.91520756,-1.8874652,-1.1073998,surprised
-599.38434,70.25276,-0.22824445,18.761505,4.619925,1.2481272,-4.5871854,-8.059979,1.6158122,-0.48395827,0.18131158,0.8688167,-1.5781752,0.29426563,-1.4748319,-2.8577442,-0.30160162,2.2874076,-3.988547,0.49755067,-1.4676447,-0.77551985,0.077725895,0.8068462,1.7243644,3.5377948,3.4348004,5.247159,3.1612058,3.5933666,1.7439935,2.0158231,2.228937,1.3337258,0.79161674,-0.897313,-0.028548611,0.56387955,0.36130223,-0.2123975,surprised
-520.39795,49.60165,-2.9212282,18.913965,3.4716954,0.9732125,1.2435769,-4.2238,2.0429578,2.6052616,0.0077609834,2.3674312,0.667345,2.638003,1.5844657,-0.6308791,0.13151103,2.120015,-1.1192083,1.419702,1.0931265,0.17949061,0.41400042,1.164351,0.78364766,0.87026733,0.7196895,2.6430094,2.2177556,2.979763,2.1749985,3.6991956,3.8302944,5.190302,7.4006815,5.540857,5.2315373,3.6712918,1.6923782,1.4976473,surprised
-553.84753,56.79383,-5.9542623,26.395662,4.966023,-1.1057565,3.6358297,-4.015064,4.0412974,4.2802577,0.8813397,1.7444165,4.577532,2.1022165,3.0894182,-1.0412555,-0.6173741,3.645516,-1.7833968,2.3458598,1.2756203,1.9114087,0.73614514,0.77264845,0.53133655,0.8483008,0.37964007,3.788906,0.9622616,2.5111806,-0.7648452,1.2121053,1.6573869,1.6026838,2.0932388,1.4207263,1.6113561,2.9918504,3.7365289,3.0808318,surprised
-603.3442,69.27375,-1.281583,26.001291,8.0702915,2.548729,-0.11604913,-5.5092998,0.8552172,1.9549602,2.2353032,2.4419441,3.0524235,-0.9566371,1.157034,-0.31784752,1.7440376,1.6208922,-2.6987972,0.16334298,0.47707874,1.4389049,0.5979045,2.0111492,1.7892326,1.64944,0.5035797,2.0714452,1.4643443,2.33707,-0.1921287,2.1140237,1.915993,1.490697,0.9280308,0.37805018,-0.67066073,-1.0514975,-1.6094835,-2.32071,surprised
-541.949,60.049427,-5.8102317,23.603804,5.428843,-4.2325687,-2.5772777,-8.09158,-1.551619,-1.614856,-0.077226125,-0.09449773,1.0762973,0.5711977,-1.0997987,-4.3740015,-1.0279721,1.1418923,-3.3513806,0.022356024,-1.7040492,-0.32861042,-1.9567757,1.272807,0.29723352,0.86109185,-0.15421829,1.8187991,-0.22414845,1.4083174,-0.35159504,1.4161516,0.7131993,1.7263126,0.17513867,0.3154266,0.86981565,1.7088017,1.6676482,1.0042547,surprised
-648.9672,53.7404,4.5749846,8.229105,-7.270273,-10.2264385,-8.961905,-6.882347,-4.261764,-8.303716,-3.7134514,-3.7995737,-5.601083,-3.7003777,-6.5207696,-1.9661683,-6.265969,-3.578891,-5.918979,-3.8545551,-5.2251587,-3.7087576,-4.518862,-4.1291347,-3.2992914,-2.3818994,-1.0212828,2.000882,-0.19555491,0.5486585,-0.22804698,0.11652641,1.1643772,2.8035,2.340116,2.4417784,0.97549206,2.4941278,2.4761653,1.3731288,neutral
-657.92053,54.058548,4.039725,10.769808,-7.9627237,-10.306505,-8.863695,-5.426328,-3.3568165,-7.637351,-4.098895,-3.2729735,-5.906788,-3.695406,-5.946932,-0.96049863,-6.7872767,-2.110342,-5.346279,-4.781671,-4.5921106,-3.882036,-5.041677,-3.393636,-1.5312968,-1.0239083,0.14061894,0.8911923,-0.39767605,-1.8440489,-1.8637437,1.2890989,3.968538,3.437954,2.0760481,1.523575,1.2148299,1.6918718,0.40727374,-1.3787285,neutral
-619.2714,47.17354,1.8116015,8.355177,-6.5536704,-17.112352,-12.504834,-6.4768205,-1.9357451,-7.67815,-3.7072046,-3.5299363,-6.934221,-0.297897,-7.6557903,-0.77200603,-8.604599,-3.777802,-4.5090375,-5.25461,-3.3127978,-3.087038,-3.6522205,-0.296891,-0.105660506,1.6454436,1.0890297,0.5028704,1.9997699,1.7307023,2.2331688,0.7518266,0.8747014,0.9617727,1.4143945,1.704949,0.6304023,2.1186163,-0.991486,-3.3530192,neutral
-631.21497,42.014282,4.0303946,9.124542,-7.131707,-12.769818,-12.064708,-5.0010176,-5.637043,-6.090576,-2.467909,-5.968886,-4.909161,-4.668843,-5.4277105,-0.63862926,-7.1846595,-2.6776173,-4.5894036,-5.3641434,-2.8703287,-1.424304,-3.033144,-0.84762126,-1.1704094,-2.5047467,-0.14888631,2.3700469,4.7578554,4.586406,2.2140796,0.23806064,-0.65686876,1.4232033,4.285161,3.0213437,0.5340716,-0.42957565,0.8201469,1.5945165,neutral
-694.9731,51.328407,1.9465895,7.406742,-5.5880823,-10.695954,-10.672519,-1.6416326,-4.33568,-8.265339,-4.8915462,-2.6434386,-6.0941815,-1.9138376,-7.691747,-3.0454347,-5.6054506,-3.478898,-3.4892538,-4.152901,-3.5927896,-4.728414,-4.3853865,-4.4341745,-3.5863392,-3.6342864,-3.11022,0.5585187,2.1240215,3.9508173,2.2790895,0.7329884,0.64682215,1.3495101,4.041019,6.8170085,6.932878,3.912676,1.6017058,-0.026552524,calm
-635.53296,51.15316,4.60687,11.805648,-7.206468,-13.286069,-7.322114,-4.2336106,-5.7259736,-8.658239,-3.597875,-3.2627602,-3.4683335,-3.4460642,-7.0832663,-2.8266377,-7.1083293,-3.2925856,-4.7025957,-4.6335835,-4.536657,-2.9373386,-2.4609613,0.50775295,0.2590011,-0.16215704,-0.7504314,-0.6041547,1.4510772,2.4199305,0.2044476,-0.47333184,0.19925004,0.8819274,2.283091,3.0507271,1.0533928,0.11228148,-0.7214352,0.60655475,calm
-659.9184,41.60895,7.260764,9.734169,-6.63241,-15.069747,-10.836429,-6.784077,-4.8293185,-9.509812,-3.2290902,-2.1632864,-8.486936,-1.642434,-6.433124,-0.97806543,-5.4655366,-4.8629026,-6.003156,-4.116563,-3.3837051,-4.3297787,-3.512616,-1.9042267,-3.3872905,-2.967004,-1.6915004,-0.115791604,1.5395802,3.2013907,4.1040044,2.3684833,3.1048794,2.3295903,2.0027719,1.9333704,1.1687429,1.853599,3.3350828,3.5396423,calm
-630.3569,40.04533,5.727055,10.375489,-6.121907,-12.722488,-12.725833,-4.340857,-3.9074473,-8.543816,-4.1568084,-3.0610359,-7.430423,-4.115923,-5.3359556,-2.4706206,-7.154632,-4.7590675,-5.0125494,-7.2035413,-3.1856108,-4.771651,-4.3596554,-3.6445487,-4.3999004,-4.0904255,-4.151564,-2.3819187,0.0337679,1.7328768,4.2888784,2.7192764,1.4072666,1.0997434,2.3663487,4.146709,3.811771,1.2326881,-0.1993221,-1.6446333,calm
-641.5118,45.76864,0.18214035,6.162931,-7.8569126,-10.757198,-11.724045,-2.0560098,-4.9902344,-8.148342,-4.504463,-3.2890956,-4.491771,-2.6258307,-6.552252,-1.1404581,-5.939149,-3.5305386,-5.785808,-3.7322,-2.1062393,-2.08774,-2.4150233,-2.68716,-1.290319,0.049892858,1.7574472,0.02347452,-0.6633951,-1.1441796,1.4210514,3.229946,4.4836345,0.9987885,1.9571973,4.0136366,4.450457,2.5907843,1.3453739,-0.13973536,calm
-602.51196,50.423553,-2.2029412,12.650744,-3.9487567,-10.903741,-9.673683,-4.2792215,-1.5831757,-10.49307,-6.461691,-1.4165233,-6.9683213,-2.085081,-5.9900837,-1.3525264,-4.460633,-5.075058,-2.6445398,-4.2893558,-3.1728523,-5.6050982,-4.2731667,-2.7248402,-2.9204626,-2.2816732,0.074467525,4.1724186,4.7944446,1.8734456,1.1585504,0.9475426,3.787158,5.7040005,4.66883,2.6689692,0.9582855,1.8253149,2.2822466,0.2644536,calm
-661.47046,43.746407,3.7630785,6.106171,-7.2129674,-15.596246,-10.913224,-6.2399883,-3.1079586,-9.87066,-6.1431193,-0.99970573,-8.835373,-1.956284,-7.611748,-2.9949317,-7.02691,-4.193512,-3.311333,-4.353791,-3.5617177,-6.574036,-4.8448987,-2.552622,-1.3677216,-2.7094023,-0.89041823,-0.3769648,0.63042384,1.1808343,2.1383235,4.083594,4.3734145,3.4241884,1.5973674,-0.17974947,0.24501432,2.528707,2.0690079,0.29349986,calm
-660.3575,47.004673,2.41827,5.4139094,-5.217265,-17.73146,-10.97965,-6.419834,-4.361859,-7.957589,-4.081931,-1.5708075,-7.4431133,-1.3662465,-6.941767,-2.99588,-6.8523717,-3.7713735,-5.9260893,-4.4892445,-4.344435,-5.215845,-5.521841,-2.5341086,-2.8910036,-4.120579,-4.8332405,-5.0885863,-3.2054825,-1.3750553,1.3703419,4.958131,4.7413096,2.3143134,-0.21011584,-0.0939359,1.8630404,5.135687,4.7139,2.4953272,calm
-583.67926,33.10082,-10.370889,7.9506836,-9.267976,-10.248187,-12.951801,-8.21214,-1.2516538,-10.262308,-4.789591,-0.88509125,-6.4398174,-3.2947547,-8.742297,-3.0042002,-5.5376983,-3.523901,-3.921969,-5.960351,-3.6326466,-2.8750596,-1.8355652,2.7247875,0.8413238,0.8300631,-3.2437382,-2.5341043,-1.1218064,2.4662046,4.2916574,4.8222485,5.524292,2.4485452,-0.37438405,-0.37467456,-0.7330121,1.3354228,1.1689498,-1.3476539,happy
-557.112,33.02681,-5.520595,10.179765,-7.096119,-8.780337,-11.148381,-3.334977,-1.3040298,-8.305684,-3.3117976,-0.37681934,-5.4990263,-2.015306,-5.817153,-2.3404195,-4.50155,-1.1902432,3.4717197,1.7179945,0.3068637,-1.1573545,-1.3616688,0.95506334,2.5153723,1.9757252,0.30307817,1.9011141,1.3090544,0.92880017,-1.3415234,-2.1905758,-0.014799574,-0.11972565,-0.51465714,0.89475113,0.9004421,1.1977835,0.838417,1.5238134,happy
-569.0709,36.584522,-5.6260185,8.515337,-6.800509,-13.175341,-12.970055,-7.5009065,-3.2173324,-8.688172,-6.117254,-1.3564633,-6.585482,-3.6211941,-5.4477363,-5.547429,-5.364958,-4.731378,-5.010124,-6.177817,-4.3368874,-5.4099336,-4.710326,-0.7893883,0.9344463,2.168888,0.5310435,-1.3984171,-3.52783,-2.7049553,-0.9239535,2.7847285,5.936544,4.6239514,1.6511632,0.0073489337,-0.34605297,1.629763,2.1313035,0.7989994,happy
-573.2815,32.07841,-8.755392,7.4166427,-7.604263,-12.694906,-13.818952,-10.094813,-0.64601415,-7.427534,-7.27025,-1.7462807,-6.97446,-4.0368433,-4.562462,-6.132372,-4.494511,-5.7453504,-3.8558965,-5.703593,-3.4275284,-3.4145455,-3.5517347,2.7546425,3.6514566,6.114404,3.499226,0.44731203,-0.17656134,1.1506151,2.2788918,3.801284,3.6213706,1.8484975,-0.6803196,-0.48601872,-0.9933415,1.6987238,1.5561575,-1.0011137,happy
-524.9554,30.028244,-13.809718,5.2486973,-9.408796,-10.391872,-14.543205,-9.496341,-0.48951933,-8.966797,-6.5660696,-1.5607891,-7.248395,-5.1604495,-8.036313,-4.99709,-6.7303686,-4.948033,0.92876637,2.4187167,3.5794637,1.707744,-2.8186102,4.324056,3.7253916,6.113955,1.4208772,-0.9649759,-2.1022265,-1.1579235,-0.040539794,-1.510859,0.40730482,0.99125266,-0.51129043,2.0190332,1.9464788,2.4779732,1.2181036,-0.6914353,happy
-445.00565,23.910082,-15.106811,8.46189,-12.434302,-11.867256,-9.349668,-8.107802,0.114226274,-8.29387,-5.1296425,0.41012734,-5.8080316,-5.1774225,-4.66899,0.44638658,0.14049421,3.3669832,4.758338,2.9709022,1.837529,5.773158,1.695362,6.077204,-0.17527898,-0.1623677,-0.94568807,-0.020329544,-1.9924439,-1.180142,-0.7992442,-0.008138486,-0.089327745,1.3453821,0.78211445,0.41694075,-0.7376277,1.3055868,1.4325237,1.0690587,happy
-510.35654,23.911875,-8.962515,5.016893,-13.5486355,-17.255228,-15.409713,-10.425199,-3.0892832,-12.135932,-7.072093,-4.207291,-7.5205126,-3.2846403,-7.17988,-5.864966,-8.539866,-6.706891,-2.8602307,-1.3854227,3.2888868,3.0259492,0.6791676,3.4069788,2.1670969,4.413998,3.2724347,1.8638778,-0.73612684,-1.9278047,-0.4696292,1.1516074,3.1585453,0.85820955,-1.2497569,1.385985,3.4577413,1.0041527,-1.083035,-2.584643,happy
-526.41614,30.645138,-10.340186,5.9650064,-10.5804825,-13.499122,-12.685982,-8.91623,0.9233975,-7.365096,-6.646465,-0.039521378,-10.520065,-2.6731098,-3.8949783,-3.912909,-4.7361546,-5.7927895,-1.6428117,-5.844782,-4.457364,-2.552354,-3.687831,3.032888,2.4365077,3.4218469,2.6900759,1.4267312,0.9418962,0.08281184,-0.09187176,2.8618288,4.319714,3.5098338,0.80054724,-0.90201193,-0.024184141,1.884978,2.7344832,-0.15298888,happy
-656.3622,38.03468,1.7627727,8.774309,-8.378806,-7.7146034,-15.012681,-2.6038127,-4.8146896,-7.9376645,-4.1316824,-0.68141365,-7.4055724,-1.3704709,-6.7016835,-0.9907408,-4.678552,-4.098315,-3.450631,-4.375155,-3.9628701,-5.771336,-2.8624437,0.32885385,2.9104068,2.9949253,2.8021426,-0.029393759,1.5640315,0.7376608,0.7051573,1.2182778,0.5035185,-0.7966329,-0.26120955,0.44838667,2.0217338,1.0730335,0.14410336,-0.81410646,sad
-654.3955,54.501778,2.9534671,8.948413,-9.957845,-12.682647,-15.265006,-5.8117547,-3.7827272,-9.527015,-4.675363,0.41758776,-7.2688265,-1.0906755,-8.287491,-3.0141544,-5.4209085,-3.60706,-0.95022255,0.04517211,-0.087477736,-1.4698356,-0.8768518,-0.79543805,-1.1521641,1.046127,-0.87424976,-2.8176436,-2.1387208,-2.8930926,1.9038618,3.022967,4.5812736,2.8026204,1.6395309,1.1620225,1.4961672,2.38742,1.6609987,0.8338657,sad
-669.5077,42.301487,1.9868643,9.234647,-2.6057038,-11.007867,-14.29753,-5.6900816,-1.7482512,-9.120169,-6.057391,-0.7513148,-6.9196434,-2.4027417,-5.0985403,-2.900575,-5.1782756,-5.564663,-3.7406542,-5.0854197,-3.041873,-4.5650086,-3.9827383,-2.0298147,-1.5021583,1.6209964,2.239606,1.8229755,1.540587,0.87994134,0.75072056,2.5806646,2.9281616,2.029507,1.7121631,2.0769277,2.5144804,3.6801748,2.8446627,1.5346217,sad
-679.2774,42.970078,5.830074,9.9486885,-3.8207955,-13.158821,-14.356046,-5.6873164,-4.504334,-9.181009,-6.1400423,-2.235357,-6.057826,-1.5897406,-7.756528,-1.4907919,-7.2218227,-5.08821,-3.7526996,-4.788118,-5.124808,-5.379547,-4.2741714,-3.8827977,-0.27763015,1.8356307,2.9768364,2.3423994,1.0608115,1.0479809,2.5698478,5.3468437,5.577948,1.0457315,-0.06776075,1.1892505,4.9054284,1.8912127,-1.3507463,-3.1477208,sad
-593.7313,45.120026,-13.085929,13.309436,-9.408425,-17.221764,-24.30653,-9.647879,-1.3603603,-13.00987,-4.3975053,3.3988602,-12.001213,-1.2952873,-6.532775,-4.195813,-6.682983,-7.5384054,-3.4337811,-6.544433,-2.98135,-3.8669949,-2.7384481,0.13562822,-1.2276473,0.5410133,1.6191425,2.970301,3.4133599,2.7626863,2.1679275,0.11923769,1.4446374,0.7069225,1.6116278,2.6528661,1.7089283,1.4667957,0.9151602,-1.457278,sad
-622.37054,42.872902,-6.046857,8.776284,-6.447475,-13.293227,-18.184618,-8.11435,0.68940884,-11.058686,-7.6378064,4.8861995,-9.197758,-2.3964317,-5.312433,-4.4818497,-3.6233559,-6.6731577,-4.7331486,-1.2162333,-0.5629051,0.8209358,2.8402867,2.4854326,1.4513247,1.9353017,3.5135388,2.509285,-0.75866246,-1.4909345,-1.8695239,-0.5650235,-0.41189525,-0.6828525,-1.5204915,0.6541305,-0.8898012,-0.679413,-1.1664753,-1.2290568,sad
-607.36444,45.496326,-1.4779938,8.081182,-10.157055,-19.504902,-18.643366,-12.593804,-4.0694575,-11.6713,-7.9453993,-0.35323924,-11.436988,-4.1739836,-10.635091,-6.2959514,-7.756719,-7.8021517,-2.2983694,-1.0135146,1.254715,4.325223,4.2906523,3.9305391,2.752797,2.2873504,4.779996,3.6672378,2.9248428,1.2448101,-1.3462275,0.05435394,1.9592683,0.76985896,-0.25175622,-1.0547689,0.53438926,1.6572343,-0.27608398,-2.1091652,sad
-580.28735,45.030266,-8.940021,9.597153,-8.688041,-22.65114,-21.35569,-4.7784133,-2.517865,-13.474321,-6.4425836,2.5500898,-8.073001,-4.100347,-8.286402,-4.8852224,-6.5983276,-4.2501373,-3.4755723,-1.2323765,-1.2141172,2.822223,3.9124537,8.152601,6.2211137,5.5154347,2.8066473,-2.4079838,-2.3720813,-0.2277292,1.4829204,1.6934706,-0.9801115,0.041424032,0.5279383,0.6852252,-0.34050506,-0.8235857,0.9871402,0.14404596,sad
-501.64105,33.304497,-3.2205591,6.3307195,-11.777186,-5.433376,-10.842698,-9.919101,0.7523636,-6.147736,-3.3815033,-0.5961394,-5.6391783,-1.254461,-5.2991667,-2.9449267,-5.738693,-3.7958503,0.051520847,-1.6553049,0.64661133,-0.7565234,-2.627375,1.9261614,-0.9971074,2.8291166,2.5267053,6.180132,3.0659528,1.5115929,-1.6936668,1.1328206,3.3117425,3.2425976,0.16344231,0.5736749,0.34974816,1.1842877,-0.08497726,-0.29142666,angry
-476.49698,32.275898,-5.0643787,3.399189,-11.540231,-5.9792953,-7.370369,-14.252958,0.27490067,-6.790557,-5.787504,0.50032365,-5.6056037,-2.7105975,-4.297277,-1.3970494,-6.1580415,-4.4118633,-3.74304,-3.517691,-1.328571,1.7465389,0.0031505937,3.657961,0.7776987,3.8802843,3.5218651,5.343136,3.2003682,1.6517503,0.9391704,0.7684315,1.7746272,1.8950998,-0.32882357,1.212434,-0.06814692,-0.62829506,-0.254477,-0.70981646,angry
-531.26117,28.768826,-3.7767591,-1.3787471,-12.077914,-6.4593525,-13.52562,-13.793723,-3.731124,-6.282697,-7.7031965,-2.7371469,-6.841467,-6.3106427,-3.9664779,-4.3758993,-8.712455,-2.2994356,-5.235949,-0.25878266,-2.063784,0.2797549,-4.208186,-0.11532309,-2.950636,0.21880016,3.6867967,4.7956877,3.6536388,0.26930177,0.11941122,1.4797999,2.1407537,1.8137126,0.2821775,0.61779153,2.05176,1.7615105,2.3590436,-0.43509933,angry
-479.9673,29.945797,-3.273193,6.685614,-11.636259,-7.668892,-13.399967,-13.626764,-1.451306,-7.1837997,-7.41901,0.48420188,-7.049122,-4.894276,-3.5341992,-2.7171123,-5.7148786,-2.594901,-4.2005196,-1.3822597,-0.19273247,0.1914855,-3.288041,3.2559607,0.40440613,3.0734327,0.59028083,2.4600716,1.2697647,2.9240723,0.946662,0.48028448,1.1489781,3.1940532,1.2200056,1.4055644,0.7158691,-0.62652034,1.1090769,-0.34901896,angry
-419.1382,26.712727,-7.9698944,2.3661118,-17.370792,-6.6212206,-9.583561,-13.078626,0.44637993,-8.548461,-4.0736823,-1.1792122,-6.9862,-4.157302,-7.8109174,-3.0193968,-2.8575482,-0.030260224,3.339152,0.8689436,2.8549113,3.2427032,3.5316145,5.752867,1.0225931,0.2871839,-2.0697222,1.2941773,0.81902224,0.104210205,-2.8022413,-1.150343,0.59058535,1.6889868,0.57295984,1.3409156,0.07939441,1.2673358,0.74229217,0.05696688,angry
-407.04526,20.05263,-17.664024,1.7984996,-18.348322,-7.2832775,-11.278743,-17.003492,2.3899753,-8.147113,-5.416292,-2.2017083,-7.7815156,-3.6870332,-1.2210137,4.5699043,-2.148635,2.1830242,2.429641,3.0518403,5.249476,2.129406,0.30217218,2.191895,0.87473387,-0.15036882,-1.878185,3.000396,0.17319013,0.14204234,-2.4558187,-0.007786516,1.9853414,1.1672522,1.0914847,1.301829,1.0470146,1.5172396,0.03769132,0.099632226,angry
-426.687,17.354733,-16.069513,3.3441246,-17.65274,-5.191529,-10.424487,-18.517885,3.7786846,-9.669229,-5.787392,-4.619688,-7.7612724,-7.4354477,-2.096733,1.5437621,-1.9135406,4.0096383,2.4285238,3.500397,5.2185316,3.0112512,1.0950632,0.50885826,-0.43667513,-2.9730635,-1.2163268,1.0669464,-0.46341652,-2.2076178,-2.4998891,-0.10519113,1.9268289,-0.1711555,1.0801622,1.9524845,2.3902366,0.12542965,-0.02478037,0.24792683,angry
-434.83502,21.014095,-12.552252,2.0695958,-16.405241,-6.1134615,-9.138945,-16.37051,4.0941133,-8.646584,-3.7060194,-1.81915,-8.228057,-3.285151,-3.691132,-0.4348269,-6.0414124,-4.498111,-1.766427,1.4164689,6.661666,8.971767,4.700851,5.058287,-0.79372984,0.487705,-0.56533396,1.3469346,-2.732863,-2.132368,-0.061257914,0.3799311,0.50889397,0.078962326,-0.8510344,0.5981226,-0.6690577,-0.62121594,0.3025076,0.65850925,angry
-560.3365,37.834587,-9.004407,8.250767,-9.506641,-9.65962,-14.964383,-11.952426,-0.46126622,-11.093235,-10.324398,6.117998,-5.5215087,-6.6118937,-6.787998,-4.470809,-4.3092995,-0.6878556,2.9490862,4.50323,2.4314864,4.7084594,1.579515,7.6385317,1.7924547,-0.31628355,-2.8513417,-3.0407984,0.25834152,-0.43342093,1.013522,-0.31300187,0.8174036,1.2440345,-0.010795168,0.8699154,0.10865737,-0.8352252,-0.3950592,-0.8254771,fearful
-596.6408,34.685844,-0.8912078,8.064755,-5.761147,-5.146524,-14.712762,-8.276686,-0.4910956,-7.9111633,-8.279864,3.9402404,-5.738938,-4.962875,-4.2837744,-4.23808,-4.1933045,-6.3280425,-3.9186954,-4.9849534,-0.678012,2.4110887,2.0435925,4.9666395,0.5818247,1.6461871,0.4633268,1.8719875,1.1071997,0.28786626,0.8756748,2.852019,2.574737,1.9998828,-0.68793607,1.315611,0.5213517,-0.50804406,-1.5818878,-1.7155637,fearful
-572.9483,34.116413,-1.0217963,9.952277,-6.639217,-12.651188,-15.9610405,-5.8969216,-0.53593445,-9.52128,-4.823481,2.3397264,-6.8784413,-3.2959068,-8.017013,-1.3294445,-6.6893806,-4.9990845,-3.8281214,-3.5692642,1.374894,-1.4920967,1.9722984,0.95800257,2.1673298,1.7395138,1.6614068,2.1685007,0.068910696,0.12064975,1.3908584,0.42403626,0.5661658,-1.5768911,-0.14149208,1.8034382,1.8527167,-2.0485945,0.3654092,-0.16926757,fearful
-537.1934,31.92201,-6.752708,4.805131,-7.559117,-13.539145,-17.979425,-11.743347,-0.23890135,-11.886022,-8.7603855,1.8700918,-9.22574,-4.3637,-6.13289,-4.2008796,-3.6505299,-5.1409082,-0.12014004,0.9680688,3.3510747,3.432326,2.979714,4.7184396,-0.33321804,1.7834883,-1.4674286,0.37576842,-0.14691985,-0.31323785,-0.30219325,-0.29464677,0.3529146,0.6594373,0.5128997,0.099216715,-0.69604164,-1.6545993,-0.5403913,-0.55179703,fearful
-395.11014,16.1552,-24.995596,1.6271936,-17.97261,-14.820575,-19.018538,-13.655474,-1.8544056,-15.522268,-9.605961,8.139592,-2.7788086,2.3543265,2.3775146,8.010158,3.7667367,0.4835925,2.2247987,2.3637958,0.53096646,1.9354835,-2.0252275,0.47558913,-1.2363864,2.05304,-3.1120865,-3.6467385,-2.663058,0.18626486,-1.8965315,-1.4811474,0.3756576,1.3024108,-1.4607607,0.098046064,0.7182307,1.127225,1.5789398,-0.25071138,fearful
-383.20975,9.700663,-26.453676,2.8791127,-18.089264,-16.468147,-16.327507,-11.724766,-1.1919888,-13.955227,-2.546707,11.273836,0.62791306,7.8418593,6.3644834,12.581165,7.2468395,3.749637,-0.323177,-4.637719,-2.557604,1.9398274,-0.046806335,-0.42905805,-4.6746264,-0.40491378,0.55616814,1.1254715,-2.674951,-2.946612,0.40140548,1.8915353,2.8333044,2.9522011,0.8811507,2.185514,1.4269067,-0.647281,0.5954109,0.681911,fearful
-391.38736,10.055475,-29.128216,1.9109954,-19.624012,-16.070127,-18.353525,-18.514658,0.7985354,-15.48584,-7.8917665,9.373221,-0.49970305,1.2648745,4.0031085,8.679865,5.661777,4.5862036,1.9357702,0.11464181,-0.35795528,5.4988003,-0.011725232,0.9173605,-3.0726488,-0.13608935,-1.6120607,-0.46028668,-1.567402,-3.363885,0.0018754731,-0.66144365,0.29241133,3.794601,2.4814348,2.1933215,0.70032275,-0.8164993,1.5019355,1.3496959,fearful
-389.56247,16.191183,-27.24325,0.922222,-17.711351,-15.987404,-18.368408,-14.922667,1.29183,-12.741262,-6.3672853,10.504787,0.3799836,1.5410032,4.455963,8.214338,4.9018416,1.1049716,-0.03676306,-2.3114018,-2.9023478,3.827333,-1.287347,-0.7564647,-3.8056333,-0.41979557,-0.8617994,-2.5294378,-1.9685895,-1.8879015,-0.16379173,-0.19995841,0.3396893,3.3735776,0.40707672,1.2534657,1.6498839,1.0569193,2.2646034,0.21234065,fearful
-607.0372,42.875454,1.2642261,5.7804627,-6.6619616,-4.072648,-14.876738,-7.878089,-1.4266093,-4.840556,-6.682108,3.025983,-7.9172287,-2.9521523,-4.694331,-4.541899,-4.5583696,-4.7452583,-2.9616795,-3.3126836,-1.8391274,-2.9785557,-1.1829747,-0.020869307,-0.69601756,0.27915055,-3.1634398,-2.6379566,-0.60408586,-1.2225318,0.23604225,2.1855354,1.5796794,2.7608511,0.3718637,0.85785216,2.2331178,0.73592776,0.33240965,-1.0233021,disgust
-592.9632,48.292366,-1.8638502,2.7538865,-8.246795,-4.087553,-17.615767,-7.262802,-0.5346468,-7.061474,-7.0541883,0.6522788,-6.044979,-2.978812,-6.731988,-4.965109,-5.7017813,-2.7448778,-2.948661,-3.8806674,-3.7069154,-5.21026,-4.061,-2.064701,-2.168484,-1.3923687,-2.617511,-1.905425,-0.47063565,-0.6061061,-0.39330813,1.2716583,3.2391348,4.340214,2.593082,2.6574128,1.0864828,0.98255897,0.562621,-1.5857552,disgust
-618.9831,39.545624,1.478024,7.429433,-11.45177,-13.876612,-11.469459,-5.527647,-8.311049,-5.7934566,-5.337678,-4.520064,-3.8707008,-6.1113224,-6.158827,-1.8849735,-9.779958,-2.3130312,-4.716302,-3.4142988,-0.68890387,-2.1299536,-2.4613245,-2.1300492,-2.9463987,-1.583082,-1.4232645,1.433597,1.7653952,2.7229774,-0.04003125,0.21258391,0.4993441,1.808368,4.5991707,3.7897575,1.9357346,0.25942576,0.75377923,0.40758437,disgust
-575.1364,45.055386,0.86635643,8.137826,-5.5988846,-10.723626,-11.951401,-6.3580565,-2.472861,-7.016487,-4.1915803,-1.7195634,-4.3750463,-1.7473348,-5.2729764,-1.485749,-6.45264,-2.513527,-5.222692,-4.0795193,-3.5951762,-3.0453198,-2.5617065,0.95344913,0.5145154,0.24246772,-2.7299728,-1.3232263,0.11507157,0.9491648,2.9406276,2.6098666,2.6989515,2.954378,2.2593687,2.558323,1.2903633,1.135643,0.64591557,-0.50384337,disgust
-574.74207,45.156876,1.3856382,5.560352,-9.5771885,-10.518076,-18.241863,-9.657207,1.4578743,-9.0775385,-8.173649,-0.51937217,-7.8204885,-5.206092,-4.572481,-4.00126,-5.6263766,-3.6155264,-4.5582395,-6.1661224,-3.149199,-4.866675,-6.5888133,-2.1644146,-5.550335,-3.13553,-1.8810657,-0.00903753,0.49153468,1.1747631,1.3872153,3.0015383,4.374965,5.5284553,2.6402335,1.8249269,1.1626085,1.1104765,0.6910031,-0.327832,disgust
-559.2296,43.272736,-0.008889564,6.990581,-10.891249,-5.5310574,-14.534584,-10.842241,2.6046727,-6.290444,-7.4529333,2.3155508,-6.3595495,-4.597558,-3.813221,-5.374861,-3.982857,-3.9739137,-1.8358693,-4.291235,-3.1331153,-2.8118176,-3.8561668,-1.1407621,-1.346106,1.1320419,1.4209934,1.5954391,1.4318436,1.5674126,1.3016992,2.6269207,2.1872232,2.5476263,-0.3322977,1.137038,0.7127592,2.3218038,0.55612427,-0.86881024,disgust
-555.921,43.863884,6.8617992,7.506398,-7.4233184,-12.568697,-14.326831,-13.37792,0.31363475,-10.400933,-7.717781,-0.38950518,-9.258406,-5.1145544,-4.794299,-4.302677,-7.27752,-5.3946724,-4.2294755,-5.8209004,-5.5887227,-5.0122604,-5.8737907,-4.609127,-3.7467248,-4.367263,-2.572225,-0.64157563,2.9076242,3.0785313,2.7561731,2.662122,2.770793,2.1413307,3.130101,3.0329924,2.4483497,1.6835488,1.7376835,0.73862386,disgust
-536.57776,34.250942,-1.8680657,5.1186066,-11.396854,-13.514016,-10.271327,-10.165198,-2.1835866,-8.617459,-5.478277,-2.0390387,-6.5382514,-4.7527127,-6.554938,-2.0951178,-6.5985103,-3.554543,-4.9793973,-4.866992,-4.0561843,-2.3300176,-4.654618,-0.49243212,0.7552457,4.1014414,5.280815,5.4047365,5.2081556,2.1577635,1.0158168,2.432777,3.6649766,2.8749774,1.4957134,-0.3156534,-0.9274589,0.2576196,0.32516515,-1.868212,disgust
-594.89716,38.64162,-8.628937,4.3338194,-11.905394,-12.681331,-13.474497,-4.205709,-3.8354497,-10.310071,-2.8226724,-6.1374607,-3.3508017,-6.208847,-7.7971077,-1.5204955,-3.6617942,-0.3472873,-0.0020435737,1.8792673,-2.4482706,1.6144221,-2.4505665,2.6230686,-0.5923201,0.023566445,-2.1106725,-0.9018341,1.2247572,1.7904779,-0.39641374,-1.1885834,-1.8478403,-0.1539907,0.66455805,1.5095959,0.9618711,1.1568892,-0.047251225,-0.17151847,surprised
-553.5813,35.087765,-5.8570433,-0.57221025,-15.465898,-14.452999,-11.89335,-5.4102936,-9.7338085,-5.2256618,-7.7158966,-6.9904094,-2.5704958,-5.608375,-0.9027012,1.2831862,0.15229438,-0.9848743,-1.847703,-4.3727665,-1.5850611,-0.3417928,-2.0267231,1.6273234,-0.9851726,2.4332454,0.06404472,-0.11067516,-1.7052828,-0.7370867,0.059755184,1.4241621,1.4958974,-0.5943064,-0.78257805,0.26109487,0.8435948,-0.70506567,-1.4362893,-0.19897397,surprised
-573.1029,35.35333,-6.8818674,2.7051425,-11.989612,-11.923272,-16.35943,-6.889041,-4.589178,-10.315463,-3.2991774,-6.2005367,-6.3023376,-3.3004553,-5.525585,-0.90149933,-5.2186594,-3.3460639,-1.2728994,-1.4985309,2.2254303,1.1540416,2.1255634,2.3611636,2.3582187,1.9494313,2.9341838,1.1374078,-0.6958962,-1.5839782,-0.19571425,0.40627858,1.5103638,-1.5159403,-2.4506676,-0.725289,1.2562562,1.4742093,0.5376297,-0.590554,surprised
-523.6733,29.50234,-6.4667554,0.039795488,-15.032148,-17.956425,-10.460008,-6.5563345,-10.278742,-7.6412983,-7.8654566,-6.821576,-2.151383,-3.019753,0.2776582,3.1789892,-1.6146924,-1.4723182,0.69870865,-0.3854386,-0.578835,-1.0293442,-1.3049338,1.061946,0.716324,2.7513442,2.113189,1.2775731,0.40730146,-2.3618703,-1.8389394,-0.29917672,0.9006378,0.56647056,-0.8281681,0.49578595,0.64831024,1.0902091,-0.71588564,-2.0018597,surprised
-548.4745,36.259327,-12.459136,1.9580961,-12.403679,-11.532242,-18.084871,-4.314556,-3.707689,-10.353709,-4.8054166,-6.0524845,-5.3674517,-2.0142243,-8.393492,1.6426384,-1.9970548,2.3504014,1.6174074,-0.07318136,-2.1689036,-1.4828174,0.15232934,3.9250472,2.7931566,1.1836582,-0.51951545,-2.6096222,-1.2578014,-2.421019,0.05993647,0.02999115,1.0147222,0.20984681,1.1043893,2.5762255,1.9651364,-0.43184748,0.27910706,0.36361632,surprised
-531.13336,37.372303,-9.51031,0.14677438,-16.896654,-12.604483,-11.047343,-7.8181095,-7.483602,-9.369486,-6.834486,-5.4899535,-3.7839136,-4.958626,-2.104069,0.09641484,-3.4172666,-0.39530674,-1.4333397,-0.630232,-2.8827267,0.73295826,-3.5201185,2.357907,0.7814934,3.3285418,2.0253487,1.4193459,-1.708357,-1.8999274,-0.2591526,0.9821902,1.8059511,-0.37957767,-0.29452455,1.4217676,0.086133935,0.7045463,0.8009533,0.26449132,surprised
-499.95892,35.150936,-12.119415,1.0832946,-13.504619,-18.036058,-14.729135,-10.675469,-5.5194273,-11.43876,-3.5650678,-3.0149422,-6.2428217,-5.829585,-4.8330984,0.5912303,-1.0136687,-2.258909,0.4814666,2.068317,1.1572142,5.0167108,2.3920314,2.4684975,-1.0213948,-2.2191455,-3.5669975,-0.009329064,-0.2315625,-0.4118247,-0.63674736,0.8409648,0.7883782,1.9179802,0.4129181,-0.17420013,-0.09957181,1.4799045,0.48352915,-2.3210151,surprised
-520.8733,32.240776,-11.368161,-0.047730446,-13.964513,-17.95856,-13.991973,-8.837763,-7.928493,-10.869158,-5.573709,-6.264895,-2.8016658,-2.7294638,0.114584446,0.14231227,-4.1159716,-1.4181261,1.9731456,-0.21452118,-1.7355995,0.13731425,-1.3113474,5.009868,2.9709868,2.1926856,0.12980127,-1.3855886,-1.9714034,-1.1760491,-0.53141165,-0.7594388,-0.8592214,-0.6331663,0.31473878,1.156519,0.014252611,1.9010427,1.8513972,0.59207433,surprised
-627.5086,70.61785,6.273395,24.713053,9.78189,10.88446,-0.29722646,-8.427354,5.6678305,-0.15458216,0.29187974,5.76239,2.104731,2.2059708,-0.71791756,-0.9830662,-0.79506737,3.2644362,-1.4291052,0.8306558,-1.1202792,-1.6394364,0.050006017,1.5661441,-1.1806628,-1.8059641,-1.5567863,0.1552824,-0.65302455,1.390908,-0.40776193,-1.2285188,-1.4924972,-1.0283082,-1.4320214,-1.7062367,-1.7524272,-0.66203374,-2.8768983,-2.2469263,neutral
-637.0635,65.68293,4.3132186,23.383066,7.092647,10.01561,4.248405,-5.74924,3.331669,2.2895484,0.13717984,6.531571,1.5752413,0.7602617,0.36189523,-1.5201006,-1.2195929,1.8231832,-1.4023949,0.051529903,-0.5017708,0.4951598,0.07956023,-1.276362,0.22069816,-1.2304996,-1.9532201,0.7542973,-0.48004803,0.49943972,-0.047259055,-1.1943123,0.102963135,-0.19604707,-0.58002394,-0.87665296,-0.44800422,0.32836568,-1.5709549,-1.1928505,neutral
-625.5938,68.10152,5.646721,21.795843,6.414967,10.910706,1.5725508,-10.593405,3.1320193,-0.8073715,-1.0464967,6.0793095,-1.1681324,1.3976802,0.71573055,-1.5563611,-1.9471756,1.8156891,-1.132369,-0.77556705,0.36270967,-1.242423,0.21499515,-0.30831543,-1.6262001,-2.4888098,-2.217201,0.5205041,-0.66239136,0.68935007,-1.5117712,-2.0224674,-1.6737127,-0.6057251,-1.5009811,-1.0898585,-0.8398492,0.49667656,-3.1083515,-1.2662337,neutral
-614.5917,65.2577,3.1294541,21.274513,5.77946,12.913923,0.9508831,-11.274992,4.9670286,1.1012338,0.5152799,6.3298883,-1.3452568,1.4584075,2.3920062,-1.5594044,-1.5013725,1.9036231,-0.9300469,0.4836646,0.35074347,-1.194625,-0.18625441,-0.65934217,-0.51799256,-1.3540207,-2.0709982,0.45110443,-0.5786106,1.4166214,0.011672851,-1.0417378,-1.4263729,-0.79231995,-1.3309249,-1.2472183,-0.752814,-0.36837986,-3.540635,-2.4322698,neutral
-641.1968,61.446262,4.287863,19.051525,9.980124,9.937929,-0.51075524,-4.2285743,3.312065,1.5243088,-0.048950613,6.4362803,0.50742394,-0.27911228,0.29152292,-0.83090955,-1.0044162,2.5815518,-1.9966156,0.4756673,-2.1484826,-0.037178367,-0.5738039,-1.0642139,-1.5951402,-2.401677,-1.3870755,0.6203164,-0.21524343,0.16817325,0.10850558,-1.4050605,-1.5518954,-2.12061,-2.8113964,-1.4358444,-0.2932474,0.16719867,-0.6415515,-0.030927476,calm
-636.379,63.60211,12.368269,22.545235,10.74605,9.6152315,2.10517,-4.7631407,3.893357,0.96506065,-0.25719848,6.869922,-0.42121878,1.3232098,0.106043234,0.60586834,-0.05626566,1.9964863,-0.88954294,0.75298655,-1.0739917,0.18988624,0.40365922,-0.50528824,0.09863614,-2.6950402,-1.3188462,1.5222263,-0.56533706,0.027333833,-1.5985473,-3.054684,-1.4920304,-0.6678528,-1.5977845,-2.0207937,-1.599168,-0.4125368,-1.7293699,-1.2348604,calm
-631.23676,66.748,15.511992,22.634686,9.037487,13.081703,1.2616042,-4.6640406,4.9149675,-2.2702148,1.4350492,3.133611,-1.2561024,2.6699865,-1.378788,1.7035192,-1.2321234,3.561212,-1.3607589,0.5626382,-0.7684974,-0.7702582,-0.62278,-0.59701186,-1.2878312,-2.2115552,-3.0575287,-0.56328136,-1.0025927,1.7105492,-1.0940971,-3.1570964,-1.6246103,-0.92763376,-1.693261,-2.2590106,-1.8468568,-0.2248407,-2.5377285,-1.3023252,calm
-620.9924,68.43422,10.430816,19.746212,7.614724,11.259717,-2.0189102,-9.32852,6.1507716,-1.4189197,-1.68174,4.865082,-2.0739653,1.1797069,0.4253303,0.16836761,-1.4076415,0.3927364,-1.3052446,1.3701297,-1.9541936,-1.2741735,-0.8912608,-0.48248303,-0.6040013,-1.4027634,-3.5176547,-1.8591201,-0.20302737,0.9418639,-1.0671961,-2.2287297,-1.4949497,-0.2601487,-2.7628934,-2.8949285,-2.4725535,-2.0544395,-2.346058,-2.089106,calm
-627.9417,66.23067,8.847549,29.615517,12.856166,14.559219,-1.8135586,-5.568886,7.2296047,0.3391026,-1.5737325,2.930298,-0.04710274,1.3906177,-3.5770972,2.982055,-0.1028725,-1.0454825,0.8153755,1.9517539,-2.1927168,1.6259168,0.5811844,0.58983976,0.292706,-0.41717705,-3.2851489,-0.46567953,-0.32750997,2.0210352,-0.40006974,-2.5137043,-1.6828369,0.28217772,-2.3668008,-3.3398452,-2.0230956,-0.28790647,-2.0993497,-1.100954,calm
-667.0791,72.21873,14.543383,27.539688,8.085847,13.074734,4.543299,-0.9395813,3.3571997,0.23351835,1.3062012,5.0771737,0.8210888,3.0481875,-0.6626866,0.3169156,0.116077304,2.4258094,-1.1629753,-0.21659929,-0.7664592,0.37591365,0.21668755,0.674341,-1.961464,-1.2827046,-1.8827362,-0.6684129,-0.336338,0.9856176,1.0330595,-0.5860678,-1.0244968,-1.1783935,-1.092049,-2.2724576,-1.77974,-0.25703827,-1.3687074,-1.3607643,calm
-624.90906,62.127663,16.002935,27.052572,11.302987,9.793171,-3.244237,-4.922653,6.0400634,-2.7442124,-1.6749599,6.0037184,-4.152811,1.376251,-2.736388,-0.2803664,-1.7286426,2.6366732,-1.1015394,0.014308167,-1.099169,0.2120342,0.40092373,-1.5263797,-1.8425617,-2.3598228,-3.0270371,-0.6863316,-1.1255904,1.4064392,-0.56940913,-3.3966851,-2.1469853,0.032731857,-2.9285269,-2.03437,-0.98066115,-1.2571167,-2.6844065,-2.1212702,calm
-663.419,73.8105,15.529095,22.281385,10.039937,16.860434,2.7737458,-6.130346,5.8826985,0.7137554,1.4996804,6.825662,-1.6068256,1.7777529,-0.07869053,0.3008137,-2.617282,2.4797187,-1.8225994,1.1140788,-0.2831893,0.51060486,-0.12852477,1.3364632,-1.1974394,-1.5741352,-2.5903172,0.031932704,-0.33299848,0.13095644,-0.9553159,-0.8222695,-1.3897865,0.2539943,-1.5240625,-1.7318131,-1.4983125,-1.3887753,-2.6266913,-3.2778523,calm
-595.16736,57.504078,4.3165455,16.703823,7.921907,7.9506426,-4.2628894,-5.9377694,1.0623828,0.044040356,-1.6760957,4.3218265,-1.6171159,1.2681708,-1.2911773,-1.1613955,-2.9487245,-0.9631163,-1.5194762,-0.7613938,-2.37027,-0.577258,-0.9568133,-1.2191205,-1.3285965,-3.226721,-2.7564392,-0.6613596,0.7123455,3.048284,2.4792123,2.3376892,3.0929358,2.279025,1.3103389,2.3715951,2.9009097,2.3120446,-0.07917837,0.5217746,happy
-567.5475,51.75234,-2.2735307,18.732632,6.865142,6.526689,-5.995987,-8.071186,4.634349,2.0695438,-5.8310723,5.719062,-2.083704,2.8607264,-1.615528,-3.2841003,-2.2828887,-1.1782224,-2.6267486,-1.9413767,-0.41019097,0.18464257,-0.59503335,-0.86398447,-0.7971511,0.6636842,-0.42251882,3.4047742,3.5216076,2.2805521,1.3440477,1.2587502,1.7392383,1.9211501,0.20966193,2.3223746,3.0017667,3.3199332,1.5144037,1.298047,happy
-567.32715,50.58576,-2.8554854,17.813725,2.801316,5.1428347,-3.2335851,-10.974252,1.2962545,-0.6209914,-2.8664765,5.734218,-3.3078806,0.38155773,-1.9621575,0.3866635,-2.8606005,-1.9632742,-3.3867984,-0.7674498,-1.5741818,-1.2259146,0.38678375,-1.8779023,1.3004481,-0.47690284,-1.4720389,1.8144099,1.4595958,1.6749163,0.86233073,-0.2593664,0.730765,2.8152027,2.2425365,2.0786812,2.5534616,4.0721927,2.239439,2.598583,happy
-539.56305,58.77547,-5.4553967,16.339247,0.73376614,9.860715,-14.50002,-12.998391,1.0263536,0.26289004,-5.607452,6.285956,-2.7848904,-0.84719,0.20000994,0.33295998,-1.7175282,-0.7667205,-0.9204335,-2.635071,-0.5886845,-0.1461494,1.6356121,0.5037919,-2.4061208,-1.604988,-4.123803,-2.257103,0.4324687,2.1108599,1.2436512,-1.2168729,-0.010360901,2.1191754,-1.1492891,1.4104178,0.523996,3.5264816,1.4781426,1.8382845,happy
-491.92148,39.230175,-0.36396298,4.811816,-2.9026322,-0.6286924,-5.597094,-5.341771,-2.5771818,2.1903105,-4.1009927,0.13300692,-5.306433,1.0788556,-4.2788234,-2.219282,-0.34509128,-2.6961112,1.2821692,3.520129,3.6695178,6.5826073,6.6554112,6.9158525,5.2426496,5.5833316,3.8030207,5.3232627,5.8186517,5.5868797,4.860168,4.194537,3.790356,2.3364587,1.8193533,3.9656909,3.9393976,3.7098103,2.2331765,2.6123376,happy
-407.52063,30.305418,-5.904313,3.7978125,-1.7305506,0.86645806,-7.113187,-7.130529,-3.6132483,-0.91784114,-5.612091,-1.0848514,-6.432239,-1.51138,-3.757715,-2.6529365,0.5191745,-0.8200822,2.3806758,3.0374894,3.0675178,6.181136,6.123882,4.9668245,3.406805,3.7973802,3.010078,4.4694333,3.835228,4.9435124,4.69169,4.0337815,3.2783723,4.4693274,2.9885695,1.5270445,0.8392076,2.7078474,3.3704748,3.2419305,happy
-476.79373,34.324097,-6.5170717,3.9094849,0.2300757,3.0107906,-12.188776,-8.040453,-2.9574356,0.8564375,-7.960398,2.6388006,-6.5415735,0.65933615,-5.7663574,-4.687289,-1.2129432,-4.3791666,1.5919366,3.0880597,6.017186,6.189683,5.342213,5.0783186,3.1020665,6.180299,3.4883971,4.4255447,5.048443,5.878023,4.950272,2.3955371,2.6794977,1.9424396,2.219561,3.4931133,2.084261,3.874371,2.444001,1.6036541,happy
-484.14792,33.53045,-4.2767324,1.3996993,-0.43117607,1.6227574,-10.081397,-8.390013,-3.977536,-2.5256863,-7.313699,0.5255638,-4.884461,-0.54633737,-3.7941096,-0.75545937,0.08026737,1.04558,5.343518,4.500157,4.937843,5.2751694,7.7608757,6.8633313,2.4220707,1.0500535,0.8336985,2.0537834,1.9545779,2.7636502,1.7703601,0.9038809,2.2546902,1.1360089,1.7962612,1.9225627,1.1710435,3.6664095,2.7888918,1.6283535,happy
-594.9586,63.32277,-6.2172956,17.904482,5.0926147,9.957786,-0.6096994,-11.69367,3.2430654,5.588478,0.8079055,6.1103745,0.37441337,0.352687,2.5240877,0.9355162,-1.7006551,-0.73519605,-1.9744953,1.3868538,-0.67030084,0.86566216,1.3049327,1.2638316,0.61376166,-0.36238575,-4.2869725,-1.2975008,-0.6626688,0.92583984,0.71752423,-1.3552783,-1.1838709,2.7230265,-0.28687513,-0.6964605,-1.9478697,-0.041208107,0.79984325,0.028581407,sad
-584.94183,64.435,-3.3175495,16.891891,5.7251325,9.552619,0.48962337,-8.362322,3.1188354,3.4994426,0.73866326,7.5415382,-0.15967746,2.214607,1.3330468,2.424101,-0.21127534,0.41750735,-1.139738,1.0570548,0.08009993,1.0839205,3.336416,0.6949031,1.0962021,-0.098241284,-3.3024201,-0.9297744,-2.1941698,1.0535997,0.8562051,0.0950183,0.25937733,2.2533188,0.39081213,-0.30048048,0.091681466,0.7735276,0.44098863,1.0523353,sad
-619.1185,66.772835,2.0467412,23.34109,3.3925996,13.09933,1.6016821,-10.249908,3.037824,-2.315308,-1.7435411,7.594742,-1.5973394,-0.36121693,1.0602986,1.1113967,1.180465,0.5749973,-0.7096352,-1.0144603,-1.8665606,0.7308321,0.4645703,0.32990748,-0.6048416,0.6027197,-2.1968858,-1.3836638,-0.056275044,0.7196711,-0.2989192,-1.3519042,-1.946515,0.7478641,-0.5336639,-2.6822894,-1.0818907,0.34233946,-0.8604673,-0.57573545,sad
-579.17377,59.755447,-3.7313604,17.362738,1.917095,9.547371,0.14814344,-10.10105,2.1667085,1.917324,-1.7492625,6.7766633,-1.9942688,1.2099206,2.1476884,1.5493395,-1.0492529,-0.122225754,-3.9786603,0.9289522,-0.014672026,0.5049019,0.23303138,1.4873891,1.9802917,0.88456225,-2.6484985,-1.4438875,-1.275814,-0.12962095,0.09637522,-1.2182779,-0.44540554,1.8370861,-0.34695306,-0.79374224,-1.0817809,-0.44805732,-0.74471176,-0.7314669,sad
-531.88477,53.426304,-12.646777,14.150024,7.490135,5.996038,-7.757245,-11.915141,7.2830534,6.2985086,-1.3752822,8.054126,0.5136638,5.500052,3.1331391,0.37999195,1.0311393,1.0314212,1.0096338,2.245553,-0.06947632,3.6441767,3.5190878,3.6634364,3.2233033,0.31008205,-1.1530973,0.2614099,1.5639223,3.982311,3.377116,1.307647,1.5577706,3.1185286,2.0935178,3.765737,2.192156,3.1975145,1.5892283,1.948744,sad
-545.33405,49.405552,-10.275934,17.587538,2.5664332,3.3686285,-3.5749273,-11.320349,3.7233443,2.7101684,-1.9475038,6.3272214,-0.7354466,4.288188,0.7990368,-0.26231667,0.5210419,0.93205595,1.1625795,1.2766331,-1.7775615,1.1665448,1.4482532,1.4469746,2.0767596,0.12803699,-0.8908001,0.5965301,0.2279947,2.6273847,2.275871,0.41614237,0.22605339,1.1991165,1.3049057,2.7996426,1.1521908,3.130395,1.6292876,1.3384396,sad
-519.7022,49.811478,-15.737011,17.83898,1.4217334,6.30079,-11.363577,-15.1227045,2.7604268,5.0263777,-4.1505995,8.976127,-0.6043971,5.2340713,5.58282,-1.5833586,-0.14263737,0.8041083,-0.64378047,2.2729127,-0.72379833,3.5137599,3.4571033,1.6512288,2.2333736,0.013202781,-1.57865,0.10587877,0.21540736,2.5966651,1.7383755,-1.7522986,0.12613286,2.4906628,-1.2536963,-0.641606,-2.0139644,0.6523466,1.6852119,0.9589943,sad
-527.5808,46.819695,-14.901474,15.364085,2.3111246,3.0864606,-12.0147295,-15.474319,4.204306,3.174748,-6.084462,8.541749,-2.968307,3.0268028,4.5310693,-3.3476717,-1.6305277,0.1629639,-2.0632584,2.29054,-2.5543077,3.1996982,1.3267566,0.046318907,2.9480803,-0.60786164,-2.1557193,-0.8167621,-0.16010904,1.4057113,0.13778289,-1.4285322,0.8143105,2.4943335,0.9460868,1.4145716,-0.97279674,1.0782062,1.1117048,0.6334117,sad
-636.1228,53.59028,5.4177437,21.831474,10.779918,8.614681,3.343867,1.2340006,4.580362,2.02239,3.1587365,6.6040416,1.3615295,0.8985536,-0.2776596,1.2020912,0.9859851,0.4984055,0.19750182,0.27927563,-2.6048846,-0.42115796,0.412491,0.74695754,-0.016574305,1.895764,-2.051675,-0.85739726,-1.5673068,1.808955,1.6366711,-0.064684406,-0.8556789,-0.21384929,-1.2052205,-0.86816275,-1.510974,-0.72980666,-0.04984342,-0.3889997,angry
-581.9245,62.69217,1.8500068,20.04993,4.8147306,9.293641,0.9035328,-2.2860506,7.3694,-0.39307827,1.0109063,5.479941,-1.6366377,0.4285364,-1.1455619,0.47024593,0.16709141,1.1752594,0.12150869,0.44121966,-1.0287573,-0.15299007,-0.83494717,-0.80753577,1.1305004,1.8916065,-1.1948968,0.6914957,-1.2360739,-0.107618004,0.8113948,-1.0193357,0.1973459,0.076811485,-1.6545649,-1.1928542,-2.6493297,-2.1192443,-2.0694053,-1.1776565,angry
-556.2955,52.071983,-4.531264,21.583479,0.3245551,6.8289804,0.93588185,-10.12897,4.406467,-2.4437459,0.45504165,6.715849,-3.108478,1.7053794,0.91793346,1.2169704,0.4211934,-0.28130248,-4.063168,0.9596969,-1.0729628,0.6129115,-0.8972125,0.1794735,1.1268711,1.2053418,-1.5961225,-0.27048674,-1.1356317,0.81201583,0.9122285,-0.42886537,-0.8295328,0.076420546,-1.5242151,-2.10915,-1.3463986,-1.0300534,-1.3848097,0.06728848,angry
-607.0774,55.741932,3.8608725,23.644205,6.2272024,10.823162,-2.507824,-6.990686,6.0493383,-3.0918853,0.05352376,7.1603594,-1.5494409,3.7638013,0.2957288,0.72846544,1.3888831,-0.7350478,-1.7182547,-0.68692976,-2.196801,-0.020367922,0.16898291,-1.5583265,2.0566142,1.5750371,-2.8333132,-0.8265045,0.4663407,1.8106223,0.24929912,-1.0620073,-1.7414913,0.6640547,-1.1788636,-1.8600012,-1.9846472,0.14984761,-1.6936513,-1.171468,angry
-442.89505,37.86026,-12.814783,16.302053,-0.506898,0.6828122,1.5172105,-8.500911,0.6445198,-3.101176,-4.027968,4.782433,-5.0814366,0.44492522,-3.3319664,-2.0815523,-1.752377,-1.6354717,-2.0963657,0.7718404,-1.4563673,0.11298451,2.3184717,2.2673695,2.7109442,2.5447018,1.4152635,-0.26964796,1.0655444,2.7503228,1.469016,0.12655437,1.7287934,2.377643,1.8790088,1.4852593,1.4534427,1.3989816,1.0071192,1.5724562,angry
-375.2391,34.200546,-16.18753,13.863524,-6.110306,-2.9243376,-1.2726922,-12.7540655,1.4427042,-1.9434941,-5.332531,5.5502667,-7.3790927,-1.4629124,-2.8907907,-2.7163992,-0.36899313,-3.6005094,-2.604043,-0.9440913,-0.96906054,0.016395044,3.1805558,1.5655587,1.4464461,2.350532,0.4333816,0.28618807,0.30740383,5.230941,6.5158253,6.3729954,6.603682,4.3812737,2.137926,1.6844356,1.4073035,3.0522428,3.1889646,2.0451212,angry
-453.8799,41.866528,-10.969701,12.289734,-1.0055947,-1.3833632,2.5801818,-11.833732,-1.9087809,-1.4767822,-5.6289043,5.6312795,-5.3916726,2.5129373,-1.3215051,-1.4843346,-0.23008537,-1.6800731,-3.554162,-0.571341,-1.2193885,-2.616418,-0.4982367,-0.4623144,-0.4932594,-0.4447732,-3.0796502,-1.9529002,0.899601,3.4416316,5.4877486,4.4732413,3.3197746,2.2073941,2.2104788,4.11482,5.2820563,5.708185,3.248302,1.8467107,angry
-422.8406,34.159485,-17.446783,16.667498,-2.4775639,-0.097857095,-3.4933803,-14.753015,-0.48573315,-2.2527184,-7.161793,6.211263,-7.93857,0.09351445,-2.5333018,-2.0766182,-2.105139,-3.0040781,-1.3247361,0.18742204,-1.6431446,-3.3886316,1.2353816,-0.20213974,1.8191786,1.1502231,0.65806687,2.3875244,3.0229886,7.226686,3.741309,1.4870989,3.014929,4.6965237,3.0223455,4.307359,3.43907,4.9224777,2.3117023,3.321276,angry
-542.0195,51.13192,-5.113411,14.25719,12.663858,9.998795,-5.618803,-10.620598,3.0692527,5.3015976,-3.1362784,4.998756,0.09599083,3.2074685,3.7012854,1.4429933,-0.3634804,0.63959235,1.2542195,2.2877815,0.1355204,-0.6473412,2.566246,2.5714931,2.2149174,0.7997609,-1.6260648,0.5527281,1.3037562,3.7675536,4.0736494,2.603388,-0.20617187,2.7293222,2.2999408,3.3788292,1.7713232,1.642729,2.4833033,1.5779299,fearful
-515.95294,53.50625,-4.951162,13.538541,6.2493534,6.430031,-3.875725,-10.062547,3.0306902,5.5101113,-2.9130735,7.6581907,-0.42506215,3.874303,3.2038076,0.72868013,0.19686307,1.2347437,0.025796253,0.41870013,-0.029370386,0.33900815,2.5077024,2.047813,2.9828768,0.6660102,-1.3235091,-0.5241872,-0.33848155,1.8559976,2.7948544,2.2411692,2.5505908,4.765054,3.6741033,4.339611,1.9243273,2.3803236,3.2367806,2.928216,fearful
-498.73132,56.317204,-12.45601,15.581908,6.5706105,6.4715815,-8.7884655,-15.845096,4.2444415,5.2602353,-3.9297214,10.15698,-2.1616852,4.471087,4.6360965,1.505565,1.7947129,1.5342844,2.0453386,2.2964277,2.4173534,2.2766595,3.5347357,3.4069467,4.2511516,4.204885,-1.5712984,0.14957123,0.47895348,3.9970417,4.4292965,1.8307408,0.80759984,3.1069124,0.3708714,2.7934015,0.8732882,3.0948274,3.9342923,3.2572,fearful
-424.365,27.510382,-5.069671,7.7517834,0.5161675,3.7066278,-2.1422913,-5.5761642,0.3940443,2.4651952,-4.5432444,5.1081767,-2.3908284,3.83262,0.97672296,-1.5462676,1.9082971,-2.6319644,0.50398535,2.3695018,5.751273,7.3026514,6.913936,7.3149514,4.373716,4.927545,5.4997964,4.169319,4.984034,5.7662797,6.58233,6.050716,2.6517222,3.0411816,2.0227778,4.023717,3.7922378,3.3296046,3.6755245,3.4494514,fearful
-394.38773,27.008844,-5.9289393,8.829658,1.2910749,3.7250261,-3.4546967,-3.4327805,-0.8540921,2.7113953,-4.0827,1.4416112,-1.7401246,0.96740574,2.5887673,0.23909631,4.5146775,0.17182106,2.360206,5.0070443,5.8947105,7.9647813,7.558409,6.665298,4.018205,5.7473307,6.0984254,5.5434923,5.050346,6.0685616,5.8340497,4.905188,3.4710722,4.0904994,2.879661,2.847668,2.0321577,2.4697435,3.4854066,2.858407,fearful
-431.70563,27.43426,-8.635539,8.056216,0.66270536,-0.21556675,-2.7856538,-3.4693944,-1.1362494,3.1454444,-4.496983,4.271408,-1.4257065,1.5001708,0.28479028,-1.5342449,4.4696465,2.9551492,5.0261207,3.9607365,3.401461,4.915668,6.843906,9.10147,7.7135234,6.954796,5.047878,4.294699,3.7898576,4.2811437,3.73876,3.5691273,4.048832,4.780923,5.605776,5.8345337,2.139741,2.3583598,3.4681773,3.8871887,fearful
-447.6993,29.523668,-7.193584,5.3010716,2.1437478,1.0932906,-4.114721,-6.567067,-1.1368504,3.5204167,-5.0879846,3.7671032,-3.2579203,1.3172832,-0.4836364,-3.7526455,2.6355717,1.0591389,4.3408237,4.613153,5.5388465,4.248803,5.3227167,6.6383524,7.1511717,7.056656,5.2400107,5.9240317,4.5523167,6.3528295,4.477099,2.644804,2.3017945,4.3752766,3.7361526,3.5217443,2.5076466,5.436592,4.9074774,3.421836,fearful
-415.35956,24.509953,-9.0051565,6.6869416,2.4764175,1.7975651,-5.899306,-4.0556617,-4.1159945,4.881545,-5.2169223,5.137662,-1.5441868,2.6353526,0.92015773,-0.029955229,5.6417375,2.030112,6.449053,6.0862503,4.8254395,4.5873284,2.3289342,4.0086455,4.9539247,4.1738176,2.0328658,3.2040024,5.6184125,5.7480764,5.447421,3.3066127,3.9673095,4.555132,3.4446554,3.6004364,3.1890228,4.5016785,3.403476,3.1606748,fearful
-591.1531,49.431866,4.9367895,17.3666,3.9927826,5.4428988,0.97557664,-2.9597933,3.2750165,1.1829789,-0.40310705,4.3998647,-0.87335193,1.1007186,1.9085834,-1.6036822,-0.7038933,1.7720782,-2.5234842,0.12649885,-1.264261,0.04435507,0.7437394,0.6423112,1.5869482,0.47423166,-2.0561092,0.40615737,0.52579457,0.91296285,0.35819036,-0.9986838,-0.21561684,-0.03308843,-0.49156126,0.24315144,0.27462116,1.7924603,1.3858286,1.1526223,disgust
-594.14465,55.770374,10.478919,18.753635,6.9135094,5.925349,2.6444721,-2.7178557,2.1419034,1.0259525,-1.1237124,5.6870646,2.0176,1.0619686,0.67848355,1.2868817,0.099089146,1.6785096,-0.74783415,0.14358954,0.12036956,-0.63602763,0.89958894,0.5333884,0.012687393,0.292011,-0.41511822,1.002375,1.2640244,1.239391,1.4137628,1.0852698,1.1988213,1.1717134,0.5829373,0.7540626,0.85668117,1.3693302,1.8911957,3.118217,disgust
-562.3106,44.41857,4.2766895,14.967028,5.5186377,6.1012573,-1.4243524,-6.667312,4.1211843,-1.1713058,-2.5826874,4.815211,-1.4801,0.6049472,0.45870322,-0.5460619,0.6796569,0.9722665,-1.9444923,-1.0882543,-1.7946188,-1.579241,0.17357026,0.53747743,-0.08477717,0.50338256,-0.611065,-1.1837473,-0.36091128,-0.2102456,-0.38826457,-1.4505328,-0.9522742,-1.5089626,-2.9079661,-1.7712193,-1.2787628,0.99073905,1.5519909,1.9678229,disgust
-588.63916,55.234207,5.545729,16.117876,6.8021135,14.650851,0.20796396,-7.943452,7.8346615,-0.08624585,-1.2028195,6.329437,-1.2841259,1.9728563,0.9720401,2.0765066,2.2087176,-0.15335055,-3.4795716,0.31692943,-0.84132665,0.2295493,0.9660226,0.98705745,0.7233644,0.11316266,-2.525025,-1.0452025,-0.7384295,1.1720185,-0.38165894,0.34710383,-1.2527736,0.23074523,-1.7056487,0.47825205,-0.19714642,-0.23644195,-0.36008975,-0.08888582,disgust
-534.9139,37.13395,7.4169307,8.198808,4.639354,0.25337178,-3.8690023,-2.6567237,3.2376952,-2.7172985,-0.6598518,3.7555335,-0.7484211,2.5806317,-2.349708,-0.47328326,-0.21740222,1.9155399,-1.530611,2.5281928,0.24075422,4.1240993,1.665808,4.276626,3.0019233,3.8161578,2.362988,2.444364,2.581508,2.9764,2.7594,0.47520792,1.4066757,1.3348999,1.6943798,1.4762418,1.7050021,1.7493242,2.1727722,1.3755058,disgust
-525.8275,40.409256,5.302151,8.210595,5.178736,-1.3630964,-5.1973915,-4.58601,2.1714058,-3.7431488,-2.6749678,3.3984816,-3.1994734,-0.39690495,-3.3068955,-1.6917264,-1.0408137,1.1403383,-2.7608554,2.6932344,0.73817635,2.1769176,2.10865,3.1589262,1.63093,2.9511464,0.47408035,1.3348484,2.9067795,2.6674583,1.3807139,-0.06981117,0.3188261,0.8919852,0.93817514,1.000994,0.8218883,2.3770702,2.4912214,1.1841239,disgust
-516.80316,29.771694,4.662642,7.223622,6.9959373,3.1618807,-7.8507595,-8.293249,4.4371643,1.0616177,-3.3996918,5.5032206,-1.7657535,0.5895526,0.03822224,-0.56203747,-0.75175357,1.7850959,-4.3886127,4.5685897,-0.09259426,1.5321548,3.1856487,1.88764,2.568755,0.9925807,-0.15227868,1.4183906,2.5271177,5.3050404,3.2447715,0.9760521,0.4251398,0.668637,1.9725547,1.4580319,0.84866124,1.7042841,1.783618,1.3630849,disgust
-528.61273,36.34923,10.256762,7.6994915,5.388598,2.3801482,-6.588451,-7.484604,3.4438345,-1.8369318,-3.3186963,2.8500204,-3.2692976,1.0141965,-2.3511937,-2.0500312,-2.132696,-0.23850314,-5.156916,0.774547,-3.0529644,-0.14165783,0.8536341,4.627076,4.644704,4.28516,3.6419694,4.3610015,2.7135425,3.8206651,2.5340044,0.96549577,1.6585737,2.1956108,0.45227575,0.4414757,0.33854747,1.5137458,0.69470996,0.041160516,disgust
-550.0725,40.496834,-3.8979032,9.870904,2.4641597,3.728494,-4.2087264,-6.160134,-1.8985194,-0.6620188,-6.090666,3.1096065,-0.96342564,-0.22939144,-0.24317178,-0.79693305,-0.61590475,0.31750032,1.6588002,2.2171178,4.2219954,5.9772496,6.1619873,5.6360793,3.6729681,3.83931,0.5592778,1.8903356,1.8137246,3.3960857,2.947008,0.7699686,1.4952253,1.7894098,0.42211315,-0.301573,1.2422941,2.1937099,0.72411567,0.5177053,surprised
-550.0034,42.807804,6.086743,12.825997,3.2977438,9.004175,-0.03530698,-2.1353326,1.1543188,2.2474813,-1.3085035,4.264699,-2.5250893,2.7157593,-2.603939,-0.7990585,1.1240773,-1.8636793,-0.053192493,1.3107954,3.0676372,3.5991406,6.1979904,6.1136227,4.9435763,5.5399284,1.9563895,2.606312,2.119495,3.6742096,3.8846896,1.9529536,2.7516959,3.742821,2.5570443,3.4003007,3.4083235,2.9683595,2.3354824,3.3420284,surprised
-542.2252,37.07022,6.7223096,9.486457,2.6455207,8.8800955,-7.1334386,-7.36363,0.14622168,-0.44130304,-6.6893125,1.0175353,-4.170882,-1.688578,-3.7744665,-2.3821342,-0.66600466,-2.1636043,-1.2307255,1.7963134,2.2621262,2.2828832,3.9778993,2.7385113,3.2236118,4.173088,1.4871818,1.2931443,0.4882138,3.3370583,2.8240685,1.5792706,1.6364057,0.55281025,-0.49344155,0.45177785,1.7053999,2.174705,1.1908945,3.1930914,surprised
-555.54175,51.284294,2.827155,11.29717,3.7738252,11.487684,-4.5259213,-8.809447,2.8746855,3.5213099,-2.830611,3.385818,-1.4690374,1.5687299,0.7249966,-1.4048005,-0.22520217,-2.017536,-3.2978852,0.683861,-1.2615997,-1.993274,1.840529,3.233136,3.146405,4.5704646,1.8627722,2.1276057,3.6788604,4.8617268,4.249783,0.96140516,1.1682061,2.3024561,-0.14607373,0.9042778,1.3666898,1.867405,1.1880518,1.0611615,surprised
-497.62482,34.032093,4.863641,12.653656,1.3879454,6.17755,1.6039821,0.7739529,-0.054056983,2.609682,-3.139987,0.05723356,-1.5606413,1.0192174,0.31475517,-1.7769622,0.81685454,-1.2145427,-0.04083325,2.481341,2.5296779,2.7156377,3.7904837,3.9271994,3.5103185,6.6125627,6.012064,4.5088763,4.56339,5.878889,5.0915203,6.306527,4.8355975,4.4543176,3.82083,4.0760016,3.4990256,3.1410167,3.189365,4.3422966,surprised
-475.13998,37.028072,1.6922755,9.972662,3.1661007,7.1245694,-2.583208,-2.6336322,0.5077059,3.4652772,-2.5874872,3.7593195,-1.2833918,0.8783411,0.26441815,1.276476,1.6290672,-2.9391708,1.3483565,3.3593538,3.526851,5.4553094,7.230716,5.913935,4.962899,6.1714697,2.8770676,1.5615345,3.3125286,4.397452,3.3939588,2.6912358,2.7169564,4.010184,2.6654859,3.4445987,1.8860786,1.7932162,2.8839834,4.528729,surprised
-445.22287,31.969425,5.8656178,6.2204475,-2.3503635,3.09746,-0.43039784,-2.7195246,-2.1023858,1.510985,-5.4772053,-0.24754123,-4.1118174,-1.648736,-2.3691912,-2.5288982,2.8401918,0.2030369,-0.086702354,4.5643697,3.489731,5.0495615,6.3548803,5.710976,4.1433587,4.751253,4.103614,4.092808,3.0724995,3.569073,3.0503736,5.755349,5.5966,3.8440719,3.554191,4.093237,3.3208923,2.9575827,2.9126632,3.4484007,surprised
-455.3991,30.58904,4.918369,3.838793,-0.5897984,2.3166933,-0.97666985,-2.501212,-3.1185212,2.1193123,-5.0592103,0.1863586,-3.3570623,-2.2215574,-2.9667532,-3.5147922,1.4402249,-1.8274063,-2.0855844,3.2670677,2.8732302,4.754755,6.286311,6.671218,5.10038,5.141258,4.0621343,4.067612,2.9356916,4.7236457,3.8407485,4.1057715,2.90536,2.4693043,1.9797908,4.000306,2.1793668,2.976604,2.008164,3.3219156,surprised
-746.3406,50.800827,3.6214201,10.792355,-7.186939,-1.2357435,-12.703273,-11.5120735,-2.737649,-0.3442408,-7.095925,-3.9149601,2.1582549,-6.291391,-5.72975,-3.4505713,-2.7384388,-6.9086614,-2.9980357,-2.6181417,-6.0926986,-2.0326724,-3.3991528,-4.8418493,-1.9287452,-2.5895004,-2.2770772,-2.0425625,-2.1519868,-3.0403943,-1.4973856,0.05616085,2.736234,6.690076,10.299039,11.877158,9.304007,5.971214,0.20905907,-1.8905181,neutral
-735.29266,52.87843,2.4473102,8.764065,-6.8828697,-0.4877317,-13.244978,-9.947134,-2.9432046,-1.675334,-6.876628,-6.050007,2.4250584,-6.354026,-6.3699136,-2.7875197,-2.6973016,-6.5513153,-4.505141,-4.0339017,-7.9403625,-3.3001335,-3.8010511,-4.568772,-2.3016734,-3.4673374,-2.3019168,-2.760453,-3.0867078,-1.6679246,-0.2513566,0.7439894,3.7971463,5.110343,6.549783,7.253345,8.101685,6.448625,4.0574007,0.656869,neutral
-751.7059,46.090816,9.300379,4.6834955,-8.371849,2.305045,-10.559924,-11.794626,-2.6744401,-2.7811944,-4.136533,-6.175429,0.44391757,-3.5627446,-6.807618,-2.9466558,-3.4968603,-7.2352886,-5.7476606,-3.4965777,-7.642373,-2.6579294,-3.621135,-4.6216073,-0.84815365,-3.9231458,-3.606241,-3.4930692,-2.0923593,2.1230989,6.1297274,7.368659,6.8690324,3.5706913,1.8206509,1.2841898,3.1060538,4.295115,4.149911,2.2415743,neutral
-752.0282,53.241547,2.5823717,4.8701105,-6.744629,-0.08348465,-13.606557,-11.764884,-1.7922386,-1.1666075,-5.9615726,-1.9646513,-0.576584,-5.407578,-7.001191,-2.3564062,-4.1965404,-5.891186,-4.4676404,-2.825138,-6.6902695,-2.4526458,-3.172015,-4.927599,-3.0695398,-2.3893247,-3.5385697,-3.5937736,-2.0430899,-4.3792734,-1.1785666,1.1712042,3.9854088,6.871318,8.029475,6.0540814,4.3193254,5.347986,4.193809,2.6153324,neutral
-680.86487,43.145462,1.0695794,10.020237,-7.8288617,-0.41697335,-11.236115,-9.933968,-4.306751,-3.886656,-6.170094,-3.6141427,-1.3244942,-5.6640906,-6.8805885,-5.0283327,-5.8048162,-6.2570505,-5.189772,-5.9120073,-4.6572967,-3.502549,-5.499607,-3.6475718,-2.0794775,-1.9208959,2.9102874,2.2351367,4.8230557,4.4683137,2.8011148,1.9111631,3.328796,3.4375632,3.1724699,1.1311542,0.5985385,2.0814943,3.7184813,2.0234444,calm
-693.6677,48.113953,-2.403317,13.842216,-8.372226,1.761135,-11.586759,-9.072414,-3.328744,-2.1238678,-7.04153,-4.677494,1.0217597,-6.628357,-6.2231717,-5.767646,-3.7119944,-7.7153697,-5.0171947,-6.4879274,-5.812807,-3.7130058,-5.333478,-4.6177053,-3.1237977,-3.193941,0.863673,-0.50488585,1.748457,3.3506453,2.8856647,1.2258672,1.5608566,0.71258837,2.8714836,4.329776,5.746797,5.992574,5.3607416,2.4474926,calm
-677.47955,48.591515,4.1341934,6.2091804,-2.5081692,0.30927584,-11.87628,-8.514687,-6.018223,-4.728485,-5.9062157,-5.4179583,-1.7821826,-6.275745,-4.7415295,-6.2621984,-7.349623,-5.7061477,-5.9399443,-6.60545,-6.493024,-5.0620995,-6.3072557,-5.9328747,-3.3970873,-2.28988,3.1111784,2.8605485,3.7781901,1.6597389,-0.5523647,0.56196004,3.202332,5.516652,4.0734653,3.4812953,0.33379564,1.5725025,3.113935,1.397364,calm
-677.98535,48.31615,5.230137,6.6914415,-2.426015,-0.34270442,-10.978291,-10.256226,-4.6914573,-5.3956194,-5.2793403,-5.2183905,-0.6693695,-5.795257,-4.9788375,-5.9993153,-6.961506,-6.664438,-6.3975616,-5.517982,-5.3425126,-4.2928376,-5.094937,-4.144645,-2.7904236,-2.5821817,0.7233898,0.70369184,2.6148155,4.3945613,2.5119152,2.0471566,0.9081486,0.33446246,1.9307542,3.7613049,3.9675224,4.076457,3.7840831,1.564247,calm
-698.7261,40.00225,0.9062929,11.231251,-9.105897,1.0433668,-11.338154,-10.637123,-4.9019356,-4.9811964,-6.4028316,-5.856611,-1.2000881,-6.6923094,-5.136753,-6.0824027,-5.33726,-5.080623,-5.2149863,-6.8766923,-4.7820973,-4.531559,-4.211077,-4.253678,-3.6852975,-3.0334857,-0.6192978,-0.0003492136,3.8861217,6.280497,6.330183,6.1265154,4.8121567,3.5963562,3.6589463,3.2848425,1.9446664,1.7592099,3.245476,2.8060474,calm
-699.57715,46.61253,5.1812325,13.127591,-6.809303,-0.72928894,-9.363232,-10.273656,-3.8990867,-3.879818,-5.5823717,-4.6332726,0.010685136,-6.1859174,-5.497726,-5.738872,-4.7252965,-4.9118495,-5.8928785,-7.1977797,-6.256108,-5.157471,-4.565382,-4.549809,-2.2475955,-4.198136,-1.6804382,-2.1602404,0.18922107,3.4830432,3.6035926,3.4975743,1.4027113,0.30326405,0.9835073,4.0374875,4.7443104,5.8730707,3.6212876,2.742792,calm
-692.06714,44.34563,3.894336,7.82644,-3.4292965,-0.07400047,-11.587979,-9.043751,-3.9374099,-3.641722,-5.663034,-6.8200736,-0.42573822,-7.345244,-5.9525666,-6.3086534,-5.2992396,-5.117046,-6.7347574,-6.4193945,-6.226981,-5.3304787,-5.908766,-4.3998604,-4.1425385,-4.0683904,-1.6570559,-3.200488,1.1216002,4.1502485,5.6943946,7.5642624,5.92486,3.2791586,1.6289268,1.9358513,2.9332945,4.389574,3.8459823,1.6379646,calm
-687.42645,43.688,0.83908594,5.2232895,-4.528579,-0.2950097,-11.377853,-9.332576,-4.949101,-5.9253335,-5.9536414,-5.9848714,-0.099541456,-4.5402703,-5.417286,-5.9449162,-5.9155207,-5.2828374,-5.412425,-7.1545224,-5.7689157,-3.3064437,-4.98671,-4.4521804,-3.4100695,-4.155583,-0.77360094,-0.8155252,2.4679785,4.7288384,4.439021,3.5086107,2.1574922,2.3077989,3.4286034,4.463602,3.9979498,3.0128806,3.1160355,1.7347326,calm
-618.86383,40.192005,-14.475894,5.274537,-7.753859,-3.1037934,-13.619834,-12.033383,-6.0964937,-6.617844,-6.0630383,-6.5350637,-1.7821803,-6.4794,-8.968333,-6.6891255,-5.354848,-5.8716598,-2.9747515,-3.070191,0.3824376,2.0899954,-0.40837854,0.91848063,0.28140116,3.872815,3.8830948,1.7637227,1.7828418,2.1246479,2.2967422,1.2717453,-0.7246439,-0.67287123,-0.24384508,0.47410348,-0.61940515,1.0129585,3.6746662,2.1963136,happy
-619.5426,36.495514,-16.261328,9.123062,-9.542395,-6.9258156,-17.688559,-11.26577,-1.3184091,-4.967322,-9.045482,-5.139348,0.40287596,-7.2121525,-6.7202,-3.9067898,-5.986256,-4.2703238,-3.9615798,-5.295252,0.36529154,7.4363847,7.0754495,8.449264,3.9224415,3.2611113,1.301852,-0.121336274,1.7588015,1.0819466,0.9057583,2.2972755,2.0552144,0.36934122,-2.0576267,-1.9467149,-0.9168254,-0.23785429,-1.4494275,-0.9976686,happy
-659.87006,44.63549,-10.3770075,7.868081,-6.679366,-2.849594,-15.989368,-11.673689,-5.7010374,-5.790942,-6.808602,-6.2598963,-0.0049867895,-6.6181455,-8.361655,-5.1003757,-6.2169485,-8.5000105,-4.5417137,-5.6047893,-4.4062505,-1.4976707,-3.3718617,-0.8238721,1.7316681,1.6425917,3.4272828,0.17982055,-0.0859819,1.2532915,3.4174714,3.470164,4.407356,2.7666044,1.5577731,2.0697277,1.6881477,2.281185,3.0173435,1.4094445,happy
-640.70264,39.58829,-7.625538,6.6496196,-10.483285,-7.957706,-14.292027,-11.974743,-5.1191516,-7.0739512,-8.626646,-7.2485585,-1.9262662,-7.842282,-7.8101034,-6.359921,-6.3068976,-7.6454268,-5.359707,-3.5233042,0.5279718,2.3317842,1.8664603,3.9749885,2.2452857,4.458353,5.288429,2.6902392,1.0685859,-1.2203313,-0.8738693,0.5282443,1.2779267,-0.059940808,-0.9216439,-1.3743947,-0.48615837,2.940055,1.6570936,0.8197415,happy
-411.13977,5.0365567,-25.631323,-5.45348,-10.913123,-8.212892,-7.131086,-13.110034,-4.8156004,-5.9896774,-6.191664,4.775299,11.626372,14.584726,9.014969,2.6385784,-0.43932015,0.561911,1.7722732,-5.1496215,-6.3545527,0.31589282,1.0992873,2.8046684,1.7622247,3.8575408,1.8231556,-2.35185,-0.021762226,1.2146277,-0.8326897,0.2807663,-0.036538284,1.131968,1.6147851,1.5969716,-1.2911775,0.8340128,0.9484385,1.7958052,happy
-415.04214,13.81835,-22.739,-1.9232049,-9.185374,-6.969906,-8.431153,-11.679294,-4.323924,-6.365214,-8.023704,5.3396106,8.883183,9.366703,8.021243,5.169773,0.664709,0.07611909,1.4328316,-0.8070635,-4.651313,-2.0067706,0.80616003,3.416745,1.2410477,3.1127458,1.6880498,-0.30691734,0.69001985,0.31073406,1.3843467,-0.37141147,-0.716233,1.0454665,0.5962946,-0.070776686,-0.03738185,1.2839369,0.58125156,0.49350607,happy
-455.6702,7.2394714,-34.488182,0.21020171,-13.009118,-14.609392,-13.22391,-15.052633,-1.831695,-4.6870737,-10.884135,5.713655,6.0777836,9.493123,10.9586115,8.57305,0.43030936,-4.7596083,0.05421968,-1.6770766,-3.4341466,-1.8894979,-3.872546,2.2407007,1.1551032,0.27743724,3.0916994,3.606756,1.3696437,-0.18578441,1.2284073,0.97936416,1.5998232,1.3094198,-1.137065,-1.2267379,0.9693438,1.141789,0.015004918,1.5535475,happy
-395.60013,2.0516715,-26.78509,-5.772174,-11.501379,-10.15186,-10.366156,-11.769262,-1.9830344,-7.0022597,-6.219589,2.736066,9.293704,13.778962,12.565074,5.6495166,-1.3010427,-2.521789,-4.02096,-5.7664347,-5.089692,0.3314673,-1.0526809,2.8581526,2.161903,2.2670817,-1.5112722,-2.6734102,2.2610905,2.7223577,-0.90616316,2.2190287,0.3985712,-1.584273,1.8040427,1.7469403,-1.6460541,1.1913732,0.5135836,-0.20899518,happy
-635.6866,48.163055,-14.10968,6.5895877,-10.62188,-4.4535255,-7.3199887,-16.488848,-4.7962446,-3.137656,-7.219926,-3.99128,-5.8002954,-3.9578226,-6.138726,-5.3483057,-3.854194,-7.945392,-3.9451904,-2.0168667,-2.7172124,3.2894518,3.184787,7.035665,3.9708173,3.0423315,2.1865637,4.580438,4.080045,2.1992822,0.88639975,-0.7124157,0.8499356,1.1400636,-2.0093102,-4.648998,-4.2932024,-1.0437274,0.8006522,-3.01557,sad
-652.3717,45.62094,-9.890121,0.32850215,-11.143051,-2.1678402,-7.5372186,-16.092394,-4.1528454,-3.5006344,-8.976274,-3.612501,-5.5148635,-4.0881634,-5.312217,-5.2225876,-3.4924629,-5.87014,-3.808561,-0.59338206,-2.806917,2.5963957,1.6456645,3.5053968,2.7224736,3.5547292,3.075084,4.797088,2.403728,1.6937497,0.25334638,1.6333393,2.1258867,1.8492093,-0.1293076,-1.5371498,-1.8619288,-0.7228573,-0.98915094,-0.7446136,sad
-688.3764,45.309044,2.9383445,1.7219154,-8.2891445,0.84164596,-10.645106,-12.646801,-4.1815896,-6.068402,-6.2361965,-6.221054,-0.6472786,-6.5997643,-5.695396,-5.3226275,-5.4825835,-6.971182,-5.397026,-4.229602,-7.238414,-3.1025727,-3.8183043,-5.00793,-1.0444288,-2.4205208,0.3626575,2.7879,4.548282,5.2385397,5.419671,3.9456918,5.249866,6.0038786,4.7121882,3.0804,1.5252604,1.6253761,1.4353969,2.3823671,sad
-670.5792,47.138466,-1.1564703,0.46660456,-7.212308,-0.7410895,-10.510966,-15.645061,-3.5204313,-6.133871,-4.816358,-6.0887127,-2.56544,-4.761476,-6.2873316,-5.297672,-5.228415,-7.175508,-5.941346,-4.6219144,-6.5922494,-3.9916046,-4.390278,-4.5558167,-0.69427985,1.1931334,3.824025,5.874938,5.111562,5.8697715,5.4172635,5.456149,5.507425,3.0725853,-0.2104194,1.0293574,2.7661085,4.0268216,1.5539503,-0.36985514,sad
-496.9793,19.244583,-32.45192,-6.0257864,-18.61441,-11.855713,-15.996428,-20.08241,-10.616029,0.7183904,-12.196462,8.250846,5.2653613,6.1643844,4.7615495,3.5627625,4.927881,3.8277826,1.4191002,-3.0268939,-10.102377,-0.95181024,-1.7745084,-2.7747269,-4.3366113,0.72876424,1.0121529,-4.1741366,-6.616487,1.6228871,0.32634038,1.5270861,1.2500213,1.2406272,-1.150897,-0.4447258,1.0851661,2.6081932,2.250108,0.62761027,sad
-465.6619,19.692057,-27.60021,-1.3816211,-17.926216,-14.730786,-17.901602,-21.139702,-9.303585,-0.8232411,-14.060263,3.7180684,-0.27545473,1.4332567,4.493392,4.7946444,6.240585,4.367538,7.267445,2.5976434,-6.322808,-1.0925176,-3.1425269,-2.3686192,-2.4534836,-2.2546718,-0.3606066,0.2321933,-4.1445966,-2.0524414,-1.1840872,1.3529574,1.6654078,1.9558048,-0.40678936,-1.8324829,-2.2764702,0.25210425,1.9306315,0.7392538,sad
-484.685,29.65417,-31.806183,-1.9401637,-14.946533,-17.512844,-16.92417,-24.532501,-5.7404447,-0.21027692,-16.233355,0.7833996,-4.3163176,-4.1396937,-2.9989092,-1.3448191,3.86164,5.5243406,9.102355,11.279058,2.6310089,1.2977213,-5.869731,-4.525386,-1.515987,0.97159505,-1.0126137,-3.9092383,-3.4778306,-0.062340736,-0.4848101,-0.41291416,-2.8184738,0.40851447,-0.07354038,-1.4809694,-0.0806584,4.3071504,4.912542,1.6104695,sad
-489.30698,22.28536,-30.132586,-3.4122574,-15.277987,-18.675943,-13.355594,-24.725,-5.8862214,-1.1481478,-15.954878,3.140288,-5.7456403,-1.9677757,-3.4350526,-1.3381348,3.5842965,6.067668,10.268297,10.774321,-0.26804265,1.3116112,-3.5635958,-3.485319,1.3289164,-0.3168038,0.53146386,-3.2378774,-5.131845,-0.4685761,-3.4730186,-0.60381067,-0.19550057,0.60863525,-0.5722074,-0.65583295,1.1584557,3.4941497,2.025288,1.6843771,sad
-536.6162,38.105534,-24.495169,1.3720086,-16.7006,-5.9419975,-12.2056055,-19.072657,-3.0323641,-3.6206129,-7.062453,-4.254801,-6.2698135,-4.696473,-10.522075,-4.2291217,-4.9920883,-4.056312,0.22580159,1.3343112,1.2699872,0.7427727,-2.0872955,-3.6515858,-1.6649364,-0.13306046,2.0658002,1.1272157,1.7180234,4.4293323,3.3514998,2.935532,1.3328587,-0.19436628,-1.7489079,0.09066713,0.5042367,0.4279221,0.8515526,0.12100251,angry
-547.4516,42.857624,-17.569946,1.5068936,-15.632821,3.300982,-11.632686,-18.601032,-4.7149997,-2.7554932,-6.1503134,-4.9661255,-5.569796,-2.1525347,-8.258103,-9.250227,-4.414391,-4.7278037,-3.1516109,-3.474484,-1.4976604,0.21697323,-1.1092293,-0.0069854967,0.41859472,1.476135,1.0345465,0.49137884,3.5656059,3.5455647,2.8637645,3.1504526,2.924485,1.2674352,-0.08004819,0.53677094,-0.51366556,-0.1948709,1.0339409,1.2013525,angry
-539.52136,34.29865,-13.73398,-1.3422182,-13.2205105,-5.4217443,-11.277659,-18.457745,-6.8244176,-4.826101,-6.465175,-6.228455,-5.4266434,-4.9694448,-7.7946353,-4.200122,-4.803886,-3.8656023,-2.2020047,-2.5459132,-2.6304767,0.44434425,2.809703,4.0998607,4.45794,2.7084897,2.3302643,0.028221369,-1.2841036,-0.5368459,0.7359815,2.076282,2.1398363,1.0729293,-0.69204473,-0.67337734,-0.59637207,0.16266409,-1.2311306,-0.5751355,angry
-563.62665,39.05818,-18.346088,-2.523383,-14.663359,-5.1849794,-10.693652,-17.547394,-7.7637043,-4.003792,-7.5003057,-6.572256,-4.525537,-5.6683755,-7.584643,-5.4743757,-5.2064314,-1.9285939,0.5282322,2.386231,0.5004054,-0.8550737,-0.48313197,-0.035797738,3.9644332,2.7576668,3.1380062,3.7159088,1.8980197,1.3047733,-2.2077148,-0.33073545,1.8002452,0.90039283,-1.7677766,-1.5441555,0.7457086,1.3635327,-0.19935869,-0.90227485,angry
-386.3904,-6.8325562,-29.130539,-6.6064644,-17.990883,-7.539352,-6.494373,-10.6433525,-8.870175,-5.3465037,-8.158563,2.7817566,7.0311246,14.1208,6.596261,-0.14211182,-7.9007998,-3.1013536,0.7431468,3.2397325,-5.3903837,-4.991168,-1.1653285,1.6972947,-1.9372611,2.0111609,5.1287885,-0.09736647,-2.796807,-0.66505104,-0.36075053,-0.33200744,-0.9369467,0.19777288,-0.14659955,0.4998827,-0.12592237,0.813252,2.1460748,0.9207602,angry
-367.47272,-15.763602,-29.483355,-10.661654,-15.129932,-3.89359,-8.067048,-7.647064,-9.688477,-5.1662436,-1.2491679,12.181357,14.594224,10.241726,-5.140079,-6.477593,-7.010822,3.0845926,-2.0164485,-5.015956,-3.7158267,4.9580636,1.7434709,0.5322907,2.317777,1.1357223,-1.4353948,-3.2247982,0.69449914,-0.5775781,-2.513797,1.5258933,1.8334466,1.552965,0.1155346,1.0651052,-0.47596908,-0.91626275,0.55925685,-0.68068343,angry
-376.17123,-13.128571,-30.516724,-12.397936,-16.048414,-7.1602044,-9.106062,-9.398566,-6.442416,-7.8238254,-9.660697,6.2045655,10.40861,14.76366,2.5759134,-4.96363,-7.6610565,2.7584,0.56723523,-3.3766706,-7.6584277,2.2597535,4.44146,-0.99309754,0.5734393,6.3488374,1.4392222,-7.4575124,-2.9908407,3.526002,-2.3800292,-1.3038805,0.5065224,-1.6732076,-1.1658132,5.5668683,-1.0462027,-1.2790319,3.4486353,-1.0533574,angry
-360.9407,-10.510023,-32.070854,-14.623458,-16.184195,-3.4593341,-9.017457,-8.115606,-7.222147,-7.0180297,-7.3095293,5.56949,10.753797,14.911493,3.2724967,-5.6906567,-5.634761,2.7888267,1.1852951,-1.7573649,-8.849339,-0.5653148,2.241425,1.0200248,0.73216,2.200082,3.9244266,-3.1550672,-3.483097,1.4226933,-0.7153485,-0.32736424,1.4057945,3.0744102,-0.24216972,1.4571658,0.5740121,0.7646895,1.1455941,0.6172716,angry
-566.91986,40.926327,-19.1472,-4.163354,-10.080908,-4.9512634,-11.640852,-16.097672,-1.3303854,-3.2700942,-8.748576,-1.9215156,-4.702836,-2.6475172,-8.359259,-8.272895,-3.39384,-6.083588,2.9211361,4.5342374,6.850537,11.42192,5.548248,4.9377017,1.9850428,1.2287883,3.4034698,1.0295333,0.018314468,-1.3455862,-1.9298471,0.107647315,-0.20246151,1.3776293,-2.2725873,-1.5096415,-1.4263688,0.3956466,-0.44394743,-0.4498916,fearful
-592.3092,34.777557,-16.692686,0.83632916,-7.4494243,-5.1549883,-9.24243,-13.419789,-6.7258987,-1.0076103,-9.0022955,-0.31706268,-5.3494678,-1.7396486,-8.75545,-7.071013,-3.9450622,-5.624985,0.78299016,4.026442,4.933269,10.513257,6.871182,5.5327306,4.2029147,2.226255,0.72133756,-2.5359385,-1.7654498,-0.15612939,-0.9135344,-0.4109671,-2.1612878,-0.007048482,-1.9637896,-2.9474025,-3.1564786,-0.08512411,-0.36151347,0.23821793,fearful
-591.3476,37.63468,-6.7354903,0.56731087,-5.578648,-0.6273643,-8.744724,-14.332802,-2.147237,-3.577206,-6.706382,-1.0346128,-3.6678581,-0.58249754,-6.7681303,-5.533069,-3.9926426,-6.3060117,-2.6904685,-4.0376925,-2.4372177,2.9977283,4.9209466,9.284599,7.5203576,6.9502296,5.349278,1.9658653,2.432738,0.25306666,0.9479696,0.58170366,2.2016215,1.2576123,-1.9888756,-2.9959314,-0.9825481,-0.25323203,-1.4493587,-1.7646534,fearful
-562.12756,48.30582,-17.140919,1.0843153,-7.760582,-1.4900743,-11.553114,-17.63111,-0.014870548,-3.8976083,-7.3440814,0.00623906,-3.7392368,0.2721797,-9.40772,-8.529823,-3.203237,-5.311759,1.9135389,-1.0513834,0.06346613,3.1410074,4.1276345,6.9863696,7.716751,8.523237,8.503376,1.7970663,0.43492982,0.047258273,1.5307789,2.2595034,0.14723523,0.4234855,0.28881198,0.26799423,-2.1650803,-1.1754173,0.7709775,1.3670888,fearful
-470.63525,17.900194,-28.893723,-5.5706224,-11.033689,-10.483311,-9.583486,-19.717827,-2.5894265,0.73312473,-13.184871,1.3283552,-4.552644,-1.0894774,1.0980268,5.875838,9.684339,6.359353,6.325199,3.3719902,-5.31294,1.5875703,-3.1256669,-1.1676363,-2.2608464,-3.2479305,-0.8903849,0.905603,-1.3112451,-3.1665633,0.61521,0.8894866,1.7820066,0.97930217,-0.08033143,-0.8951115,-1.4971932,1.899768,1.503712,1.4600145,fearful
-456.462,18.762241,-25.582144,-4.0610194,-10.5414,-7.9408584,-8.269238,-15.585472,-2.9217865,2.2974029,-9.55284,0.8877632,-1.2910743,-1.8811606,-0.102061704,4.9614806,13.994371,10.930678,8.046041,-1.0749432,-5.8102236,1.523166,-0.14446649,-2.5361211,-2.9276633,-2.501418,-0.12845106,-0.7580858,-3.2253487,-2.4822674,0.83222836,2.7299652,0.84585464,1.2427179,1.7800803,0.83565927,-0.5327179,1.8281106,-0.1076026,0.35769463,fearful
-508.2679,21.016764,-17.771585,-3.559439,-8.08567,-8.356163,-12.8869295,-16.000635,-1.6236315,-1.4552169,-10.566166,-0.567555,-6.9206448,-4.8370333,-3.0615208,3.9588203,8.238834,10.133121,8.126551,3.2716732,-0.95985174,0.8922829,-0.63626474,-1.816411,-2.7208972,-1.8027985,-2.3305023,0.4425574,-1.9605064,-2.4671288,-1.0379267,1.656569,2.155102,1.3850431,-0.7496711,0.52705073,-1.070723,-0.50762457,0.00029387596,0.23604722,fearful
-466.81122,15.415146,-27.922523,-5.703201,-11.746822,-12.72217,-9.602972,-19.77947,-4.8708334,-0.9770655,-11.257845,0.09912526,-5.261333,-1.7279763,-0.062047303,6.9339004,11.643208,8.799938,8.848284,3.2678404,-4.847065,0.54643923,-1.4688333,-1.7610356,-3.1029909,-2.4826856,-1.3437557,-2.4159598,-2.2659876,0.09991756,3.001457,0.6360706,1.6310302,2.0660856,-0.25217837,-1.707139,-1.4458225,2.129147,0.16086163,-0.47314632,fearful
-611.06323,49.238247,-5.250239,0.8993402,-11.555523,0.7688835,-11.2869215,-13.396449,-6.4279,1.256637,-7.9822083,-1.6434461,-3.6725867,-3.0223317,-9.989232,-6.1533103,-3.3887374,-7.3146343,-3.2785287,-4.494372,-5.2288566,-1.6661814,-2.0412009,0.58815306,-1.342377,-0.25390625,-0.08006648,0.039168067,0.9857822,1.324268,2.5597064,2.6862426,2.6875277,3.2540913,1.0053687,0.1301681,-0.43554506,0.32962406,0.39349496,0.20706974,disgust
-548.695,41.115696,-13.387675,-0.94582003,-12.9316635,-1.191351,-10.948361,-16.719307,-3.2077506,-1.9449055,-10.705247,-0.5996838,-6.1858134,-6.627526,-9.938383,-6.163441,-5.1855917,-9.320938,-2.9126258,-5.9838886,-4.6283193,-0.33005983,-0.7223995,1.8523071,-0.16928619,-0.047061563,-0.06784043,1.3691897,3.370913,4.2876787,3.5169907,2.1932092,2.056034,1.3656887,-2.1846476,-0.46419775,-0.14306942,0.6488758,0.6669233,-0.5214995,disgust
-571.02783,43.17006,-12.523501,-6.5792418,-6.6528206,-4.8980494,-15.176405,-15.35441,-4.893405,-1.9990176,-8.254608,-3.5100098,-5.1164255,-2.4280066,-11.017983,-4.8519597,-7.5103703,-7.7358165,-1.7589499,-3.7653203,-2.9448464,1.2895095,-0.6513828,3.069303,-2.1079075,0.70885223,-0.8066593,0.8310726,1.5546211,2.5390413,4.023323,4.415146,2.748498,3.4814103,-1.094604,-0.74654233,0.062936276,0.8549762,1.1680012,0.16561292,disgust
-556.6838,43.19451,-11.311381,-4.470196,-6.652187,-6.228392,-14.119877,-15.265183,-4.51192,-2.308748,-7.811878,-1.806028,-5.3116302,-2.7696114,-7.0655026,-5.448034,-5.129672,-6.284909,-3.1733127,-3.8488832,-2.7312446,0.58957684,0.7980304,2.8882585,2.1533036,2.313868,4.5987005,5.075902,3.30412,2.199469,0.67974746,1.9412004,2.130037,2.344671,0.25211078,0.9395803,0.074517965,0.86416787,1.7367681,0.40281397,disgust
-495.93332,11.183872,-25.210798,-2.259775,-16.796186,-2.791276,-13.2757225,-19.051752,-4.0515738,-4.433188,-9.554213,-4.7932534,-6.726565,-3.9246762,-8.319967,0.29783985,5.0170712,7.9151564,5.6666512,0.99387175,-1.5365928,0.7280596,-1.045271,-1.2068295,-0.5426596,-1.5404718,-1.3800917,-1.8536637,-1.0016011,0.41571343,1.7954136,1.2522227,0.6975473,2.3949943,0.42439392,0.21823184,-0.376851,0.7633866,-0.16388202,-0.3295526,disgust
-484.15613,20.454802,-18.046646,-4.2113094,-15.8441725,-5.288531,-12.879152,-17.358833,-6.3672476,-2.9548402,-9.913881,-5.128819,-6.974228,-7.013862,-10.035214,-6.0549946,-3.5077515,-0.059988186,4.7162476,4.6308846,5.310041,5.0888343,5.3867407,4.312684,-0.34031135,-2.2429962,-0.53239596,1.4261159,-0.63605845,-2.3585827,-3.176752,-0.2496606,0.35546237,0.35877815,-0.041217804,1.333531,0.5203318,-0.40981445,0.06630827,1.3030268,disgust
-474.84213,28.186678,-20.995438,-5.432658,-14.347329,-5.1983633,-12.970805,-16.525167,-1.7380615,-4.371724,-6.5641174,-3.708408,-5.698901,-7.2752113,-10.295172,-6.0347447,-5.033297,-1.0313232,3.2567718,0.74561465,0.6247945,2.1359935,0.8345866,2.6044943,2.2043936,0.80819815,-0.9367476,-0.91577053,-0.8519467,-2.5382934,-2.2512462,-0.54732066,-0.41148713,-0.061246727,-0.6318879,0.3385035,0.46326068,-0.23457834,0.1409554,1.3967952,disgust
-452.64194,16.658895,-22.71473,-5.9735546,-14.038427,-6.328216,-12.002489,-16.41272,-2.9488482,-4.58411,-9.957587,-4.3379717,-8.543853,-4.9438868,-6.8077097,0.6193789,1.1383772,1.4979385,-1.295904,-1.1947625,1.2718443,5.0731587,3.001301,-0.2866739,-1.211458,-0.16905864,-0.8178397,-2.4934158,-1.0147643,2.001592,1.268343,1.0896347,1.302165,0.14205818,-1.3616114,-1.3445648,-1.1279905,-0.9827654,-0.6479731,0.5962093,disgust
-649.5856,44.027428,-8.3790455,7.233106,-14.882363,0.12538338,-13.309732,-16.497095,-9.099687,-9.630617,-6.662075,-7.4200993,-4.18962,-3.2588122,-7.139896,-4.717702,0.061570473,-2.2715397,-3.6195636,-6.1780705,-2.3316762,-2.5852103,-1.9884413,1.8965819,4.7984753,4.8294725,5.9802685,2.2891486,2.7098835,1.5053251,3.7599907,4.698464,3.5667036,1.2197556,0.23056033,-0.59948194,-1.6932204,-1.5128918,-0.89664793,-1.3487722,surprised
-662.23865,47.19598,3.268452,2.4666517,-11.747931,0.775158,-10.76208,-14.266533,-7.2118587,-6.507708,-7.1262465,-5.637269,-3.326138,-5.0515714,-4.8205843,-7.777388,-4.0252247,-2.3505626,-3.9632418,-6.562046,-4.054073,-1.7919372,-4.299953,-0.75842494,1.6036173,0.78235835,3.9556532,0.60195255,2.586385,1.1368197,1.0314265,1.4417142,2.9266505,1.7771177,0.80060637,1.9431636,1.1341437,1.081951,2.5777006,1.1175331,surprised
-616.3573,40.240196,1.1234285,-2.6135948,-9.634617,-0.74119395,-8.993346,-15.334826,-6.9332886,-10.528639,-7.0389943,-8.292917,-3.2507899,-5.849056,-5.4908767,-5.8215427,-6.87527,-4.594956,-2.7144141,-5.223071,-1.0963112,0.3788195,-2.8896902,-0.5090372,1.3389539,-0.112963416,2.0876741,1.3940727,0.6934244,0.6524261,2.169577,1.5802324,1.7171451,2.250158,0.9596798,1.2232182,2.6109924,2.4773238,2.3986223,0.76526,surprised
-656.9232,40.6833,1.8302776,3.2352645,-5.972473,1.3997427,-7.683231,-12.350042,-7.74218,-8.723747,-7.0223937,-7.8107233,-2.6367946,-4.5061765,-7.217586,-6.2968593,-4.5430703,-4.4010468,-2.991418,-5.238079,-3.64244,-1.0971307,-2.8684437,0.32406804,1.8851252,2.203307,3.655127,1.5147611,0.6305674,0.59184045,1.5219026,2.2696555,2.4271116,0.7885168,-0.15539198,0.08810199,-0.7746654,0.3315173,1.4290237,0.2826499,surprised
-585.35626,29.17555,-8.685199,2.4659312,-5.9711995,4.260669,-5.5743046,-9.663667,-7.4060087,-5.6120167,-4.3372374,-3.4870567,-3.334687,-1.684403,-4.149771,-4.9040904,-1.4899819,-1.0476682,0.23810808,-0.1311954,1.1275952,1.4622043,0.8491511,2.6409497,3.7877128,4.8217993,4.263297,1.3720856,3.1960297,0.00409665,0.35511747,1.1555684,0.38351914,0.44387293,-1.287709,-1.8711529,-2.0224016,0.78824276,1.4770063,0.34086254,surprised
-594.75635,30.76286,-2.510877,-1.4983851,-10.344995,4.201453,-4.792171,-12.7119255,-9.598589,-6.788766,-6.5971417,-5.2557616,-3.4273698,-6.2667193,-3.6907403,-5.394297,-3.1602533,-2.642047,0.052461058,-0.68998796,1.0989202,3.03681,-0.723417,3.149847,1.8658465,1.8396848,4.2678556,2.1364534,3.2807834,1.0394883,1.6449342,1.8457636,1.6181228,0.5490598,-0.52115047,-1.3806813,-1.9500724,-0.6211233,1.6155148,0.5826196,surprised
-564.234,31.972391,-0.2620615,-2.0941207,-10.961602,-0.8778547,-8.4326515,-16.844267,-10.443376,-10.376999,-7.771773,-5.788764,-4.302019,-5.586439,-5.286655,-8.211711,-4.2495213,-3.7123601,-1.6893195,-3.1137843,-1.3813602,-0.17903692,-1.0185332,3.5912902,2.7989347,3.115762,1.4594686,-0.18429023,1.0872608,-1.5123874,-0.5471643,1.201802,0.5942053,0.54489404,0.571361,0.3087648,-0.98887354,-0.46936753,0.46320134,-0.06737254,surprised
-581.8817,26.83791,-2.2314591,-1.934275,-8.631755,4.2536454,-4.250965,-9.065909,-7.809641,-5.9595814,-5.2184663,-2.8633277,-2.4570577,-3.343855,-2.5345902,-3.9359431,-1.2718196,1.1575677,1.232925,1.4920297,2.4103308,2.598877,1.6102418,5.0188646,3.4283853,2.860205,3.2536988,2.110646,2.7742405,-1.229058,-0.1444592,-0.712944,0.1382726,1.1598973,-0.12458117,-1.4523034,-1.5259472,-0.96663076,0.2131639,-0.35966235,surprised
-705.75604,73.35394,11.286766,18.696877,4.907781,9.450917,-2.4417882,-5.5474153,-2.5288823,3.9866009,-3.3703167,9.570399,-1.6577997,0.63661206,5.744134,-3.267928,2.9914496,3.1605725,-4.207803,-0.48192164,-1.2017089,-2.1458538,1.5505974,0.2766854,1.4750435,2.826211,0.5243802,2.6975899,-0.6578412,-0.5905953,1.8678566,-0.31192073,1.3847498,-2.3944933,-2.7078774,-1.7871255,1.2619417,-0.21286573,-0.71420777,-2.0440474,neutral
-693.4381,71.30459,12.003906,20.728844,5.743053,7.403408,-7.216531,-9.568895,-3.292968,3.8209968,-3.113305,7.3722153,-0.8540354,1.9043373,3.9955077,-3.5302527,2.2663815,6.1116576,-3.0679593,-0.8408209,-2.0020626,-1.838718,1.0327584,0.09963189,1.5444915,2.6674988,1.7056273,3.070372,-1.8882755,-0.9045281,2.129888,1.423359,1.4932549,-1.4206045,0.18497601,0.0066212877,2.527064,0.62342644,-0.9519516,0.17160922,neutral
-703.3785,62.661915,14.1798115,23.380697,8.711585,9.40583,-3.4490979,-7.927721,-0.2849066,6.0276704,-5.1568975,7.9121547,-1.8152636,2.5989273,6.0955787,-2.4879858,3.1791291,4.2922,-4.0780926,1.0418401,-1.7981169,-2.7175758,0.44968665,-0.11561621,0.6979247,1.0752888,-0.90128326,2.2382104,-1.5201126,0.11410534,1.4858109,0.13553464,1.0778794,-1.2300849,-1.9348422,-1.1002132,0.6266689,-0.8876101,-0.83781767,-1.7198972,neutral
-689.91437,57.323242,13.566565,20.022554,6.338867,7.320526,-7.8620477,-8.568355,-2.4323277,2.7006454,-5.4540567,7.254809,-2.1841955,1.3488103,6.641057,-4.194399,3.3026285,3.751316,-4.753368,1.0543554,-3.4717946,-2.9296622,0.1131119,-0.7136173,-0.26040238,0.943181,0.8790901,0.44775966,-1.6944277,-0.27533576,0.8176159,0.37173703,-1.2001122,-3.3778012,-3.079871,-1.2335192,3.4605887,2.9068499,0.81009364,-1.754453,neutral
-733.9569,62.547417,27.091183,21.40856,13.763326,9.6363,-3.9041834,1.8947905,-0.96676385,5.464429,-2.1303647,1.6507356,-1.045891,4.5674844,3.7044816,-1.7283312,2.5401921,2.4847121,-1.8513407,1.7360445,-3.9406102,-1.4765344,0.60172385,0.31888664,2.0024617,2.1814473,1.0181848,1.3870968,-1.7074016,0.06622331,0.5284499,1.2805054,0.5011331,0.5239146,-0.09572826,-0.18366052,1.7411056,-0.00030435892,-0.31655052,-1.6466248,calm
-719.3554,66.611115,23.578493,24.40155,13.300437,7.6060433,-2.5076654,-1.760311,-0.40771,6.489389,-1.7067096,2.8877757,-0.66274416,2.8488808,1.6035663,-1.0038192,1.9975725,2.2407377,-1.1154735,1.2327385,-2.7490194,-1.330082,1.1555386,0.27501932,1.3923937,-0.48551065,-0.50619894,0.07082159,-1.4197865,1.8124286,1.0110416,0.37280983,0.052835356,-2.2964563,0.6584913,1.1580975,0.80992484,-0.41919565,-1.2439216,-1.2138261,calm
-719.0197,56.88903,25.064037,25.979803,11.041084,10.55537,-1.8180879,-6.5214562,0.46873462,4.3766284,-3.4489908,5.1030517,-0.84625024,3.9382021,1.3636163,-0.8638844,4.575136,1.5188245,-1.5238616,1.9923671,-3.0564716,-1.5116823,2.2085493,0.38961998,1.0793474,1.9383161,0.4312187,0.20770803,-0.8883657,1.8852578,0.56303394,3.0118897,0.7142155,0.70299035,0.53694844,1.897015,2.0582685,2.7792423,-0.18993436,-1.3237569,calm
-728.8464,57.773994,29.445932,26.656046,12.533462,11.4000435,-3.6612778,1.1620893,2.389207,8.532706,-1.5768706,3.0793939,0.12132569,3.80461,2.3407366,-0.16055088,1.9550728,4.038804,-3.0708494,1.5567709,-3.3846993,-1.1578096,0.70314115,3.1035411,1.8179141,1.3815725,-0.65767306,-1.1448133,0.6456941,1.5832198,4.368284,4.2022758,1.2981638,-0.721919,-1.498947,0.0046411306,3.5899258,1.0710818,-1.0646781,-0.7983974,calm
-659.82947,62.67633,14.73994,17.44919,9.934397,4.9030447,-7.6427064,-6.470065,-7.154789,1.8875645,-9.532796,3.521518,-2.087199,8.448655,5.3692827,-7.156656,3.054976,3.1822062,-4.755897,2.311253,-6.0643544,-1.7505038,-0.25941703,0.72103345,-0.63102245,1.1456748,-1.5936761,-1.2927647,-2.1362429,1.022665,0.6999293,1.0575186,-0.27127662,-2.1819,-0.9389413,-1.0591552,5.239011,3.6876385,7.4041066,5.5295253,calm
-670.76025,61.58512,18.757921,23.702045,13.3359585,9.147207,-0.91958153,-0.8176476,-0.3676804,1.9940227,-3.817043,4.844133,-0.6171896,7.618842,2.3384917,-1.0083655,3.5993679,1.770227,-1.7436159,3.249613,-4.387522,-0.1310281,1.6858768,1.4183813,2.187919,1.6242812,-0.51099485,0.06093868,-1.6205313,1.3596662,0.48665243,0.5833324,-0.8093925,-3.1956363,-2.8935726,-2.6063588,-0.53356856,-2.962049,-0.35294598,-2.4573526,calm
-686.81165,57.070637,18.119972,23.06237,12.068527,8.147186,-7.7700806,-3.1850424,3.1644716,5.4788823,-4.218044,3.4950387,-4.166189,3.2652912,3.5966601,-3.3512096,1.9122195,3.8582013,-5.6247196,1.0109048,-4.546981,-2.399761,-0.8125655,1.5247867,-0.36061996,0.5261255,-0.65326303,-1.5715427,-2.8737688,0.11264642,0.9824474,0.33459118,0.2071103,-1.8607398,-1.897895,-0.34781137,2.4090414,-1.2326766,-1.9461619,-1.3947735,calm
-687.59576,60.54699,21.765778,23.962315,13.556145,6.1288476,-5.135978,-6.600128,-2.8919456,1.467265,-3.7740242,5.305756,-0.47000924,7.098543,4.778927,-8.0666275,3.2146647,2.6813378,-4.755938,3.4384797,-4.253879,0.035073556,-0.553193,1.3893268,1.1112698,2.5743296,-0.5676206,-1.2818072,-0.22466801,1.0397546,3.478683,1.3716246,1.3035711,-2.5450878,-1.0951663,-1.2833388,1.6425698,0.24866302,0.5023036,-0.86160076,calm
-634.9196,68.421936,7.0484085,9.228854,4.8320527,2.131648,-9.926718,-6.3437877,-5.722954,7.4809017,-7.4514484,0.17194682,-1.0147771,1.0795834,-1.720379,-1.1399114,2.487455,1.186748,-2.3595986,1.106448,-2.57015,-2.7279525,0.9134103,-1.7967727,0.7595799,-0.69958705,-0.011753896,-0.99207383,-3.030686,-0.16870026,-1.4138083,-1.1040592,-1.6035327,-3.244686,-1.9281384,2.2296605,5.7544117,4.4067216,4.6465487,3.964867,happy
-602.5372,59.87965,8.447854,14.325489,4.7474523,8.265972,-8.272372,-2.8548462,-7.1187506,5.405921,-9.861448,1.6386559,-1.4905355,-0.18314616,-1.3461066,-0.14745109,2.7876847,-1.2350887,-1.9729636,-1.0699737,-3.0203936,-3.439598,-1.1659156,-1.7223108,1.7656997,1.0215635,1.014144,2.983368,1.095685,3.382094,3.5924532,5.5814495,4.6481557,2.5181994,2.2845669,3.879214,6.3698316,5.1999726,4.42224,3.0096433,happy
-669.602,72.72949,17.110252,14.808219,10.44967,11.344961,-8.975859,-4.2213216,-4.4726644,5.494714,-5.372178,4.711525,-4.163723,1.391245,0.90581733,-2.6336405,1.0758742,0.4432694,-2.1238036,1.6531391,-1.4575022,-0.3976125,-1.7253919,2.2435048,3.2483077,4.6495986,5.6434956,4.003857,1.3970345,1.2332534,1.352335,3.392646,5.0532365,2.539382,2.9510164,2.8087757,4.6340413,2.9341357,1.4266245,1.0324769,happy
-634.3673,60.117165,6.2095203,13.358631,3.6747553,11.44766,-7.1866446,-4.7705374,-2.8181303,6.8492665,-6.709191,5.8036137,-1.2313284,2.8274913,-2.5566792,-1.740975,4.626807,-0.11364717,-4.6746707,1.9186727,-2.101578,-3.5279696,-1.119877,-1.9263526,-0.3356751,0.29177135,1.5451291,-0.6245839,-2.3358138,-0.6718716,-3.107628,-0.000441863,1.645355,-1.1830354,0.7901042,3.5460205,8.066752,7.6632724,8.140924,6.26126,happy
-575.2659,51.29451,8.91378,8.082755,0.4028958,3.3201542,-9.515487,-6.401721,-4.0481157,8.184722,-5.930602,0.9857603,2.523285,2.8487444,-2.081942,-2.2768571,0.77194923,-1.4512762,-2.6988292,1.2582632,1.749353,4.719215,5.069185,2.9847653,2.778342,3.9690552,2.9881983,4.7642117,-0.31243995,3.165223,1.4567688,3.7028666,1.3563207,-1.0865184,-1.1735555,2.5818503,3.217349,2.6746104,-0.30872062,0.2971058,happy
-498.22794,37.66234,-16.028425,2.4609263,-2.1947496,-1.7568094,-21.893143,-10.013609,-7.11128,4.003231,-10.663328,-1.2645737,-1.3941394,2.3647945,-2.7036588,1.881488,3.343646,-4.2271194,-2.6880515,0.43858305,2.4305384,10.525162,18.107405,18.454758,13.983384,4.3129973,3.5641043,4.02669,3.0314858,5.4559135,-1.06973,2.1280015,3.861042,-0.54834145,-0.1887194,-1.2408787,2.1915812,4.197921,-1.244752,-2.755957,happy
-485.33395,38.506203,-3.9180956,8.260252,-0.7474361,-0.71754724,-17.607733,-10.247549,-5.64133,3.3515656,-11.629575,1.429689,-2.9539244,-1.627235,-1.167551,-5.198319,-1.3810183,-2.258473,-5.385683,0.29604018,1.200262,2.8435125,6.6458874,5.9831905,5.0324893,5.3574405,5.277702,8.886957,4.3106065,6.3478003,4.514648,4.5191464,5.214161,1.4666815,1.9210289,2.8189065,4.0547457,3.0113678,1.1451442,1.6429124,happy
-582.95905,49.512962,15.359012,12.891633,0.5099363,3.8889387,-5.4567375,-5.393219,-6.4425073,2.8716366,-8.833688,0.013830352,-1.7464628,-0.19363046,-4.3207865,-2.270719,1.4141378,-1.1695509,-2.5516443,-1.1156793,-1.7124256,-4.1749754,-1.5704107,-2.1666443,0.008059896,4.487299,2.5684495,5.171664,1.1732581,2.7706554,2.1959357,4.709144,4.376968,2.043893,0.65926224,1.8148965,3.5410101,3.8466125,4.1932635,3.265441,happy
-706.5454,64.39251,16.547298,17.584305,8.972195,14.033921,-1.5297313,-1.086497,-0.75684136,4.1674433,-1.5979648,5.267117,0.6102548,6.99538,-1.1122774,0.7473336,2.0412388,2.5076327,-2.9548693,-0.31294426,0.69830585,-3.183101,1.8934044,-1.0154307,0.8914525,0.639146,1.8221608,1.659624,-1.7123342,-0.8302604,-1.0522149,0.023412868,0.47306964,-1.685685,-2.464347,-2.0288103,-1.2499297,0.6164912,-0.09011106,-0.93561465,sad
-720.59674,64.57232,16.647816,18.81257,10.541951,13.486888,-6.7568073,0.048618175,-0.68537253,3.4628038,-2.7477763,1.8398516,-0.132724,6.1349044,0.42366326,-0.8719177,0.47785062,0.5991233,-2.4068456,-1.1800815,-0.9035562,-2.0993185,0.51667625,-0.100814946,0.4684643,2.0103278,1.0011775,1.0609821,-1.4803851,-0.14557217,-0.12910655,0.42167306,0.581769,-2.290995,-2.3157575,-2.250216,-0.0788556,0.51608855,-0.9831907,-2.4129262,sad
-697.2952,69.26823,8.381443,14.194817,10.174341,12.399888,-9.7317295,-5.8228745,4.0838623,7.4300175,-4.028068,7.0574822,-1.1783249,5.1609015,4.192934,-1.2063432,1.2642694,3.4778411,-4.0042133,-0.41662487,-2.7786367,-0.6924123,-0.25350976,0.91561055,1.3981769,2.2414644,0.97321427,0.997341,-2.0807002,-1.5158334,-0.0069062947,-0.21376295,1.3132532,-2.1359468,-1.3663048,-1.6706231,0.65333337,1.2765639,-1.7569922,-1.4588745,sad
-711.36084,70.56709,16.4494,20.391674,7.6472416,13.31074,-4.8156977,-3.141759,-1.4688689,7.1406474,-1.5281162,7.310233,-0.81294847,3.2949798,2.3722627,-2.008384,-0.9364336,2.389376,-2.1720858,1.40255,-1.1644783,-2.523191,0.60173446,-2.07465,1.2474822,1.4082476,0.8825232,0.1117348,-1.237264,-0.33084735,-1.2542546,-0.19349214,0.7442993,-2.6134815,-2.091294,-2.1743827,-0.9071485,0.26267943,-2.8950279,-1.7787932,sad
-511.53577,42.57775,3.52271,15.9199095,5.5990257,-3.8279126,-11.260554,-2.066363,-8.714259,-1.6737568,-6.5448437,-2.050672,-2.0116434,-0.0774451,-1.2987977,1.1280485,0.6295585,2.9553754,2.7843955,2.4936945,1.4244373,2.8253474,2.2810895,3.1744819,2.7254097,5.440725,6.025224,6.327629,5.6516476,3.1576686,5.09,5.3052063,4.5147486,3.3520093,2.5357893,4.0628567,5.063428,4.391075,4.546188,0.48721284,sad
-632.09985,61.908512,2.5402553,18.651384,6.498846,1.9331273,-10.546601,-2.2214744,-8.561591,1.7125764,-2.9881716,-1.3439138,0.50860465,-0.033053726,-1.3672854,2.3429804,-0.66318005,2.4848924,1.2606527,-0.50204146,-2.7594895,3.151347,-2.7084296,0.5507231,2.6564262,1.5682191,1.306995,4.1016088,0.6436481,0.8973715,2.6864617,3.5288398,3.8411603,2.775254,0.6737497,1.7990319,3.5439768,3.1992395,4.291902,1.6269655,sad
-614.5441,61.828613,1.9966059,11.279661,5.4434986,-1.4148186,-14.701769,-1.0594953,-14.600515,-5.2970023,-4.547148,-0.029555935,-1.67474,0.80929285,-2.1143005,0.2583944,-1.6180687,2.0235703,2.3912013,-4.8103514,-1.1895537,0.34135172,-2.8362167,2.1576402,2.8778121,1.7146478,1.8777627,4.2896733,0.30626163,-1.7124807,1.2729057,3.6783102,1.5241755,0.69751036,-1.0589871,2.2977598,5.9107366,7.141739,6.354513,4.122879,sad
-583.4508,60.362736,-1.841468,15.755972,9.005627,-2.089638,-12.384726,-0.19340537,-14.451719,-1.2911834,-5.746504,0.3102645,2.5072234,4.645593,0.51376253,1.9635679,1.2376165,5.792466,1.9858358,-3.1935613,1.9943435,3.3447726,1.6413037,2.398177,4.539407,4.600383,2.511255,4.2795577,2.6325479,1.1481861,4.237245,8.111395,6.383011,9.456721,8.951509,10.938518,10.805122,6.713876,4.419198,1.3937725,sad
-512.15405,41.771255,-4.3307886,12.273868,-4.8388333,-0.64874065,-5.9390163,-8.315035,-8.226766,5.9587436,-6.665246,1.0809427,-3.1057491,-1.5852276,-0.24683401,-2.6146035,0.26028922,-1.3482288,-2.64465,-0.53547865,-1.3588259,0.42170763,3.7482786,1.8187993,2.6157253,4.8480363,2.6205223,5.2560954,1.9635912,2.8560088,2.0634851,3.272574,3.2194836,0.06328835,0.39427286,1.244574,3.654715,3.0345087,0.685918,1.4008703,angry
-539.20166,48.922817,-2.0521967,17.031794,1.3717508,0.46757576,-6.124888,-6.7161555,-5.081055,8.351673,-8.625158,4.416701,-0.11550904,0.9501161,0.19822751,-2.4514282,2.9068143,2.2293963,0.012822376,-0.115635954,-1.2646314,-0.716734,0.25036365,-0.86846435,0.2400884,1.1058718,-1.4063299,1.7004967,-1.5768383,1.2678195,-0.47055203,2.0709605,2.8368719,0.45198083,0.8680062,0.56841195,2.935751,2.084431,0.8180464,-0.6955651,angry
-577.47815,41.94361,8.631736,11.251451,-0.6310049,-0.32858592,-9.148889,-7.163279,-1.85025,2.3575275,-7.401662,3.9549127,-2.5178652,-0.4368067,-2.2053728,-2.8616614,4.8831987,0.90964705,-2.9215353,-1.1696646,-3.9819064,-1.3370563,0.53160316,2.4890082,4.1052337,2.7571268,0.05053775,-0.067753464,-1.613988,0.46584943,2.525611,1.5789555,-0.43115935,-2.5865896,-0.3748293,1.0096638,1.1668477,-0.00031208075,-0.3187586,0.9299622,angry
-529.0539,50.936687,9.918806,15.723848,-2.8027933,0.05746242,-3.0977118,-9.594755,-6.4300942,3.673556,-8.865462,1.7028582,-2.2333434,0.11277013,-2.4660687,-1.7611637,0.5400471,-0.8075762,-3.9333012,0.40682766,-2.5244346,-5.6024466,-0.7866403,-2.1601014,-0.6727432,2.2775939,-1.4660556,0.9243778,-0.84554714,1.5296367,3.2798455,5.2875013,5.019565,3.135222,1.3908765,2.841062,3.1651852,3.6816852,1.497042,2.6068127,angry
-396.77103,21.623842,-17.176584,6.318292,-13.970454,-8.998057,-4.348304,-9.824098,-8.717811,3.293293,-11.141079,3.1169963,-4.976801,-5.5386267,-1.7765492,-5.4912033,0.8251816,2.4793603,1.2987138,4.734484,2.0324457,5.505705,5.1868653,3.8431385,3.4966578,5.824201,2.9636133,3.9509146,-0.118357904,3.1516535,3.7480195,2.7467227,2.112866,0.1925639,0.80625886,0.82004404,1.1968164,3.360878,2.501148,1.4285231,angry
-335.31033,19.215748,-32.318264,-2.0732248,-22.32145,-9.274147,-6.3131967,-10.725095,-9.74245,7.3184676,-12.0273,0.6926641,-5.7046914,-7.4885836,-0.78584844,-4.1307406,3.154969,9.388914,6.3276896,12.152074,8.358616,0.67023534,3.8979473,3.7754028,2.233364,6.0619373,-0.826097,5.1780877,1.4052795,2.8503773,0.99786055,0.74679273,3.3261256,1.7571019,0.8897874,4.5261345,6.155697,5.993991,3.3149652,1.3603818,angry
-293.4044,15.322825,-31.037397,-5.1320944,-18.139824,-11.378571,-7.596345,-9.042399,-8.997761,4.22317,-11.923733,0.24680385,-8.264028,-8.06438,-2.8344507,-3.2200956,2.7497542,9.617358,2.902213,8.360265,6.2329946,-1.9490575,2.8624759,0.34815198,0.10470861,4.033349,-0.0071121315,3.5393348,-0.35157302,-0.22399028,2.0431955,1.159249,1.4006791,1.8081293,1.2948197,4.341321,2.8901603,4.692217,3.0145464,1.779714,angry
-392.34525,18.535872,-18.725744,7.9428997,-15.302677,-11.860019,-6.5353403,-11.128795,-9.825209,4.619007,-11.254425,1.0017402,-6.6250567,-9.369427,-3.5925024,-8.96587,-2.3696299,2.9738092,-1.9280081,2.521219,2.3526294,-0.25775737,4.2730517,4.622838,5.196046,8.579831,2.1337266,2.3164215,0.89856446,0.86813676,2.2412148,0.6120348,2.2004087,-0.7528125,0.40353763,4.2781944,3.693084,0.25563475,1.6114532,2.682522,angry
-596.79767,46.11938,-1.9325304,16.10836,-1.931389,-1.6720352,-12.397137,-5.5318055,-5.4337425,1.7030945,-10.405743,3.5148687,-3.0741196,-1.4559529,0.15059116,-3.4350286,2.4965243,0.17169364,-3.1590269,-4.288038,-2.6813796,-3.2856758,-2.9826682,-1.0351391,-0.22953871,2.1200526,-1.5556,4.454864,-1.7757467,2.1863365,1.4915797,1.1636617,3.7133634,2.0437243,1.3069981,2.240552,5.2578225,5.315118,4.468402,6.265871,fearful
-635.37195,51.61431,2.7868123,15.946675,6.4089603,-1.016877,-13.243091,-2.636001,-1.6466732,1.8962984,-3.8092773,2.7203188,0.38765782,2.7201355,4.570918,-2.6232991,-1.5657046,1.4294974,-0.2160038,-4.6476173,-0.5510338,-2.0793815,-1.1455218,3.3662264,1.9901165,2.4505765,0.35407263,5.184473,2.14272,5.89797,8.653594,5.766006,3.6790361,0.15395398,-0.9402227,2.7909207,7.331493,6.499705,3.4149423,3.4129636,fearful
-606.15546,31.420006,2.0281734,10.518759,0.07119663,3.3676634,-20.792732,-4.697199,-3.3438478,-1.8751591,-8.531716,2.072146,-3.0918617,-0.06803942,-0.7961819,-6.8149366,0.79014426,-0.87762344,-4.393874,-4.289299,-1.4810903,-0.6747612,0.52722913,8.09053,4.304043,3.6603143,4.7336287,5.7340775,4.921073,7.7624445,7.5819626,4.918639,2.8040788,1.6448343,1.4975163,6.004371,5.892704,0.9847071,0.73755527,0.8010346,fearful
-629.87787,50.822647,15.850002,16.861612,4.686736,5.5771565,-13.011412,-4.571782,-0.3647386,0.6574012,-5.428646,4.4123206,-3.4779499,1.4523238,1.792373,-4.141748,0.31866592,1.8698599,-0.2140464,-4.337725,1.5405921,-2.6383722,-1.5280943,3.857247,-0.57076097,3.7595444,0.31379545,3.259684,-0.1321745,0.77806014,2.0057147,1.6650931,0.009404206,2.0890167,1.8201654,5.7633243,8.150625,6.5572934,6.0004745,5.463271,fearful
-469.58755,29.237492,-31.03169,5.3166513,-7.7228923,-11.507947,-23.623638,-11.271752,-13.961295,5.9790335,-18.766317,7.0476866,4.009216,-2.4902291,5.258055,-2.4175239,2.1289024,5.5301423,3.6385984,2.580894,10.7269745,10.313908,8.750093,7.321675,1.2634227,4.2385826,-0.02648031,4.0367017,2.224649,0.5853889,1.7889838,6.305464,0.63305897,-0.7270573,-0.64945227,-0.12639345,2.4293072,0.6046401,-0.36316293,2.5931609,fearful
-418.5982,5.0193653,-24.055836,-2.632844,-16.953245,-12.546863,-23.387318,-10.195089,-8.10872,-1.3726053,-0.70100725,6.806947,10.056522,-3.3096447,-2.4487457,-5.245616,-0.13444677,11.851029,9.352852,6.2461367,7.1648526,8.082865,-1.6472685,1.9157196,2.8263144,2.6003711,-2.2875624,-0.14160646,0.45660356,0.2831771,1.174735,1.0775664,-0.9633672,3.6702492,0.6564507,1.2616451,6.5452113,6.128678,3.8814876,1.7316678,fearful
-456.16373,11.595413,-18.366486,-6.211258,-12.300208,-4.9611635,-18.785479,-4.1307526,-4.743995,-2.247831,-5.059499,8.2123995,2.8533843,4.797416,5.7529025,-2.1926398,5.489487,12.426335,6.223635,6.4573746,6.2094307,2.2928321,4.051396,7.5531125,1.6229812,3.877491,2.0127156,1.8696554,1.0258988,1.6069845,1.5370592,5.209355,5.1258674,-0.10801645,1.1849059,5.586502,6.5881,3.3398576,0.32749528,2.517528,fearful
-409.92633,15.437403,-22.105255,1.4004036,-10.645149,-5.8226266,-25.663383,-7.3653555,-3.6517031,0.9202167,-6.9340806,8.742524,3.9678023,6.6561375,6.8812494,2.0571108,12.471003,15.499166,9.965545,0.59403354,3.5600016,0.19405477,2.202157,8.110544,3.3210979,3.5167596,5.5244217,5.437072,0.67760915,3.0042117,3.146059,6.818865,4.7118163,3.2125869,3.831841,3.6729805,5.475095,4.0463414,1.2757399,2.9487853,fearful
-595.6907,66.457726,15.763129,14.404376,-5.949335,2.0190063,-14.91668,-2.5541832,-9.669468,2.7130282,-5.2768393,2.8328617,-6.609281,2.526038,1.7928575,-1.79801,-0.27617183,0.18723033,-2.8031657,-4.345998,-1.7666223,-3.510939,-1.366224,-1.4407644,1.3996563,-0.33390567,1.633702,1.7044992,-0.9635895,1.6561811,2.3512866,2.189015,-1.0216639,-1.7802407,-2.2151866,0.55373126,1.113804,-0.29908508,-0.75510436,-0.39456102,disgust
-596.2036,67.94891,1.4780893,7.3871145,-3.389962,3.8681288,-17.708418,-4.1511984,-5.1320944,1.2219646,-5.8462887,3.557818,-8.866323,0.82606953,-0.17200792,-1.9350662,-0.72732496,-0.20372085,0.15614562,-4.495319,0.305247,-1.8373169,0.2235487,1.3934044,0.5577272,3.083817,0.6902331,-0.019488987,-0.09915894,1.4303192,1.3030888,3.2828686,1.8254752,1.7549415,1.1775416,2.7014613,2.224464,1.4808855,-1.5754089,0.4842497,disgust
-583.3267,56.88742,12.3788185,10.422044,0.5940234,3.140108,-15.002073,-4.4526687,-1.4697942,1.3128896,-6.3493857,4.2926044,-6.11153,4.3231506,-1.509371,-1.138665,-1.1534076,3.060555,0.147182,-1.6658363,-1.3130531,-1.9204868,-1.2036983,0.6187034,0.5021288,1.3061091,0.28333208,3.4262254,2.346852,5.489666,4.121099,3.0584161,2.4143615,0.5877754,0.05141356,2.131851,3.3834996,1.4169077,1.0801538,1.2544588,disgust
-598.92993,41.86193,6.3288207,2.3858588,-7.1623716,1.5265355,-16.933567,-4.078526,-7.134355,1.8736742,-8.737209,1.4992883,-7.758239,0.3788799,-1.9879752,-3.0727062,2.006465,0.6798423,0.07456727,-3.974794,-1.0190052,-3.5336754,-2.5375361,0.072353065,-0.8123342,3.947314,2.275957,2.871314,-1.2164806,1.0523837,1.9143763,2.317759,2.808839,0.5700248,1.5327581,2.2918959,3.3231735,0.973245,0.21264508,0.92662495,disgust
-521.89185,34.822235,3.9992247,8.002923,-6.564452,-0.5215114,-15.04742,-8.712881,-13.424578,0.56784606,-8.110156,-3.3457673,-0.20249242,-2.635023,0.7236317,-0.8622313,4.3817782,3.0532408,2.0283632,-1.0869993,-2.0883296,-0.88542193,1.037661,-0.86132956,0.17049322,5.698962,5.635502,5.7122397,1.9073728,2.614902,4.5133176,6.4932666,8.498747,4.517786,0.06626625,0.5804999,3.946302,5.7653117,1.1631255,-0.14456637,disgust
-447.63382,19.869318,-8.787503,3.04943,-15.727006,-5.1600294,-16.902063,-6.5270658,-12.409397,-0.6302462,-8.11981,-2.3269951,-7.6110744,-4.36523,-0.96335155,-3.7662044,-0.3886691,-3.7054026,0.099850744,-0.8654955,1.854285,4.4421353,2.7517154,6.093297,3.5065482,4.4201436,1.2243801,3.0504823,1.6996392,2.2479038,4.617228,4.8305893,2.8963404,0.88701415,-0.17413443,1.6226149,3.2688248,2.1676033,0.4339873,-0.4636519,disgust
-421.39984,1.4151033,-0.60231024,-9.658942,-19.681215,0.2887809,-21.983265,-7.442858,-8.1448765,-1.8916788,-5.549193,-1.6968994,-6.7979093,2.3334658,-2.6623967,3.0740898,9.926497,3.403788,4.5980167,1.381425,2.240554,5.7485642,9.645064,4.857449,2.1852846,6.936046,3.7727997,4.480432,-0.8541381,1.4511855,4.022064,6.2105374,4.642326,2.0680304,0.43910167,1.0530267,4.7057385,3.8337917,2.798787,2.1317084,disgust
-452.84244,39.52447,1.6360341,12.405506,-5.783952,-0.76360875,-7.45295,-8.355771,-8.135482,4.7784424,-8.768114,0.8493686,-4.16567,-4.524402,3.1843076,-3.0735261,2.0224917,0.8102991,0.97258043,-0.6096898,1.9764975,4.1366043,2.482156,2.8782032,2.281978,4.047973,4.382542,6.135608,2.656983,3.1192603,8.05703,7.0211773,4.8161306,4.0431814,2.968663,5.022357,4.9469504,3.729771,1.4137626,2.3515582,disgust
-644.7761,69.23065,9.869771,16.604107,3.0670404,5.36314,-10.318386,-8.518415,-6.508771,-0.20477279,-7.3349924,2.4068363,-3.2789693,1.8942856,2.235909,-3.097508,1.4682077,1.7566919,-0.95215386,-0.19766964,-1.1036756,-0.70083284,-0.031838313,0.7767373,1.5975732,3.5923178,2.1317654,3.1150935,1.1173159,1.0315307,2.7786806,2.8041759,2.5444455,0.49747688,0.9258307,0.99544346,4.634234,5.218642,5.5001597,3.1770656,surprised
-633.19995,75.10065,-0.47024825,7.8179717,-2.5741863,3.9504464,-13.678992,-5.776346,-8.715647,1.598502,-4.8114686,3.653647,-6.1498947,-2.015775,1.3388665,-5.9734592,3.2655566,1.3740548,-0.47865757,-5.266416,-1.1245915,-2.3638666,-1.8054848,-0.67796814,-0.74471974,3.122446,-1.3240072,1.8120269,-1.0012282,-0.36122033,2.5015633,2.6728587,-0.15390374,-0.8493616,-1.1549513,1.096874,1.5562303,0.8235683,-0.71144074,-0.41641116,surprised
-643.3338,66.7055,14.0928955,22.267912,-4.075937,7.9323583,-9.893564,-3.359296,1.8773149,1.9320753,-6.65119,5.083621,-7.5625834,1.4075483,0.56433994,-8.047145,2.4227262,0.87136143,-2.1913328,-2.9002748,0.115979455,-3.646601,1.1066558,0.7579372,0.24580641,2.4495606,-0.98671746,0.96268094,0.3718166,2.8651946,1.1935333,-0.2296261,-1.0986531,-0.99371564,0.2617728,2.0056357,0.6760017,0.1193474,-0.59628284,1.1355684,surprised
-724.4663,64.94518,18.91242,18.999517,3.1896877,10.343083,-2.0366175,-4.826174,-0.34963155,5.459936,-2.460308,6.6845074,-1.3885975,3.5004952,2.3186433,-0.7523963,3.4205248,4.0491786,0.40023935,1.5714068,0.012349844,0.9350383,1.267592,1.2058338,1.2601618,1.7213205,1.0221648,1.6871824,-0.5010248,1.2018509,1.0138804,1.4874581,1.2653683,-0.7050739,0.29474065,1.2538495,2.143329,1.5821767,0.37219882,0.024761477,surprised
-558.4278,53.489017,1.8045058,9.9485855,-3.4425426,1.3594666,-15.222894,-7.710314,-9.180621,-2.9146338,-7.473381,2.6849847,-2.1429505,0.10912015,2.3716023,-7.5838947,2.9300077,-0.8692567,0.44415516,-1.156373,-3.5456,-2.7604659,-3.1742175,1.6237706,-1.0863341,4.385467,-0.18413271,2.096104,-0.9957077,1.9218429,2.3541787,2.2651055,1.2264608,0.13596867,-0.063676104,0.40463507,3.4474862,1.2602067,3.250377,3.390678,surprised
-557.35535,47.97902,-2.028465,14.373813,-0.25391135,-1.6421031,-17.263311,-12.030944,-6.316583,0.9983872,-10.415565,4.530408,-1.790077,0.9007156,-1.4800711,-8.327137,0.55458915,-3.95591,-2.977175,-1.6881887,-2.543971,-1.9226116,-2.4791808,0.0989638,0.16139658,2.4166842,-1.3613007,0.86433446,0.5555181,2.7523975,2.88233,1.8346227,1.5465322,-0.13878827,2.1273675,2.4206915,3.7991636,1.5270058,1.9396015,1.6557388,surprised
-590.6499,65.0194,5.402982,15.942583,-1.9164042,2.7347002,-9.027415,-2.9940217,-1.2724638,-0.19972485,-6.880416,5.75665,-1.5459591,5.4538007,0.25337175,-1.4041167,2.030295,0.044558965,-0.5728303,-3.109927,-0.5644517,-3.0150166,0.19947256,0.31313753,0.76584864,1.8492478,1.9840487,2.7510905,1.929809,2.6242232,0.8730327,0.77462476,-0.5553295,0.54953766,2.4151926,3.8662117,2.4907942,1.2635869,0.42609453,2.489146,surprised
-655.8084,58.370842,16.727873,13.69478,2.2889547,9.652943,-8.338882,-1.3079541,-2.4145687,2.3749132,-5.616756,3.261609,0.09713424,0.8212001,-0.4726849,0.33499363,3.7405496,2.4993246,-0.4700789,1.015392,-1.8858268,-2.354398,-1.7010646,0.44360232,0.343096,1.4116986,0.61045045,1.8048047,0.5532911,1.3379478,1.1742889,2.569684,2.1656554,0.62371707,-0.2857063,0.4636903,2.7488549,2.1030948,1.5504472,1.4852787,surprised
-702.44543,29.580873,-5.4841976,6.379921,-12.373681,-5.001266,-14.471411,-6.9715767,-5.746162,-2.1124043,-7.917525,-3.3687773,-4.084255,-6.64565,-4.976151,-3.5068724,-3.9129915,-4.0086546,-3.4736922,-2.4401877,-2.540612,2.6813846,1.2273302,1.9840516,0.73877865,0.06841041,0.9554703,2.3148427,3.121557,2.6620886,2.38651,3.1536272,2.99589,1.88604,-0.5108099,-2.1270556,-0.48488954,0.52546287,-0.405313,-3.2495387,neutral
-692.7166,28.253283,-7.19,8.364929,-15.142157,-5.5607576,-14.592073,-8.057388,-5.217064,-4.4516363,-6.5977983,-4.217578,-2.414389,-8.403615,-3.979398,-4.613109,-2.2921283,-2.6565683,1.180545,0.7566125,-1.5282152,0.3661811,-1.2654743,3.6738293,5.5695763,3.8496578,2.8125093,0.24410029,-0.015014018,-0.13787052,0.6567523,1.3903953,0.29638284,-0.9003729,-2.3416715,-1.1801957,1.3225272,1.0515634,-0.9552129,-1.9147426,neutral
-716.3667,35.74924,-2.7879226,5.933898,-10.918452,-5.0252604,-13.906605,-6.2458844,-4.969154,-3.5771875,-7.344089,-2.6010294,-2.2754915,-6.925351,-3.0671988,-3.6751125,-2.8266585,-3.995036,-0.5717214,-1.9792465,-1.0616379,2.9281847,2.7415478,3.374978,4.135362,2.9549253,2.0028248,2.5777771,2.528288,1.537475,0.7217701,0.2643535,-0.5931226,-0.11670117,-0.122223094,0.7096789,-0.07220308,-0.4686439,-0.2734697,-0.99134326,neutral
-703.3166,27.998331,-5.472933,5.421949,-12.276596,-6.3680506,-15.446517,-6.132553,-5.6378164,-3.639996,-7.164677,-2.7734954,-3.39026,-8.122668,-3.0952013,-4.196265,-2.38772,-4.1885757,-0.7281641,-1.3221354,-0.056194305,4.2978544,3.6661427,3.246728,2.2235188,0.8612299,1.2464616,0.78603333,0.5409913,1.8654876,2.1205373,0.9896221,-0.34353608,-0.58540577,-0.07220575,-0.26586744,-0.85335666,-1.6275496,0.58916724,-0.57683325,neutral
-780.7724,27.668432,-4.83169,10.369676,-11.136068,-7.147854,-15.071487,-6.3401475,-6.289783,-2.5883942,-8.329108,-1.8932998,-5.545293,-5.2628446,-4.9094644,-4.431416,-2.7317722,-5.4080524,-2.475888,-3.419153,-4.347848,-1.3301437,-3.136185,-1.5458394,-1.2872733,-0.17027861,1.9889125,1.2747554,3.7645173,4.6261196,7.3382015,7.109468,5.637865,3.2201927,0.074430175,0.9679224,1.4300134,1.8868996,0.5735973,-2.7944105,calm
-794.8912,26.591156,-6.5590405,5.9836187,-9.346506,-6.153014,-14.386238,-7.680893,-6.1598063,-4.644759,-10.915698,-2.306144,-4.093763,-7.4626694,-5.892944,-4.3416095,-4.676106,-6.3002906,-2.8002934,-2.7426937,-2.324503,1.5310737,-0.6731748,1.950634,0.023012022,0.033899035,1.2837497,0.14910711,3.5930269,3.640183,6.2855673,7.1406145,6.5038867,4.4613466,1.3853883,-0.056780756,-0.06453228,0.5157949,0.083075486,-1.7242677,calm
-803.0254,31.46992,1.8627102,6.7570105,-3.7790403,-3.953019,-13.5446825,-8.565866,-6.670631,-4.115158,-7.467574,-1.7969652,-3.3000531,-8.904107,-4.5624375,-2.885932,-2.8991072,-4.4878583,-1.5163231,-2.9950187,-2.8191147,1.3919725,0.3839427,2.6719508,2.0084243,0.6741174,0.7422534,-0.91103375,1.5097431,2.4746184,3.1021905,4.143957,4.961945,4.6928864,1.0885433,-0.59979504,0.5535159,0.310753,-0.41996086,-1.3700649,calm
-779.9599,31.21585,0.6483132,6.264999,-6.4187593,-4.6529264,-13.124112,-5.6452513,-5.035548,-2.2578065,-8.344603,-1.4449914,-2.6118488,-7.4459743,-3.74047,-1.8970369,-2.724997,-5.2426133,-1.2561216,-2.8103008,-3.8832853,-0.48078623,-3.4134064,0.17652182,0.9301481,2.8565643,4.2565227,2.6044476,4.1422405,4.1227503,5.092494,6.144105,6.1666,3.0889971,0.06659429,-0.3154257,0.9225395,1.3522013,-0.2140097,-3.0762002,calm
-808.96606,36.14817,-2.7105033,10.048378,-8.480272,-6.21387,-13.561748,-5.197864,-7.145794,-3.4669108,-5.5930367,-0.98719025,-3.6202528,-4.2174597,-3.0032597,-4.469863,-0.040855598,-5.521872,-0.21210687,-0.3458533,-0.99952585,2.2403414,-2.22885,-1.2009124,-1.5025859,-0.7406123,0.8154981,-0.66992617,1.9221061,3.0407295,6.590569,7.2335267,4.86589,1.8310814,-0.6040022,-0.19544652,1.4288363,2.111611,1.2380288,-1.7719421,calm
-804.16156,32.88941,-2.1646812,14.462856,-8.21139,-3.2083597,-12.694408,-6.9277124,-5.1964855,-4.3478336,-8.209078,-1.3539019,-3.0749578,-7.18219,-4.2621183,-4.8623223,-2.3578367,-6.35719,-2.6807177,-4.0548644,-4.423314,-0.59482825,-4.0138435,-0.6291622,-1.1932421,-0.25687304,2.1811595,1.377087,4.826977,4.767625,7.1526804,6.7816944,6.1518927,4.116629,2.0105977,0.14179021,0.96523774,1.0791907,1.1873335,-2.1264615,calm
-795.7057,35.764355,1.5616773,9.524103,-6.502771,-4.9312625,-14.447118,-5.570025,-2.2342544,-3.702825,-6.67821,-2.1629775,-4.277582,-6.1377273,-2.9850206,-3.7633338,-1.4068044,-5.9468007,-2.0512257,-2.5661907,-3.2451437,1.3969781,-2.5835998,-0.4891818,-1.6996236,-1.7982261,-1.3248546,0.43790168,3.9193947,5.4911137,8.161973,5.6080894,3.8978293,2.120427,1.10415,2.999455,2.3138144,1.2590257,0.174393,-2.127895,calm
-840.2989,26.87522,1.939738,6.7468853,-8.128327,-3.1439443,-12.570513,-7.9073906,-5.028574,-4.7651763,-10.235634,-1.9938344,-4.0341954,-8.117611,-3.3001726,-3.8422272,-3.9746733,-4.398827,-1.099879,-0.16518167,-1.3848884,1.3293185,-1.706641,-0.9359532,0.12646414,-1.765366,0.7236371,-0.23558918,0.982468,3.7988818,5.722538,7.380415,6.9900136,4.9551125,1.4412282,0.06699319,1.8094364,2.2111502,1.3050317,-0.88069916,calm
-568.24023,28.720564,-15.214606,4.8624506,-16.910471,-7.7004004,-15.75491,-14.026106,-5.9772024,-9.907122,-3.4035017,-9.150538,-2.0458863,-7.4643054,-4.523985,-2.6413052,-3.4438622,-2.684923,1.8159213,1.0220698,-0.5266646,1.3636966,2.2605057,2.510015,1.7668247,-0.99540836,-0.34371796,1.2377882,0.42348048,2.0099022,-0.31295237,-2.0065901,-1.3537788,-0.22280936,-0.08610246,-0.44402376,0.27269495,0.17576453,1.607096,0.66296875,happy
-621.1018,28.699865,-15.839766,2.5811954,-16.912483,-5.7374434,-16.171532,-9.272247,-9.28612,-4.757976,-4.9118347,-7.2124867,0.23854676,-10.234688,-3.4007392,-6.9844913,-3.5776114,-2.0708323,2.8175244,2.8194153,3.0935712,4.118798,0.5500003,-0.90717846,0.10889385,1.3552363,2.228152,-0.0824311,0.23065884,0.77875787,0.66201043,-0.2820372,0.42311972,0.5096186,-0.7227432,-0.85924643,0.795,0.8661333,-0.052108273,-0.26622704,happy
-615.7158,31.828964,-1.8311622,8.982093,-8.953201,-5.3931074,-17.337503,-9.817042,-9.688939,-7.9685855,-4.9927163,-6.1872816,-2.3480308,-11.989507,-4.5781436,-2.7846854,-8.737589,-4.937427,-3.2111273,-4.7719603,-5.3144464,-5.2125473,-2.0139608,-2.31329,3.8506672,4.509101,6.675896,2.1536155,-0.9697545,0.9594271,1.766423,4.4399614,2.9973648,1.0560492,-0.9985917,1.2242835,2.3316896,1.3127038,0.2899926,0.022750452,happy
-665.05444,22.984257,-17.344103,0.50734866,-13.177125,-7.8695188,-18.32939,-11.777883,-8.104493,-5.4652925,-2.6100233,-6.017602,2.101372,-7.7170167,-1.6398635,0.08431944,3.2476304,3.99896,5.112104,2.621793,0.044827256,0.2059425,0.33528358,-0.3117703,1.4552857,-1.5727022,-1.0867841,-2.5853422,-1.2155122,1.2771143,1.9145535,0.8314118,2.0906875,2.8407433,0.019998228,-1.0296423,1.6269577,5.2967057,4.140052,0.23060842,happy
-528.86273,17.038694,-34.76093,-3.9618993,-27.101957,-12.431052,-18.426323,-14.9099,-4.1702,-11.510779,-4.0908732,-9.4944315,-2.0248876,-2.2750876,2.4765258,5.0155625,2.7287958,1.3891655,5.174598,3.6139677,0.5204251,2.0162156,1.3879223,1.9880041,0.7009484,-0.35326764,-0.02092471,2.8574445,1.6578258,1.5417471,-0.9382953,-2.1544437,-1.3476276,-0.7019653,-1.1699462,-0.11169328,0.6047341,-0.1343176,0.10083897,0.18212247,happy
-467.13657,21.321064,-37.885143,-0.17198475,-28.368662,-11.891886,-21.822182,-16.103127,-8.010751,-14.198038,-1.6027273,-0.9738541,6.854243,-1.811761,5.1044283,4.208012,3.1081336,0.76966363,0.6196802,-2.2262764,1.7654322,0.73151344,-3.0725436,0.20936319,-0.2757396,-2.7925203,1.161784,-0.12176197,0.6576027,0.71650934,1.0362837,3.360518,2.083223,-1.5262103,-1.4680146,0.6978397,0.42899895,0.73985004,1.1116277,0.2852919,happy
-465.76303,14.44803,-27.540812,-3.3346438,-22.926548,-14.494093,-21.666454,-10.6762495,-5.184317,-2.3722584,-2.8360639,-0.54918987,1.3220857,-4.76463,2.1639497,3.0612469,4.629421,0.5547965,1.5803432,1.8389823,-0.22391178,2.4081993,0.58477557,-0.5773567,1.0449296,-0.6890084,1.9380906,-0.22448848,0.8386006,0.6113166,2.0758436,1.5867049,0.53631854,1.0585697,1.0452698,1.5787342,-1.013254,1.3024217,1.2176831,0.11661066,happy
-406.92767,3.9392538,-35.773975,-12.84777,-23.852657,-14.504958,-18.325195,-11.950115,-0.42934853,5.226164,13.321076,8.204193,5.0863924,-11.471899,-1.8479922,-3.4813893,-4.9162354,-2.163846,5.9783616,6.450093,-0.11395675,1.6713557,-1.143537,-2.837863,-1.3141332,-0.3709444,2.6926627,0.24750453,-0.26835993,-1.3837093,0.91693026,1.957867,-0.16091214,-0.12673865,-3.006966,0.55715585,0.96521825,0.17108457,-0.0423091,1.0460072,happy
-734.9913,31.919758,-7.0676904,9.279036,-10.920955,-1.6599404,-20.936203,-8.557864,-4.9675746,-5.911914,-6.4540195,-1.6980168,-6.2172446,-2.7045841,-2.9800887,-2.364714,-3.1787193,-3.790423,-1.5521271,-1.4782164,-4.447559,-0.9347179,-2.5773647,-0.9062085,-1.7359098,-4.33778,-2.3559294,-0.79178566,0.73761255,3.5393474,5.269599,8.70544,5.9020214,2.3415153,0.046634115,-0.10849031,-0.1959515,0.97547865,-0.17730273,-1.473932,sad
-821.89886,33.680912,1.4835194,8.87082,-2.4061887,-0.69346666,-13.091076,-6.4729376,-5.8476605,-2.4915755,-6.8970213,1.6762347,-4.906459,-4.8271317,-5.0432663,-2.415446,-2.0257816,-4.580477,-2.1342003,-0.18385811,-3.045318,-0.7302199,-1.5557888,-0.6301321,-0.70653975,-0.7840438,-0.13552897,0.51909965,1.0831733,0.70205724,1.8935827,4.2144527,4.779958,5.386662,2.1210597,0.32654384,-0.2786785,1.1413225,1.8431836,-0.26985386,sad
-791.3259,33.294415,0.49053437,8.092112,-4.488226,2.1236897,-16.025932,-6.2007594,-2.8683555,-2.467476,-5.371887,-0.63061833,-1.4503134,-5.815419,-5.670426,-2.5412536,-4.7465158,-5.607569,-2.1370008,-1.741411,-3.359084,-0.82361203,-2.9794056,-0.4678383,-0.7902725,-1.4929143,-0.8073259,-0.24674109,0.6832574,2.251214,5.0858216,7.339028,5.1314507,3.8140674,1.4292235,0.4593289,0.32467696,1.2879435,1.1070734,-0.5865062,sad
-779.91016,36.877083,0.8419142,11.070858,-1.0782733,2.1971653,-17.006662,-10.590621,-3.0637543,-1.7324834,-7.6857944,-1.0426037,-2.1396937,-6.554815,-6.1510963,-4.1336102,-1.7084575,-3.57529,-4.6288276,-2.5417233,-3.8411388,0.04895349,-2.4365683,-1.039777,-0.66829866,-2.7168827,-0.47715065,-0.6726054,-0.892349,-0.29771218,0.94927245,2.3681972,2.215603,2.2244709,0.7792208,-0.63916403,0.4919864,0.52654594,1.0137826,-0.36778498,sad
-651.38904,35.585026,-12.41752,11.429721,-13.879744,-13.659194,-17.963543,-16.579084,-4.9222755,-9.062375,-1.4010135,-5.6397915,-4.8180923,-2.7898426,-6.1139317,-3.892652,-2.6237395,-5.7583942,-4.7249556,-0.20857342,-1.2084893,5.7325172,3.1902947,4.198052,1.9459538,0.68266374,3.4244213,3.7762136,3.87749,1.4606082,0.25934017,2.5765717,3.6270764,2.5623496,-1.6266882,-1.5361456,-0.6367643,-0.6980362,-0.45972008,-2.4192555,sad
-472.33716,17.917505,-35.045853,0.20948435,-24.043205,-19.723911,-16.574121,-28.867643,-4.1561284,-13.0745735,-1.9529873,0.66170895,1.241864,5.2480187,1.2308178,13.073,5.540217,-0.18739067,-2.6125941,-0.9693353,-0.68539613,-0.5857719,-3.081425,-1.2520726,-2.055719,-4.493953,0.5228481,2.8759022,-1.0396842,-0.916808,0.73391676,2.0031765,1.9323959,2.792658,-0.08118516,-0.7058835,-1.4753234,-1.5112041,1.816168,0.87996495,sad
-695.7873,33.612473,-4.816133,2.0708358,-10.438441,-12.616061,-18.269882,-16.462292,-4.3981614,-9.764959,-1.6118894,-4.55089,-3.7760797,-2.3387523,-7.3071823,0.64800614,-3.4231234,-0.7453255,1.7439722,3.1909852,1.0240102,5.173853,2.5865219,2.979709,0.10267966,-2.2527337,-2.504307,0.9973468,-0.13699764,-1.1194003,-2.4429386,-2.6628952,-1.4175675,-0.38020524,-2.1420834,-1.3715793,-0.60346746,0.031156339,-0.701516,-0.78391683,sad
-513.95825,18.085575,-30.96191,-3.0755327,-24.29263,-21.561132,-17.443493,-27.401,-6.5209537,-5.6889305,-4.7320333,0.85575247,-1.6261212,8.177585,-1.5179892,9.377983,5.1697516,-1.1398107,-2.3080225,-2.5971463,-3.8508348,2.0501456,-3.1174965,-2.8236732,-1.0772625,-0.97478294,0.11498147,0.41766626,-0.43925333,0.45223016,0.8941632,0.41479284,1.0592599,1.8135581,1.0068778,-2.9116523,0.48236683,0.011120667,-0.24160187,-1.4859507,sad
-713.8762,31.646446,-3.642393,3.5034645,-8.595858,-2.167669,-13.065532,-7.721222,-9.250548,-2.6103725,-5.3956213,-5.749009,-3.3831842,-5.9816446,-4.700152,-5.047075,-3.6888611,-4.923233,-3.4001102,-3.396446,-3.561252,-1.7531977,-1.403451,-0.6241864,-1.2340122,-3.668544,-1.3325238,0.123698205,3.1356351,3.4903364,4.2961736,4.3433967,3.6084843,2.8566778,2.5230386,3.1072645,3.1864645,1.8653886,1.196048,-1.8565978,angry
-575.21735,23.984205,-13.6069565,-4.397689,-12.788509,-3.7392733,-12.925158,-10.723353,-8.6448555,-4.4728785,-6.245391,-7.281217,-5.7024283,-8.83796,-4.598212,-2.6244926,3.1673148,4.327924,6.385206,1.6831946,0.23308335,2.408456,2.449768,-0.0010619918,-1.3294998,-1.9180329,0.39901796,-1.1932995,-3.166464,-2.4304762,-1.0480577,0.66289383,0.09159199,1.6909163,0.83871454,0.6450098,-0.37280303,0.22224627,1.3298595,0.45626876,angry
-622.71027,21.038834,-13.853555,2.959806,-15.092726,-7.7899437,-19.956924,-9.641487,-6.2858496,-2.8262808,-4.3263965,-5.551808,-4.8150306,-5.1211395,-3.189413,-2.1547391,-4.4444075,-5.5254583,-2.0581477,-1.3411632,-3.8235958,-2.6069248,-2.18853,-1.6785406,-1.5618439,-1.9535514,2.022132,4.8006744,4.1665335,6.8157945,5.2214255,6.049944,5.011188,2.3338575,0.25427425,1.0696607,1.497371,0.70895755,0.056048352,-2.3490703,angry
-508.33163,25.226345,-25.445871,-3.9530168,-20.274696,-12.876237,-20.30294,-13.38802,-8.682749,-4.317547,-9.421631,-8.720549,-5.97565,-14.385439,-9.534982,-9.940497,-8.088314,-5.648097,1.6737335,2.2751958,1.1132433,1.3703303,1.1318086,0.20817152,0.21591596,-0.21360177,2.4058294,1.5026776,1.7261165,2.0273254,0.86097807,0.6157013,0.80856043,0.98008424,-0.36571252,-0.20053056,-0.38985732,2.4858186,0.52870756,-0.22839414,angry
-414.33804,24.482481,-8.255441,8.224187,-22.136688,-2.7863448,-17.9745,-8.529107,-9.343951,-5.119895,-4.5487967,-3.863563,-1.0397578,-4.965015,-2.8877406,-2.0466883,-3.8922827,-4.1389027,-1.0781628,0.5462727,0.9327653,1.0514477,-0.95134956,0.47452775,1.6638674,0.4596527,2.8508005,2.9748633,1.1359825,-0.20806743,-0.36176634,2.1536531,2.8173306,2.3180342,0.61909264,1.0235678,-0.62078846,0.011473054,1.3633547,0.8243793,angry
-350.60864,13.5600395,-28.940678,-9.189131,-29.039227,-11.078897,-15.581133,-9.886723,-4.6965175,-2.1698706,-1.4121451,-6.126087,-0.4308799,0.12127304,4.0126343,6.5636415,4.617701,2.6664553,3.0174658,-3.3021557,-3.2415953,-1.6298405,-4.045615,-1.9867973,1.6236479,1.1043408,1.605472,1.7912064,1.2041624,1.5505499,0.8894228,1.0211358,2.087445,0.2129072,0.48805305,1.7677586,-0.5326421,0.16328532,2.2428336,0.8834001,angry
-326.13757,15.851644,-29.685558,-11.424311,-22.553616,-10.067402,-11.823939,-9.062756,-7.1656723,-2.8404315,-6.812983,-1.2802675,0.77622545,-1.1222169,2.5686004,4.2242146,2.1248703,-2.2180142,1.0811726,0.3828293,1.4829141,-0.18377618,-2.0092084,-1.0643001,0.8588549,-1.865757,-0.034139108,1.7569978,0.8243626,1.1387498,0.8495133,-0.12541719,0.16933563,0.55047405,1.4925745,1.3919158,-0.49469233,-0.05402872,0.8761117,-0.066308625,angry
-466.22617,15.72047,-7.891387,3.1762834,-14.635419,-3.7780619,-18.467955,-9.411638,-10.777839,-4.812747,-7.9087453,-6.522131,-3.0612538,-5.3488,-2.1818502,-0.12500542,1.6075412,0.6590609,0.3813713,0.6750605,-1.0770024,1.0639757,0.5634063,1.1086234,0.46559173,-1.0728033,0.41259375,-0.31087378,-0.8729005,-0.51427823,0.6730398,0.79327047,1.7515849,1.5227906,1.9001468,2.0931685,1.0409203,-0.12674367,0.97071844,1.1285067,angry
-702.7038,23.157991,-5.616761,4.1621656,-13.128721,-8.915665,-14.477653,-5.841784,-5.7278843,-7.096957,-3.170409,-5.6775517,-1.9486713,-3.8991294,-4.0683846,-1.5721906,-4.313003,-2.7520888,-0.71173114,-0.8838751,-1.1526389,2.0797665,2.6558836,3.92656,5.874787,2.5185473,3.446104,0.27532437,1.1305559,-0.10569044,0.6395672,-0.76473033,-0.9447429,-1.8959246,-1.4110961,-1.300507,-0.06601841,-0.5618694,-1.405643,-3.523627,fearful
-709.5055,23.454088,-8.963393,4.126518,-14.653885,-10.186101,-17.026321,-4.9559155,-5.681778,-8.640322,-1.4054385,-7.3241444,-1.0257261,-5.03973,-4.58059,-2.1883457,-3.8080423,-2.0048032,-0.064834565,1.4217113,2.4664867,3.9311569,4.340269,5.2184944,6.3292766,3.1566348,1.2022027,-1.1303313,-0.58749735,-0.29489538,0.9362003,0.41585562,-0.26454088,-1.4415804,0.296162,0.34244815,-0.43385333,-0.89151794,-0.23205653,-0.56045604,fearful
-744.6835,21.228441,-0.100886315,6.6308117,-6.063002,-7.312795,-19.586935,-2.3783777,-4.000346,-6.0800176,-5.682399,-2.2665331,-1.0142778,-4.711949,-4.534171,-2.4595525,-3.1716292,-4.069686,-1.5934441,-2.2106676,-1.9254225,-0.53821796,1.4648943,4.425934,5.9354305,2.9852169,3.0843818,0.74777925,2.4208353,3.5968099,3.2599547,0.40863156,-0.56863344,-0.3339272,-0.5454347,-0.266924,-1.5189742,-1.5889331,-0.7828498,-2.0527442,fearful
-750.3051,30.649757,-0.99280506,8.804138,-9.994623,-9.179567,-22.73592,-6.261929,-4.6455355,-7.1928134,-3.5731318,-3.6606598,-2.4586973,-5.217788,-6.5186405,-2.721094,-3.1862333,-5.285957,-0.21725933,-2.9846916,-0.17782354,0.76265436,0.56036764,2.135946,5.9116354,4.497904,9.41276,8.064233,8.406516,6.749055,7.1702223,5.1223345,2.566648,1.6992016,0.17499648,-0.17434481,1.1658468,1.0011655,-0.7652343,-2.2027473,fearful
-343.0984,18.481241,-38.387997,-3.849517,-24.250696,-7.4769106,-19.625662,-6.7750025,-1.084232,-4.970279,0.33967027,4.772604,11.021095,-4.3835983,7.6227107,3.1414144,6.0010996,3.7832282,4.6215196,3.91517,1.6449275,3.2228246,-5.1687617,1.6691669,1.3442553,-3.2127123,0.98273695,-0.0057623154,3.309301,2.9614923,2.9726462,3.3791437,1.419633,2.8167114,1.7837051,1.4228865,1.1624542,3.028305,1.795777,0.98420954,fearful
-304.19995,14.1294985,-43.007076,-12.060578,-29.17941,-7.059214,-23.94662,-10.7588215,1.7123276,-6.0186043,4.8123345,6.8957906,15.112844,-2.324482,3.600088,1.7663872,1.4023684,5.9295297,5.9744835,2.0046942,0.4633814,4.1459713,-2.113105,0.8484659,1.0203582,-1.5842246,1.1698633,-3.2269323,-1.017603,1.6729815,1.1169251,4.1270947,-0.19294098,2.1078513,2.1623907,1.3383667,2.6589625,2.4231694,1.6314979,-0.76346534,fearful
-368.21252,12.176445,-41.467678,-15.335145,-23.298166,-15.627536,-14.632635,-6.60106,0.41401,2.3546247,-2.4147255,-5.1208386,4.024903,-0.24603026,4.4411387,-1.9702288,0.10247787,-0.29091984,-0.55348104,-2.938402,-7.3805904,-2.4875765,-2.9881456,-0.08629081,0.16252881,0.070207864,3.6768637,1.228803,-2.5319126,1.286585,1.2078077,1.0312337,-0.5676115,0.79433864,-2.6582038,-1.0262984,0.057640217,-0.53954774,0.9656092,-0.6405876,fearful
-332.67502,5.1919146,-28.098085,-11.285162,-19.04928,-10.938979,-16.560457,-9.65593,3.6050134,4.693908,12.535125,8.142512,6.029644,-8.883309,-0.8329152,4.6073937,-1.2455469,-0.4206007,4.835451,6.175101,-2.0920446,-2.8752174,-2.085238,-0.94508827,-0.21299909,-0.37834832,3.2391765,1.8255799,0.51804984,1.0074764,-0.7687423,1.6214272,0.11098275,1.7162548,0.97537893,0.5082116,0.5956667,1.2151593,0.6338394,-2.127315,fearful
-633.1055,34.013832,-9.534388,0.43322408,-12.595301,-7.1155286,-13.789472,-10.094582,-4.504218,-5.7737727,-7.028555,-2.5007455,-5.6971927,-6.817313,-8.645861,-3.4607315,-5.382057,-3.6103046,-0.25869218,-1.0300242,-2.7770174,0.14434572,-1.1363826,-0.057390798,-0.6051136,-0.7570729,2.998504,2.4045866,1.5587039,0.2531205,1.3350245,2.6904724,1.2794343,0.6338989,-0.79852533,-1.1322086,-2.3028352,-0.8428465,-1.1033391,-1.7627803,disgust
-666.51447,51.222424,-8.543151,4.979864,-9.450439,-9.55678,-11.770943,-0.8180428,-2.9901733,-3.456743,-4.161113,-0.8228344,-0.9872992,-4.305439,-5.867338,-3.5647016,-4.2643695,-4.859107,-1.9846116,-0.2786239,-1.726957,0.553833,0.8860697,2.3294058,1.407653,1.292011,1.6754433,0.35900313,0.26531377,1.13281,1.9525212,3.8448956,3.2028887,2.4820857,1.176186,0.066273056,-0.83584416,0.076273076,0.23453385,-1.6660875,disgust
-700.9756,38.532883,-0.28216392,-0.6554572,-6.217279,-5.674679,-14.942921,-5.5358553,-6.14617,-6.0616474,-6.945524,-1.8861847,-4.7407966,-5.7469225,-6.7583323,-3.4340386,-5.7933726,-6.7775955,-4.770129,-3.344308,-5.6979127,-3.3615184,-3.7945092,0.54555124,1.0975766,0.8849743,2.7625978,3.011404,3.4032164,4.395534,5.891531,4.4494953,1.9671017,1.0624659,-0.018428372,0.09545336,-0.08973787,-1.0905623,-0.8551783,-1.872419,disgust
-671.3957,34.382507,-0.67874986,-0.22078519,-7.7388763,-11.88351,-17.686607,-6.6764426,-7.2546673,-7.349678,-7.0648274,-3.7151046,-5.166739,-9.401256,-8.381215,-6.4624085,-6.4103575,-8.627345,-5.712385,-3.956053,-3.120191,-0.8872897,-3.3366797,-1.3595316,-0.72169673,1.8051358,4.8134394,6.0959353,4.879763,3.8201396,2.9340522,3.4725306,2.5591826,1.7604383,-0.42680207,1.012025,1.3362696,1.3589723,-0.077722326,-2.4871497,disgust
-635.50543,34.06559,-0.5308701,1.1869313,-12.08152,-6.0631547,-11.846862,-12.945055,-5.182056,-4.1326337,-8.052188,-1.1811692,-4.585134,-4.1587844,-6.7203827,-0.6988499,-0.48996374,0.37151366,2.0397618,0.20734489,1.4868813,1.3866332,0.72202235,2.148294,0.5585952,-0.48064998,0.6678556,-0.94410264,0.6316641,-0.3055417,0.6199006,-0.31603542,0.6889864,0.18274471,0.11987924,0.28384766,-0.11677078,1.9211168,0.6535416,-0.26140195,disgust
-594.29456,21.634005,-9.452132,0.5280937,-11.523663,-8.25802,-11.261132,-8.670366,-7.2128143,-4.4825788,-4.3639417,-4.989101,-4.285807,-7.3412533,-5.5454273,-4.465218,-1.8187963,-1.7835552,1.1623597,1.6066297,-0.45257083,3.10313,3.3205254,7.4689565,5.1133676,2.4455879,-0.98726696,-0.77473545,-0.62612057,-2.2399325,-0.5035826,-0.87289464,-0.94590765,-1.9260389,-2.1970584,-1.1364502,-1.0994875,-1.3996093,-0.672726,-2.331917,disgust
-550.07935,16.983997,-11.408944,-12.428418,-13.112094,-14.4472065,-17.128021,-12.885783,-5.0792155,-8.106634,-11.355102,-3.378604,-5.768626,-5.5635405,-2.2873404,-0.11816424,0.42035547,0.43943286,2.4318507,2.2352498,1.8264049,-1.0673983,-1.5809896,0.75071996,0.13358906,0.60754776,0.38766816,-0.3611108,0.03348142,0.70982236,0.5677996,1.3348883,1.3196408,1.0553486,-1.0451213,0.91312885,1.5694201,0.46902692,-0.13113764,-1.5885754,disgust
-528.23126,29.904736,-15.1430645,-11.209985,-15.129782,-6.488934,-17.715347,-15.013447,-6.92148,-5.8842177,-12.366699,-6.5979357,-8.4585905,-10.27789,-7.5105577,-0.59368134,-0.7653197,1.4846481,6.0841517,2.3741338,-0.0158303,-2.1000469,-3.5876544,2.9350219,-1.841497,-1.5822864,-1.8130016,-2.3569622,-0.3480518,-1.7022547,-0.46378586,0.30363685,1.5743346,0.4107663,-0.6554746,-0.6698618,-1.4597819,-0.2350881,-0.56881505,-2.5822685,disgust
-645.01324,25.520252,-16.40607,5.470966,-13.340576,-6.030153,-19.00289,-8.986544,-5.582879,-6.5610266,-4.3977375,-4.623085,-2.9419568,-7.495389,-7.593738,-7.194554,-5.0812354,-4.7205887,-0.7279454,-0.109768696,1.0732143,3.0151014,1.416015,0.2352443,1.6843064,2.162361,3.9722888,1.9702513,-0.8357631,-2.6045883,0.7399724,2.408194,0.6611775,-1.3569106,-2.3350828,-0.7861848,0.6251814,-0.92734885,-0.7885353,-0.6803258,surprised
-574.6419,32.87999,-14.568757,3.802832,-15.086724,-7.882365,-14.671361,-9.9011965,-7.931657,-5.51485,-7.2933836,-5.132243,-4.8184433,-8.683299,-5.347638,-0.33783454,2.7664676,1.6314899,5.3420615,3.3790479,2.706381,2.397413,0.23454447,-2.0065696,-0.6378228,-0.26422742,-0.5115576,-1.4209148,-1.4680811,-0.029468486,3.2829473,2.9325655,1.7299912,1.5416967,-0.10839869,-0.62611955,-0.039356716,-0.8582734,1.2539495,0.047992434,surprised
-689.8012,29.25649,-11.051108,1.7652777,-8.131115,-5.315206,-18.12292,-7.8509736,-4.8460717,-5.906997,-6.122072,-2.7180479,-3.865105,-6.072408,-6.658007,-4.5905147,-4.1852727,-4.5962906,-0.27751037,-0.4970183,-2.165121,1.5426577,-2.1950517,-2.1955512,-1.7542655,-2.2171023,-0.90721554,-1.2302358,0.6268085,2.9433606,4.5233536,3.6361887,2.2459373,3.3046877,1.534531,1.0564055,0.62780035,1.5100526,1.3904709,0.22815868,surprised
-668.43964,29.820774,-14.943124,3.2123404,-14.832877,-5.9172745,-20.399158,-5.785324,-6.266124,-5.654981,-4.708852,0.040891424,1.7677424,-2.101369,-3.6034365,-3.5662084,-3.300799,-3.287724,-2.6272993,-1.3596864,-3.1122966,0.44963777,0.82247585,0.5300205,2.0730948,-0.75224674,0.33075362,-1.9417896,0.60036546,2.0172257,3.9058597,5.1968775,4.4396653,4.16705,2.3253834,1.6819016,2.8938205,3.4011815,2.469405,-1.2865651,surprised
-483.6729,25.791897,-22.170929,0.65931064,-22.297628,-8.889038,-19.169048,-11.554889,-6.762968,-9.908405,-7.0675073,-2.340592,0.7611654,-5.57832,-0.9507307,2.419665,0.3882283,-1.4168131,1.6754858,-1.723962,-0.85709506,3.5458667,-0.72868645,-0.05630964,1.0917423,0.9351453,0.869708,0.8839043,2.7098308,1.6302897,1.3990161,0.9016299,2.2258165,0.3783176,-0.13936067,-0.36989257,1.4331157,0.34423137,-0.06346713,-2.1892657,surprised
-649.8828,32.043526,-16.73449,0.2403623,-16.601873,-6.8782005,-19.001213,-11.64468,-8.562189,-8.01048,-7.373867,-6.571425,-3.4403543,-6.167633,-4.7021046,-5.513825,-4.2944107,-3.5357692,-0.7158044,0.19637667,-1.7072321,1.2819582,0.07082607,0.8288296,-0.007973102,0.073097065,0.8337922,-0.015949527,-0.05352236,2.2405972,2.1930275,1.4148735,0.048942808,0.24985138,1.2116752,0.34319845,-0.9428972,0.7374236,1.6482098,-0.6599834,surprised
-478.78952,23.753746,-25.427128,4.430069,-16.285877,-6.2197905,-23.144724,-18.736029,-5.6891613,-12.353058,-9.45655,-4.8075466,-4.612634,-9.683846,-4.9590564,2.0223408,2.8884585,1.7384671,6.877578,1.5184829,1.234959,4.2535014,1.7528744,2.1726003,1.069597,1.6094053,2.3673363,0.35210085,1.3346168,-0.048332147,0.36866173,0.44005206,1.4614506,1.4235901,0.5563246,1.0375917,0.28292876,1.2895533,1.7675784,-1.4321977,surprised
-589.1455,26.916622,-17.56534,4.4307914,-12.365162,-6.2678385,-21.934896,-8.128957,-4.2168784,-8.438097,-7.2988806,-4.8475423,-6.105131,-10.192889,-8.985823,-7.160538,-6.290432,-6.32291,0.5577152,2.440401,3.9906812,6.7481976,1.6458328,0.19754486,1.2210325,2.603218,4.6527944,0.2081413,-0.091417454,-0.71085906,1.3259406,-0.16279733,-0.6948838,-2.348524,-2.8528187,-1.442063,-1.3654467,-0.059841707,-1.1444627,-2.3097928,surprised
-585.5245,63.384293,-0.13832219,18.74466,-1.8350616,-1.2794877,-0.4154035,-11.354147,-2.8426986,-0.32603696,-5.4270954,0.24040464,0.5438288,-2.8600574,-3.0887196,-2.2057137,-0.45942226,-1.1924841,-3.0452526,-0.8292387,-4.2861233,-4.7683206,-1.9626629,-3.6438727,-2.8430521,-1.0210606,-1.3241001,-0.9724915,-2.3628762,-2.3832524,-1.5887344,-1.0807528,-1.3455518,-3.1237142,-1.6188579,-2.6423562,-2.173045,-2.3274658,-2.9862146,-3.6717274,neutral
-588.1197,67.776,5.984998,20.537437,-1.212084,1.245565,-1.6877463,-10.444164,-1.6784763,1.5145532,-3.5821805,1.3348104,1.9199736,-1.1652309,-1.2981195,-1.0644779,1.2941469,-0.715657,-2.4409769,-0.36564362,-2.7415175,-3.5242033,-1.588349,-2.6058252,-2.1775064,-0.6120449,0.7929615,-0.49412015,-1.6663754,-2.0287328,-1.2191005,-0.8972428,-1.30765,-2.6899405,-2.6328177,-2.0410967,-1.8586392,-1.8754604,-2.8405483,-3.2936876,neutral
-596.7793,65.798454,-0.03794432,17.537014,-0.34756246,0.76182956,-4.1997137,-12.750922,-3.8022594,1.5163623,-4.8650913,-2.267232,1.1499348,-1.7727672,-0.81110024,0.54658246,-0.07922593,-1.5877291,-4.2472434,-0.6634202,-3.8014266,-5.489857,-1.1306623,-2.199925,-2.8630538,-0.8676651,0.011789866,-0.5139671,-2.4686916,-1.4051632,-0.6898067,0.12115861,-1.577017,-3.0892482,-2.6120205,-2.6852899,-0.96822226,-1.3047231,-1.6055518,-3.0122561,neutral
-598.7896,64.769035,-0.7642728,17.399885,2.5146666,-0.041629758,-6.1746845,-11.959823,-2.3815463,0.5590603,-4.0785193,0.31992248,0.36897776,-1.6229858,-3.7090366,-1.5209507,-0.4779529,-2.3014028,-4.4539337,-1.5304828,-3.7519808,-5.2580605,-2.6150033,-2.3953674,-2.5510929,-1.5616893,0.40100914,-2.0491517,-2.7928882,-2.8420813,-1.4403474,-1.6232536,-1.6960887,-3.235344,-2.6173308,-2.8976142,-1.6746768,-1.6097099,-2.417396,-3.294812,neutral
-617.2068,72.606766,6.0898623,20.446629,2.1832392,0.5392131,-4.003737,-8.052274,-1.5393431,3.1695895,-2.6923482,1.8555655,2.6875918,-1.32662,-3.0494933,-1.0068094,-0.051014036,-2.0834315,-3.853245,0.2812194,-4.387756,-3.9758215,-1.3912598,-2.4606771,-1.618872,-1.0686562,0.36560556,-0.6477218,-3.005759,-1.9207689,-2.4073951,-1.6739924,-1.4624691,-2.970539,-2.5511487,-3.037483,-0.5650456,-1.5250955,-2.679423,-2.5973654,calm
-594.72345,72.78401,-1.0555845,21.121527,-0.5987025,-2.8711405,-3.924066,-10.349287,-2.027047,1.1193086,-4.5451574,2.5735877,1.6853982,-3.0060294,-2.7694502,-0.7178919,-0.04758737,-2.4987228,-4.1289577,-1.2905809,-4.3870354,-3.3782415,-1.2517309,-3.0488522,-2.3995726,-0.62923914,0.27958313,-0.8462503,-3.2658772,-2.8876987,-3.296264,-2.3297017,-1.453061,-3.3778448,-3.7882185,-3.3950076,-3.009126,-1.6581587,-2.9247715,-3.6076193,calm
-628.9156,76.26206,13.404956,24.932795,6.4799986,6.103535,-2.235189,-5.8747826,0.6699865,3.3511026,0.1089951,4.5244083,4.309762,1.8955472,-0.61331654,1.0326551,1.7200134,-0.88234425,-3.2269998,0.95608246,-2.7633104,-2.7794735,-0.89733726,-1.5142053,-1.6913443,-0.057361484,0.9344627,0.36675438,-1.9388514,-1.1675717,-1.006873,-0.74044406,-0.80558217,-2.759709,-2.0017116,-1.8399299,-0.93689984,-1.2056456,-1.9149375,-2.8758466,calm
-617.4618,76.50408,8.722238,26.30185,7.568616,1.6282694,-5.7673507,-5.4816947,1.0594962,3.182901,-2.9766164,3.86239,3.2429843,0.11898762,-1.7460306,-0.46421695,1.1509386,-1.1469443,-4.836356,0.44596076,-4.1120453,-3.707263,-2.135559,-0.9367441,-0.69278204,-0.45907614,1.2393936,-0.64263123,-1.7768657,-1.2390963,-1.1093719,-2.0760033,-1.2021434,-4.425502,-3.6964445,-3.1368835,-0.13538271,-1.4183424,-3.2194672,-4.846138,calm
-602.26587,66.24094,2.423502,25.470367,1.6107181,1.9548243,-6.3880568,-5.9211287,0.13448259,4.216363,-3.31752,3.4498546,2.8857656,-1.9986744,-1.2027044,-0.725168,2.2725532,-0.21406968,-4.3759136,-0.3365861,-4.3093543,-2.5859282,-1.6590531,-2.8071167,-0.1494965,-0.40548012,1.6752707,0.016341344,-3.4598138,-1.7674084,-2.613218,0.34609285,-1.2743675,-3.1292765,-2.7017717,-1.7813023,-0.7141047,-0.99712217,-1.9001018,-3.7957833,calm
-580.9676,66.62463,-3.8714523,24.976614,-1.5630393,-0.06444264,-9.069825,-10.8069725,-1.0802904,2.5378256,-6.20913,1.4259999,0.37312168,-2.9623935,-3.631554,-1.7310134,0.19444248,-1.6409324,-4.7153087,-0.56230396,-5.610546,-4.689647,-2.9630048,-4.7203517,-1.7697905,-0.8486201,1.018573,-1.7009302,-2.5337908,-2.5501294,-2.3504496,-0.526764,-1.738625,-4.0329986,-4.2851,-3.4478886,-2.3208349,-2.4959955,-3.1992497,-4.776112,calm
-576.66766,64.91586,-2.3455477,25.024408,0.59544,-0.99571794,-5.490583,-11.79452,-0.29961112,1.1701554,-4.226784,3.0196958,2.488192,-1.3178899,-2.6074905,-0.6909378,0.5484337,-2.83482,-4.854152,0.5681723,-4.4427404,-4.905209,-2.2794778,-3.206583,-2.006142,-0.6666909,1.0133936,-0.2523205,-3.5560763,-2.151575,-2.7784846,-0.058659744,-0.49551603,-2.5072224,-3.8860292,-1.5870374,-1.4067209,-0.6672704,-1.8426105,-4.2470164,calm
-591.5341,69.50084,-4.8091617,24.73343,2.0625134,-0.61250347,-11.048541,-9.645297,-2.0584066,-0.24998826,-4.65716,2.0794697,2.1721919,-0.8283631,-2.618216,-0.9956024,-0.31922436,-2.988663,-5.4189954,1.6062081,-4.982816,-3.7264805,-2.7921546,-3.1940408,-2.2722003,-1.0171788,1.8755676,-0.30787164,-4.179221,-1.5211016,-2.0868826,-1.6681805,-1.4657869,-2.31231,-3.1685293,-2.6872244,-1.9035883,-1.2970282,-2.1945467,-3.8278735,calm
-562.2354,56.601402,-6.0157995,18.083763,-2.439953,-4.6960998,-4.78235,-11.796758,-2.0374796,-1.6694337,-6.51191,0.9907393,-2.772361,-4.2042155,-4.622985,-2.36991,-1.3288871,-3.2097247,-3.910533,-1.2386887,-4.877443,-3.9555292,-1.8981228,-3.1981528,-1.5650363,-1.2785059,-0.54445755,-2.7647965,-2.034274,-2.245179,-2.9175763,-1.6768835,-1.508517,-3.3005328,-2.8117716,-2.7135456,-1.7618588,-2.5394647,-3.6149964,-1.9832587,happy
-555.3802,58.21691,-9.760389,22.438118,0.861578,-5.3160763,-1.7270902,-12.3684025,-0.7027474,0.26995757,-6.6216307,2.303174,-0.78465605,-3.0881622,-3.7153864,-2.6942813,-1.1120555,-2.070153,-4.499433,-0.67061114,-3.259977,-3.9734874,-1.6910685,-3.6558657,-1.167566,-0.5772219,0.24280547,-1.9920031,-2.284919,-1.9456421,-3.1857095,-2.0241036,-1.3933451,-2.8707755,-3.5216606,-1.3703628,0.18967028,-0.015821906,-2.3687541,-0.9683563,happy
-535.2955,56.941887,-11.789976,23.019365,-3.283078,-5.9962554,-9.0330925,-14.234428,-2.2503068,-2.880804,-8.242026,2.2120383,-1.0813017,-3.1913755,-6.032945,-3.0645351,-0.6351727,-4.0795016,-6.3589478,-0.99409163,-4.505934,-4.541617,-0.93878317,-3.319611,-1.3578954,-1.2111728,1.084157,-2.3584762,-1.3696531,-2.77325,-2.2546165,-0.78271663,-0.6924344,-3.2090254,-2.5346148,-1.4922087,-0.4536944,-0.31591743,-1.9625503,-0.609939,happy
-560.7453,58.031082,-9.011633,16.494503,-1.3085188,-4.815332,-10.656447,-11.870817,-3.2575963,-1.5964006,-7.2428513,0.33686313,-1.6327841,-3.3992076,-5.873634,-3.2345989,-2.0435195,-4.9994493,-6.321521,-1.4409043,-4.9769125,-5.224347,-1.0978922,-3.0483103,-1.8055145,-1.6693302,0.295313,-2.8049943,-2.6711588,-2.9408767,-2.5807347,-0.7280536,-2.2146297,-3.2774744,-4.072336,-2.4246893,-1.6189798,-0.98513234,-2.3796325,-0.91173387,happy
-464.78262,46.297924,-17.05966,16.940308,-8.077343,-10.228588,-3.5848815,-16.456818,-5.106917,-2.840782,-11.166771,0.5562094,-6.5784774,-3.9304743,-5.6235147,-5.3168488,-3.9026444,-4.2675095,-6.580922,-1.6717771,-5.6355243,-6.395012,-2.9672716,-5.7171917,-3.3718803,-0.9308115,-0.057486493,-0.5698848,-0.2600149,0.35487953,0.079750806,0.78924394,0.34529698,-1.2487153,-1.7766029,-0.43595678,-5.2232328e-05,-0.110613964,-1.5470192,-0.35397694,happy
-473.57095,43.844925,-17.390856,16.053825,-4.797138,-10.376788,-2.070354,-17.157082,-5.317035,-2.7538528,-11.042977,-0.2075901,-6.0477953,-5.2510676,-5.9195766,-6.6219172,-3.2484858,-4.37755,-6.022494,-2.277457,-6.292764,-5.973484,-2.7586923,-5.4349084,-2.2159808,0.37657967,0.71975493,1.0673869,0.62474483,-0.6730367,-1.9320678,0.73773104,1.1281163,-1.0574515,-1.979264,-1.1092905,0.25713557,0.83124787,-1.8341506,-1.9563268,happy
-490.53314,54.836235,-13.697288,14.820551,-4.2709036,-10.858505,-7.0869346,-15.873556,-2.9848168,-3.072414,-9.495643,0.5582302,-5.6247616,-2.1063237,-6.9045243,-4.4674926,-2.3289685,-4.118495,-5.8640637,-2.1032882,-4.2793217,-6.8018184,-2.015821,-4.033033,-2.5039551,-1.9700384,-0.5055312,-2.0561695,-2.8972967,-4.1295805,-3.7909234,-3.2104726,-2.773386,-3.6351457,-2.8078809,0.7511595,1.904877,2.336281,0.20205735,-1.0261354,happy
-443.67218,44.758774,-15.727262,13.752802,-8.02168,-10.815984,-6.145928,-17.398573,-6.6909165,-3.1221147,-11.5819645,0.53103065,-5.894511,-4.5815234,-7.0017085,-6.4523644,-3.2992456,-5.3508234,-7.487982,-2.0766563,-6.1737323,-6.641032,-2.529376,-4.0336843,-2.1293507,-1.8968489,-0.07882866,-2.2052023,-2.9585614,-2.2360709,-1.8399526,0.022492867,-0.16598287,-1.5374548,-1.3912458,0.8599777,1.4695807,1.8417267,-0.11035686,1.1669272,happy
-634.2014,63.623077,3.627456,23.341692,-2.0656729,2.9137564,-3.9526246,-11.476038,-4.901628,-0.7435313,-7.0588746,-1.1855125,-2.7883503,-0.7125073,-5.0109925,-2.7799213,-0.96083677,-2.1242855,-3.3218045,-0.27229208,-3.810187,-3.6725874,-0.7339238,-3.5657237,-2.990088,-1.0184063,-0.31349972,-2.071385,-1.4564044,-1.2402071,-0.9920401,-1.4641341,0.3320236,-1.8171847,-1.8907048,-1.9627519,-0.68032247,-2.2617595,-1.1372858,-2.7953427,sad
-636.6399,66.89208,4.872927,24.191332,-3.3375504,4.688367,-3.9583325,-8.247005,-3.8338933,-2.3433585,-5.363717,-0.8772986,-2.0205495,-0.5847679,-5.5347037,-3.4243257,-0.88173294,-2.63198,-4.036031,-2.4336011,-5.009771,-3.6526768,-0.28189528,-1.641923,-2.665788,-0.4770494,-1.2087188,-1.7383891,-2.5380163,-1.3584733,-1.5200704,-1.7562398,-0.050581653,-2.371024,-3.409395,-3.0192232,-1.603534,-2.7431097,-2.1594667,-3.307882,sad
-603.2679,59.652832,3.2085528,20.856682,-2.3798227,3.9951446,-6.468718,-11.250245,-1.0623543,1.0545884,-4.959053,-0.60512674,-1.253014,-1.859308,-6.7046795,-2.5799632,2.0302482,-1.5255959,-4.8333473,-0.14437297,-4.034857,-3.5277624,-2.6100044,-2.143168,-1.2516758,2.007323,-0.8856585,-0.9951723,-0.46108943,-2.7480977,-2.3152854,0.21657154,-0.2243202,-2.932107,-2.6427855,-1.6737391,-0.12304852,-1.9857862,-1.7730408,-4.062627,sad
-620.72363,60.442467,0.26668966,23.017296,-0.99647593,3.8907516,-4.0576653,-11.022185,-3.586815,-0.4577131,-6.385648,0.52118367,-2.6420188,0.09693666,-4.407438,-2.1275516,1.6592962,-1.5200024,-3.4157665,-0.18106642,-3.9272397,-2.2320175,-1.788004,-2.5486224,-2.541539,-0.25503892,-0.023875605,-1.6691381,-0.18423954,-1.8711363,-1.4194282,0.042954415,0.3485296,-1.2635593,-2.3146164,-2.029606,-0.23193015,-1.7109339,-1.6176635,-3.216259,sad
-500.58658,53.68391,-17.598421,18.422754,2.0365107,-19.300434,-7.359664,-18.291464,-16.42675,3.6174004,-17.763884,-1.873209,-4.118089,-4.417979,-2.7157273,-6.077441,0.43799397,-5.284339,-1.9804764,-4.6222715,-2.8948853,-3.2875264,-3.829774,-2.0180416,-2.7153423,-1.4741136,-1.3078974,1.18895,-3.834559,-0.8621538,-0.9095685,-2.0021892,0.69721884,1.4253947,-0.6708983,0.97812694,0.05203515,-0.9245439,0.24608222,0.34206623,sad
-500.13834,50.92531,-14.627256,17.217318,2.651041,-18.738255,-9.41239,-20.272724,-13.500559,4.396616,-17.49341,-1.3577508,-5.691277,-4.8019147,-3.18406,-5.7652698,0.7302796,-4.621862,-1.126614,-3.547076,-2.4381135,-2.8352406,-3.764576,-2.019724,-2.3504562,-1.1383334,-1.3283482,2.3718808,-3.7027247,-0.12478108,-0.1167861,-0.11415721,2.8618166,3.0682673,1.3739547,1.8288572,2.0463207,1.7766731,2.791698,1.8410947,sad
-515.61005,53.166336,-11.500359,21.620422,0.09089137,-12.996902,-5.94959,-21.674564,-6.692432,-1.2159905,-12.555218,-2.166974,-5.1937776,-2.8346212,-5.1010194,-3.1725314,-0.85392445,-2.1440914,-3.8127155,-2.2044246,-1.359987,-4.423647,-2.0159872,-3.0529764,-1.677139,-1.1999168,-0.1217991,-1.044689,-1.8279696,-0.80886525,-2.4345007,-1.8469243,-0.7095485,-1.3952981,-3.2013464,-0.5410619,-2.7543154,-0.13484983,-0.5961508,-1.523001,sad
-543.1017,58.47988,-12.1306305,22.746258,3.6297836,-12.305275,-4.459532,-17.959822,-7.869347,1.8131338,-12.986107,-0.24580856,-3.9589412,-1.1766194,-2.6559443,-2.4817588,-0.11006033,-3.0826204,-1.4197685,-2.9017978,-0.37685093,-2.7564352,-2.0307534,-1.1161308,-3.2771072,-0.3138039,-0.33940053,1.2769892,-2.957095,-0.18283604,-1.0162727,-0.97295576,0.18295902,0.6874167,-1.8194522,1.3689681,-0.59558827,0.3534354,0.33213747,-1.705548,sad
-424.7731,40.144344,-16.7157,19.54709,-7.5023417,-9.731177,-3.8279316,-20.258425,-5.434923,0.083330594,-12.002358,-0.25356886,-4.4748526,-3.1688654,-5.6643705,-4.249914,-2.4627745,-3.7193453,-3.8873143,-4.256236,-2.990972,-5.3494244,-1.5544897,-4.112159,-3.356875,-1.6668441,-1.9243326,-1.3832884,-4.5969877,-4.094762,-5.237276,-2.8812792,-0.62701285,1.2733959,0.026954886,-0.8710987,-0.12522201,0.42711025,-0.38966486,-0.40155903,angry
-435.76263,41.72792,-16.302639,19.40591,-5.881907,-8.43733,-1.3588201,-19.19541,-5.1371303,0.22919673,-11.845349,-0.51760185,-4.6340384,-4.2847266,-4.5033197,-4.842947,-1.5888058,-3.8509033,-2.6153667,-3.4212613,-2.7442226,-5.847676,-2.1310198,-3.8062162,-3.8805523,-2.6700459,-2.5956278,-1.749423,-3.320941,-2.829464,-4.188437,-4.052355,-2.987183,-1.5165004,-1.1053438,0.53529245,0.9328238,1.8841693,0.6483303,-0.7703635,angry
-396.75696,37.98584,-11.854317,14.63457,-7.9910784,-9.035206,-2.8861861,-18.402935,-7.698702,-1.9292191,-12.686643,-1.9515777,-5.047975,-2.4585173,-6.4272327,-4.3804207,-1.4763854,-5.0145855,-4.6300735,-2.6686444,-4.2310677,-6.462924,-3.8372416,-5.1208744,-5.070675,-2.9856162,-3.148148,-1.177391,-3.5560308,-3.2214313,-2.1228251,0.5153352,0.42804712,0.7541754,-1.9524918,-2.112399,-0.62322503,1.4888976,1.9143949,1.1773094,angry
-424.4868,41.21833,-13.84539,18.128536,-7.0205483,-9.44057,-3.3535094,-20.898523,-5.850072,-0.8673445,-14.208307,-0.8132654,-5.1053243,-3.5817673,-6.0726385,-4.1758995,-2.0960026,-3.5950148,-4.6117887,-3.5464041,-2.4431775,-6.4691944,-2.299686,-4.2198324,-3.971358,-3.1808565,-2.564994,-1.4693382,-4.2406473,-4.238075,-4.086988,-2.0096982,0.034847364,2.108058,0.95368624,-0.049563546,-0.75086385,0.92229927,0.74919575,0.8189002,angry
-336.19052,35.00965,-21.05158,15.184061,-7.485177,-14.109418,-2.1842558,-15.69808,-5.0481215,0.9293401,-11.127832,-0.63910013,-4.57272,-4.48925,-5.187011,-2.7323005,-3.6005254,-5.6398463,-6.174129,-4.2778845,-4.40421,-7.349513,-3.9708867,-6.4574585,-5.383431,-1.8023169,1.0031523,6.2320304,5.829858,2.7618296,0.15316881,-0.19085416,1.888168,1.9452626,2.8572004,0.5588595,0.021694379,1.4220306,1.9559034,1.4350065,angry
-358.93008,33.977303,-26.003426,14.437401,-4.8037214,-12.60675,-6.7672143,-16.9058,-4.3229814,0.8129112,-12.430649,-0.051456507,-5.794003,-4.854101,-6.6884627,-4.9860554,-5.60749,-6.0800514,-7.757026,-3.6288722,-5.5381346,-5.578589,0.47354454,-2.3119488,1.8445492,2.2388215,1.9649063,5.381157,2.9394748,2.8295846,3.08615,2.5078318,1.9646546,1.2001989,-0.117799446,-0.7705767,-1.0393897,-0.0022165026,0.93517816,-0.5680296,angry
-366.11874,33.32059,-17.659082,12.209425,-7.8882203,-10.274314,-5.411318,-19.246813,-5.764938,-2.1069746,-12.420541,-2.0365462,-4.1927476,-3.190685,-6.8927193,-3.1603768,-2.3477972,-5.8901224,-4.5411596,-4.453651,-5.220727,-8.04557,-3.3423975,-6.1993084,-4.0953135,-4.3926177,-4.436221,-2.575725,-1.1173631,2.229606,2.4174535,3.9834988,2.737368,2.246836,0.9681019,1.0247531,0.169357,0.46073043,-0.43907768,-0.44895568,angry
-366.91714,30.248848,-21.836065,13.979032,-8.74782,-13.334687,-6.0640006,-18.66053,-6.761694,-1.5507349,-11.479172,-0.755827,-3.688804,-3.829621,-6.8846784,-4.902314,-4.287344,-6.875348,-7.8934417,-5.6775146,-5.7225103,-8.087845,-3.7885907,-4.7490053,-1.2065557,1.9005928,4.142865,5.790183,1.8966374,-0.5333193,-1.8900583,-0.13087429,1.8860524,2.103661,1.9225769,1.6062686,2.324527,1.7804945,0.46961367,0.5072201,angry
-547.4027,58.07359,-6.490535,22.052382,-4.4053373,-2.1418362,-4.7697997,-14.444879,-2.422214,0.5176916,-11.4722805,1.4382974,-0.0020333084,-1.5487069,-2.7662446,-2.8126056,-1.4473572,-1.6995937,-3.4377654,-2.362858,-5.122164,-3.6558335,-0.65866816,-3.0371344,-1.2363225,-0.2501968,0.4849622,-1.1082615,-2.0700495,-1.8279312,-2.5637085,-2.7351546,0.5046471,-2.0492113,-3.5676382,-0.5139582,-1.082531,-0.8424401,-2.0166893,-3.8891428,fearful
-557.3452,56.082962,-8.473532,20.018406,-5.07479,-3.8867056,-5.1612754,-13.603026,-3.1840684,-0.22293466,-10.61477,-0.40782285,-2.2626119,-1.2992616,-4.207757,-3.048885,-0.94931406,-3.7135434,-4.7288766,-2.7862406,-5.369003,-2.9051225,-1.4164445,-2.515027,-2.0553825,-0.19838744,-0.031142518,-1.7284948,-1.686946,-1.696457,-2.2782683,-1.7616575,0.9320136,-3.0819173,-3.6922102,-1.6546408,-2.1945229,-1.7593008,-2.4135082,-3.0644946,fearful
-565.1778,50.943584,-5.9652543,17.375427,-0.16540308,-1.0326333,-4.941573,-11.559441,-1.2163033,-2.5970175,-8.836391,0.5312094,-0.9214178,1.3650354,-4.355883,-5.146518,-2.1081395,-2.199396,-5.17035,-3.0967488,-3.8927982,-4.277023,-0.5481584,-2.8626368,-1.8749645,-0.8425309,0.2524081,-1.9317515,-2.9739726,-3.0278528,-2.2665737,-2.7714224,-1.2335429,-3.6921136,-4.903939,-2.2129824,-2.570131,-2.5525343,-3.9086866,-3.3587277,fearful
-582.19104,54.775124,-0.9964596,14.945439,-2.034419,1.219064,-4.474825,-11.65367,-2.7797534,-3.212334,-8.464469,-1.6994369,-1.467979,-0.7892494,-5.0302367,-6.4482584,-2.6366177,-3.452519,-5.4330006,-3.3563354,-4.6035757,-3.0283754,-1.3557351,-3.4019902,-1.3303373,-0.3352731,-0.23765585,-1.9892257,-1.6538005,-2.5590992,-2.139674,-1.9784181,-0.12279311,-1.9499872,-2.8840537,-1.5622176,-1.8134118,-1.3132541,-3.2302341,-3.1585658,fearful
-485.44507,42.871464,-16.553535,17.49276,-3.6082625,-9.334888,-5.5901027,-14.653536,-3.550783,0.525149,-11.045826,1.6238798,-0.9648578,0.4029036,-5.1590424,-5.5529566,-1.9748878,-6.0047026,-3.6284184,-4.029757,-3.755485,-3.2150292,-2.2624063,-2.8128746,-1.6083322,-2.2078125,0.43088502,-1.5158937,-3.643567,-3.756914,-4.4051595,-3.1893268,-2.0418754,-1.9400164,-1.2119448,0.71049696,0.09371603,1.0478613,-0.033410378,-0.6216556,fearful
-481.20013,44.14532,-15.523576,15.833632,-4.465789,-9.994261,-6.347873,-14.33576,-7.474454,1.0734704,-12.132023,0.33916667,-2.355239,1.3491031,-5.7870016,-6.4274435,-1.5611752,-5.738076,-3.5373585,-6.016932,-3.4877777,-5.28785,-2.437768,-3.8815029,-3.3071706,-2.5360427,-0.24982469,-1.9451617,-6.2832007,-2.6520376,-3.080369,-2.1876543,-0.5481642,-1.0886073,-0.50252604,1.2932582,2.4828355,2.4548945,0.47069803,-0.30051592,fearful
-468.8532,48.584576,-13.702455,16.507912,-2.842363,-7.671644,-7.4839964,-16.263958,-7.2947555,-2.4776855,-12.316795,-1.1341234,-3.5952728,-1.1747981,-5.5318074,-7.4023657,-2.3755686,-5.597808,-5.120989,-5.0046883,-4.2628255,-5.79694,-3.4174893,-4.136263,-2.762733,-1.6933178,-0.7125505,-3.5000083,-3.5529034,-3.6259747,-3.3834949,-2.4839427,-1.8141183,-3.942385,-4.0589075,-0.33962113,-0.9394333,0.64232546,-1.3535625,-1.282239,fearful
-495.76703,47.569546,-10.208246,15.476327,-1.3264474,-7.4284043,-4.5454698,-13.430832,-6.4167376,-4.6199937,-11.882781,-0.94915515,-3.673715,-1.4287275,-5.6112585,-7.0771046,-2.7962208,-4.418593,-5.1792555,-4.5164866,-3.8170524,-5.213646,-2.403706,-5.2642837,-3.6548574,-2.2547324,-0.87262887,-3.0018578,-2.5632381,-3.509835,-4.452898,-3.024719,-1.7435129,-2.6706705,-3.2142937,-2.474394,-2.3104606,-0.15038277,0.1870272,2.3901076,fearful
-538.28235,54.02502,-5.827324,20.24059,-5.0702047,-4.746543,-1.4730871,-14.453658,-2.6384711,0.98999333,-9.583579,-4.248024,-3.9159303,-2.841583,-4.8414025,-3.2220857,-1.632783,-3.5365663,-4.1054025,-1.736726,-5.0634103,-3.5074685,-2.169897,-2.993473,-2.7892566,-0.3810629,-1.2901747,-1.6579423,-1.8285384,-2.8469522,-2.4385076,-0.4788101,-1.1067529,-2.2821748,-2.274883,-2.730393,-1.2057102,-1.374125,-1.8491515,-3.1221023,disgust
-542.86084,54.24621,-9.915852,22.752113,-3.862173,-4.3832474,-1.0390898,-12.298182,-2.3999004,3.140171,-7.077129,-2.0780594,-1.6519535,-2.6574657,-4.0908813,-3.8261333,-1.4860237,-3.2550745,-1.6721344,-1.7156124,-5.3834867,-2.67334,-2.3984013,-3.4045672,-1.6651369,-0.5897244,-1.6220924,-1.4651158,-2.2534165,-1.7937328,-2.8080099,-0.79924184,-1.4124241,-2.2889361,-2.479919,-3.0459118,-1.5385866,-1.0233927,-2.741506,-2.7513976,disgust
-543.70984,55.400543,-7.2495394,20.491444,-2.1760147,-8.416822,-4.645166,-12.582618,-1.9051619,-1.354802,-10.667812,-3.064756,-3.5429688,-1.4606354,-3.7647362,-1.5962937,-3.1218798,-3.1790905,-2.7352245,-2.4209766,-4.419152,-2.7065802,-4.2686596,-1.6541295,-0.68179494,-0.8697269,-1.2006325,-1.0607473,-1.7630521,-3.9527953,-1.4447548,-1.0865419,-1.4503465,-1.65979,-3.052703,-3.2215807,-2.5039544,-1.9958898,-2.9706023,-3.8548915,disgust
-539.7774,46.07061,-8.668702,20.696194,-4.36089,-8.687256,-2.1395473,-13.611093,-2.3694136,-0.61013293,-7.837625,-2.7390156,-4.697248,-2.7993343,-3.9142973,-1.7431761,-2.3236532,-3.5729241,-2.7384405,-0.2038748,-3.9934123,-3.0282376,-2.6892931,-2.4010293,-2.3131266,-0.8375899,-0.6970139,-2.3254602,-2.5293493,-3.4286332,-2.187652,-1.0730481,-2.1391695,-2.0396397,-2.2899868,-2.9308362,-1.4967598,-1.6432432,-1.8001882,-2.4610386,disgust
-573.71155,61.397606,-9.692491,23.21537,1.6894162,-2.4369452,-1.1259552,-10.971422,3.409388,4.8426356,-3.9875648,0.5893995,1.6458523,0.8580613,-3.2762332,-1.9250381,-0.25552964,-1.9739112,-2.907034,-1.3351865,-4.648229,-2.9844246,-1.7051864,-3.2068853,-1.8994179,0.53009,-1.1302531,-1.1388388,-1.5809759,-1.4788805,-2.0463073,-1.2921091,-0.28346387,-2.2019598,-2.7617245,-1.8206446,-1.8397679,-0.7406993,-2.4052682,-3.9454217,disgust
-569.5645,57.094513,-8.619608,22.77174,-2.4152195,-1.1167206,2.2286038,-12.390008,0.24263881,2.9910607,-4.069976,1.3989544,-0.16496417,0.33924448,-2.6358495,-2.19836,0.5594985,-0.6580504,-2.1014652,0.32349756,-4.4568896,-2.1972291,-0.37123558,-2.9177744,-1.8040187,0.8801971,0.2639173,-0.59596944,-1.8505849,-1.1381834,-0.92893237,-0.9293043,-0.43086073,-1.4742447,-2.7270362,-0.7321964,-1.6733847,-1.0425724,-1.1071815,-2.0497203,disgust
-565.3707,52.053314,-5.154864,22.365921,-1.889922,-3.903123,-0.9262919,-10.894003,1.0779974,2.7270048,-5.6289835,1.0620906,-0.5909791,-0.012694133,-4.9293327,-2.9609063,-1.5705912,-3.3784013,-3.1880536,-0.41548088,-5.8461275,-2.4976509,-2.8398738,-2.7260094,-1.1151577,-0.6725256,-0.9571148,-1.6454781,-1.5928024,-1.943302,-2.149737,-1.0609733,-1.0683167,-2.3479638,-2.266226,-2.327654,-1.1864011,-1.5418769,-3.5128474,-3.369168,disgust
-568.4727,64.05269,-0.061081313,25.567795,4.3208838,-0.68548596,0.54197645,-10.335107,2.0719755,7.108764,-2.0327532,3.5789921,4.0620556,1.1360835,-2.8063927,-0.4652432,-0.51718235,-0.9536971,-2.1673868,-0.0709492,-4.591867,-2.2758095,-1.4500287,-1.902279,0.0031757392,0.7606811,0.2543202,-0.862594,-0.19854566,-1.3953683,-1.5180862,-0.660599,0.3144801,-1.5259198,-2.247437,-2.3038955,-1.4457291,-0.21059519,-1.6395841,-3.694096,disgust
-533.5227,55.61729,-6.5528736,12.575319,-4.244787,-8.781293,-5.929595,-15.788449,-4.2036595,-4.9545255,-10.877165,-1.3416008,-5.17694,-1.9116321,-5.1424766,-4.581413,-0.96782863,-2.0283556,-4.1994653,-2.8644454,-5.087279,-3.6201217,-1.5641125,-4.9538894,-1.2548133,-2.0241947,-0.41737327,-2.0116065,-2.1900668,-1.6749167,-0.8840208,0.29159266,1.5830071,-0.5554554,-2.2126615,-0.6570499,0.74208206,0.5193864,-1.2149751,-1.2574666,surprised
-556.3414,52.27885,-4.0346465,12.834451,-3.1096716,-5.2329907,-3.1104465,-14.002807,-4.999826,-4.0460563,-9.791618,-1.8668865,-5.340354,-1.9746248,-4.937064,-3.9114523,-2.2715516,-4.070399,-5.335564,-3.4805093,-4.3487206,-3.5554216,-2.0734088,-3.2377129,-0.3209437,-0.44717127,0.8655952,-0.42460182,-0.64214313,0.6619876,-0.16912116,0.14804459,1.2431619,-0.79985714,-2.2253695,-0.68219,0.31355003,0.7566108,-1.0785986,-1.6232038,surprised
-539.7083,47.044647,-8.9471245,11.820377,-4.3662963,-5.519506,-6.879441,-14.306113,-4.276255,-6.3397756,-12.488642,-2.3296347,-3.5753722,-1.0381882,-5.5476456,-4.8276434,-2.2623477,-3.4383686,-4.5073843,-0.84171426,-1.8454367,-4.413707,-0.9459285,-3.9762492,-0.047168314,-2.3765018,0.8146196,0.7267696,-1.0541729,-1.1860003,0.0712286,0.10456488,1.6339142,-0.5729708,-1.1219717,-0.30721724,1.3652399,0.93967974,-1.177979,-0.98974526,surprised
-497.55347,49.50524,-2.876761,9.441702,-4.513356,-6.8210897,-5.1716437,-13.589571,-4.16414,-6.7356086,-10.93105,-5.083306,-5.6616755,-3.4969585,-4.37966,-3.522028,-2.767147,-5.5598025,-4.981102,-1.3999285,-3.9064043,-6.152772,-2.2846134,-3.9205775,-1.7881439,-1.73205,-0.8391059,-3.3802776,-3.1724794,-1.8540566,-0.72317874,1.0710008,0.3950632,-0.69029516,-0.41738766,-0.11770647,0.37792644,-0.06432993,-1.4747076,-1.2202663,surprised
-488.8151,40.199986,-6.206996,11.799762,-4.2656045,-9.376458,-4.9648876,-16.46781,-5.5866194,-4.726373,-12.857825,0.03873419,-5.1989546,-2.116615,-5.8786917,-5.3068447,-0.8604994,-3.4942946,-3.130715,-2.273029,-4.339377,-3.0255766,-1.3810205,-2.6580052,1.3833755,0.8282603,3.638696,2.1876194,1.9741678,0.3112895,-1.7321664,0.065133736,0.09022365,-0.45615438,-0.8592834,-0.264328,0.10113087,0.12653106,-0.3902263,-0.7022736,surprised
-498.09204,46.37022,-10.295613,12.846363,-7.754594,-11.896409,-5.5162234,-16.393639,-7.817566,-4.957157,-12.56995,-0.5175043,-5.897453,-1.4116439,-7.8974514,-6.354087,-3.2961953,-4.569337,-3.236903,-2.6817143,-3.3212066,-2.4024029,1.0150591,-1.1613556,1.7926929,0.025257379,0.6558866,0.15487842,-1.1308128,1.3202534,-2.0791597,-0.49599692,0.04359463,0.05396937,-2.013381,-1.9896634,-0.6041533,0.4197492,-1.4163381,-2.1630912,surprised
-523.28467,43.182922,-7.6693077,11.987819,-2.3375425,-7.6454763,-7.154933,-18.535988,-1.5842534,-2.6672149,-12.541099,-0.75646186,-3.8239086,-2.2540274,-5.110113,-6.036064,-0.54043555,-1.4016135,-4.9786706,-1.1950059,-2.0825906,-2.9718223,-2.0267088,-4.4116454,0.5125177,0.1571171,2.3639216,1.2672153,0.66567147,-0.11841865,-0.4437323,-0.3231241,1.2581825,-1.6375691,-2.592691,-1.4406812,1.0512654,1.5718566,-0.7821809,-1.0543097,surprised
-505.07062,40.188946,-3.3022766,11.617322,-3.4528713,-8.378861,-7.509852,-17.202137,-3.6384993,-5.307367,-11.751465,-1.8688816,-5.965131,-0.25021988,-5.5606847,-6.118264,-1.1829014,-4.1225486,-4.096043,-1.7932183,-4.0535398,-2.8627906,-1.2961626,-1.4000611,2.4891908,0.75017124,2.6280324,-0.4668353,-1.2093246,0.18994142,-0.19003098,0.62826896,-0.71701515,-1.6571095,-2.1205444,0.57479125,1.5256796,-0.5857292,-1.6121051,-0.45736003,surprised
-688.75824,49.663437,-1.1694335,7.8437076,0.31046844,-4.5129104,-6.9538136,-12.133463,-5.967443,-2.194593,-5.7411013,0.16511334,-0.5243783,-2.7557795,-7.2863083,-0.5038956,-5.02224,-4.040617,-6.184604,-3.7363687,-3.4720838,-2.4568403,-4.2713866,-2.9715598,-3.6636426,0.6018152,3.192287,3.5208821,1.999629,0.5920814,1.1023197,3.715906,5.3014646,8.431694,4.37732,3.3394773,5.469231,7.2587447,5.9099154,2.0209663,neutral
-659.5375,38.14576,-4.9222345,5.980221,0.62112594,-10.116203,-9.219579,-11.632554,-3.6041553,-2.4536104,-7.2149744,-2.801922,-0.47527733,-2.713808,-5.5291357,-1.7729332,-5.1599483,-3.6963964,-5.82629,-2.6782267,-5.184977,-2.8207579,-3.8636334,-1.4856774,0.5062874,2.61149,3.1263974,2.9880762,0.8313132,2.1987305,2.8832002,5.6024923,2.3615763,2.7219656,2.2781591,3.0976107,7.382967,7.1246643,4.2283835,1.0757407,neutral
-672.96027,47.661205,-3.47108,2.384609,1.477943,-7.0553403,-12.885891,-12.436094,-2.8109784,-1.6444304,-8.815462,-2.013142,0.1509043,-2.9848156,-5.5457206,-0.14983842,-5.5507116,-4.029863,-4.714847,-3.2680237,-4.6550307,-1.2711058,-2.8364854,-0.9703298,0.573591,3.0112562,3.2803602,4.6548476,2.2942321,3.0221817,4.582775,4.7910314,2.732239,2.9777646,0.65233594,3.0650265,4.8645635,4.4297166,1.5492142,1.6973687,neutral
-665.3,42.703995,-1.4526076,7.1479,0.7505566,-2.463042,-12.318816,-14.674575,-2.2523751,-0.88580287,-8.262023,-0.92262685,-1.64527,-2.2192068,-5.21774,0.2676832,-5.1796813,-3.3667655,-4.117716,-4.460595,-4.0286894,-2.034296,-3.3967605,-2.0469747,-1.5101078,2.3365495,3.3936493,3.784464,1.9280758,2.3485873,5.3380876,5.875746,5.3528037,3.6518393,-0.112599336,0.7084563,3.45313,6.2183285,3.9231083,1.1288828,neutral
-693.3481,38.847157,3.9660094,7.645961,1.2397757,-4.839875,-9.3117695,-7.9635506,-3.731177,-2.8877282,-7.753734,-0.7424892,-1.3502424,-1.1838264,-6.0956697,1.0961428,-5.374953,-3.174638,-4.595129,-2.5660856,-3.7566137,-1.1356177,-3.823276,-0.56044847,0.078591175,3.08653,2.3889194,2.8398478,-0.7807602,-0.33961195,1.7524253,5.3028574,4.8797584,5.9679246,1.7409145,2.364039,3.0530484,3.506681,2.784091,2.0075786,calm
-669.43884,43.08606,-3.314719,9.802184,0.8198827,-4.769616,-9.034908,-10.338965,-3.5024555,-0.76224995,-7.2185264,0.11936531,-0.53390414,-1.0390524,-7.138897,-0.9187663,-5.729604,-3.8084311,-4.1961126,-2.0390294,-3.084883,2.0792308,-0.7830586,2.471246,0.679226,0.84133434,0.5287965,0.464068,-1.460804,0.43368313,1.2787561,4.3090596,3.141273,2.4194856,-0.3081188,-1.2867879,1.6494733,2.950133,2.4467752,1.7829664,calm
-676.40344,43.153484,-2.146179,3.7531142,0.23590347,-6.8112445,-13.266475,-8.438491,-2.4040139,-2.6298726,-9.515031,-0.40142414,-0.54738563,-3.9482706,-7.0416565,0.0051844036,-5.27855,-4.6705246,-5.894195,-3.814762,-3.4885342,-0.87066585,-2.1371455,0.8056757,0.15322602,3.0268347,2.5106285,2.148892,0.19538443,2.274458,4.980725,4.6674743,4.2680764,3.9484155,1.6030322,1.1741623,1.0532702,1.6795305,0.6968278,1.3836278,calm
-666.0907,42.89059,-2.774436,6.4300027,2.5499487,-2.1101105,-13.972666,-11.831321,0.022888226,-1.8125116,-9.589397,0.15275888,0.55234367,-1.621913,-7.2807302,-0.6404394,-3.401922,-5.0280333,-4.556316,-2.4099386,-3.5381894,0.023674082,-2.8827708,-0.19129562,0.9781049,1.6702173,0.955555,1.8887519,-2.006506,1.7334787,5.499074,7.05609,5.064786,3.1708195,-1.111512,0.47062635,3.4281144,4.640223,0.85439444,-0.81186825,calm
-673.52234,41.32685,-2.2440584,8.476161,0.48739088,-3.749441,-6.8613276,-6.4018,-2.4112532,-1.552603,-8.128567,-1.6975911,0.5278902,-1.5662781,-8.135539,-0.24932288,-4.921676,-3.6088216,-5.330403,-1.682933,-4.5701823,-1.3568492,-4.5930185,-2.1289957,-2.4273777,0.8756863,3.6144214,3.6098483,0.8505261,-1.4017603,0.1896341,2.8119745,3.2902312,4.722516,1.905659,1.7048986,3.3873334,6.461821,4.3434396,3.3376243,calm
-675.8577,41.88432,0.93636566,6.4305105,-1.7444965,-6.3378797,-7.8038187,-5.707179,-1.3095373,-3.7724397,-6.983235,0.46522883,-3.0774474,0.12350264,-7.7115884,-1.0206596,-5.5412903,-4.236785,-2.7894309,-2.5186238,-3.2666497,-2.7136374,-4.4465156,-0.67337,-1.1311024,3.4766502,2.6398861,2.3099532,-2.2313857,-0.6701502,-0.9175291,3.9556167,3.2205963,5.644998,0.8000693,2.6006367,4.4265547,5.9381433,4.383791,2.9713862,calm
-666.89215,50.439518,-9.72192,2.7294917,-0.83122903,-1.1661712,-12.741707,-12.677883,-2.6130955,-0.30662218,-10.375736,-1.6036991,-0.687258,-3.0384998,-6.7199984,-0.8415491,-5.472933,-3.8102937,-4.8346415,-0.83549595,-3.179922,-0.7541232,-3.8330064,-0.9035696,-0.38034555,1.5328526,4.304165,5.1226487,4.52162,3.6132119,5.560983,5.9910793,3.4823432,4.5308266,0.7298579,1.3469763,2.4716356,2.781034,1.7303747,0.5222241,calm
-659.1274,46.431725,-3.594692,6.4662886,-3.6755006,-3.4595478,-14.255608,-13.37052,-3.1514354,-2.3041086,-9.397852,-0.4716943,-2.1210926,-2.8526235,-7.0864477,0.56358546,-6.5057983,-2.7883756,-4.690067,-3.1473427,-3.7091913,-2.1526415,-3.1994667,-2.0269527,-1.6964606,0.5078986,1.3492402,3.2093554,1.6313316,3.0057352,5.219026,5.84808,5.631353,3.668368,-0.722694,-0.27136102,2.834829,4.078229,2.3994026,-0.6739387,calm
-615.979,50.60139,-13.3442745,5.0490294,-1.4152869,-9.245004,-13.527343,-12.889848,-4.067992,-5.898946,-9.602605,-2.692541,-5.8068814,-2.4280558,-9.162858,-1.3585705,-6.5174556,-5.4211926,-4.7533703,-5.499858,-2.831652,-0.41771856,-3.242484,0.2812543,-0.28432533,0.65139556,0.4992161,3.821096,2.3491862,4.8037825,5.4682093,6.420718,5.2482123,5.764462,0.3072512,3.237975,4.127787,5.0358567,2.904598,-0.7403482,happy
-631.6683,40.251083,-20.072706,3.7724125,-2.7186346,-12.4507,-13.871576,-13.922268,-2.9400191,-6.267408,-8.510703,-2.101857,-2.855129,-1.634534,-9.5276375,-3.4702988,-4.0434637,-4.7194204,-4.589025,-1.9713026,-0.5382216,4.9996986,1.0891322,2.7590353,-2.5281358,-0.75522065,1.754058,5.442732,3.3985586,0.9099911,1.0484539,3.3156948,5.851809,5.1416736,2.0251818,2.963171,3.7892425,2.397886,-0.14256707,-1.4873698,happy
-632.54944,40.289337,-7.907118,1.0709959,-3.470703,-10.457485,-13.844464,-14.007608,-3.045301,-4.6751714,-8.862744,-2.525515,-4.2250195,-2.1567142,-9.798642,-1.142773,-5.852781,-4.3166814,-4.430467,-3.3349237,-4.6844783,-1.7773793,-3.0706758,-1.9511946,2.3924513,5.8710837,7.315741,9.825893,3.554681,1.8355366,1.8833025,2.5532188,4.130253,4.1752977,2.6409943,2.9923425,3.525286,2.6778784,0.33358666,-0.29693353,happy
-634.6559,42.29069,-8.3812065,-0.77923375,0.7956395,-8.320337,-13.570231,-12.653278,-2.4923186,-4.7859883,-8.50741,-0.3460361,-4.161746,-2.1915534,-7.706618,-0.39824033,-4.4621997,-4.034024,-4.3278456,-3.3647156,-4.5464354,-0.8691316,-4.2772474,-1.2534353,-1.0421648,1.6595161,2.751056,0.51474565,-1.5988567,-1.7017787,0.057267815,1.7895794,1.8651661,3.626822,2.5249157,5.182011,6.973276,6.0705,3.9972007,1.7984015,happy
-488.96255,26.219631,-25.34886,-5.552209,-10.6279745,-17.278894,-14.342127,-17.81687,-6.193467,-4.7421665,-11.262695,-7.142145,-8.157566,-4.731115,-10.471634,1.8436248,0.2568678,1.6716332,1.8635293,-0.056658622,-2.2017632,3.0334673,1.8016908,3.6843705,1.2867936,-0.84218085,1.1076746,2.626338,0.24983607,0.0176061,0.81541747,1.5354652,3.97075,3.4232476,-0.41653213,-0.31233534,0.6170875,1.1086954,-0.5266954,-1.6408619,happy
-486.62332,30.617401,-18.648596,-1.9804685,-6.35126,-16.434486,-16.217932,-15.741622,-6.6851177,-4.736596,-13.641412,-4.364221,-6.894542,-6.750529,-12.40584,-4.2478037,-3.4449413,-0.6378651,2.155461,2.872466,0.39694774,3.3397162,2.4649208,5.881361,2.6424384,-0.822429,-0.19547743,1.1591089,-0.06398494,0.38320598,-1.8975955,-0.8744343,2.8607748,3.7896652,-0.049600158,0.55525273,2.3337944,3.0333524,-0.22025605,-1.6767204,happy
-491.27502,25.728258,-10.647794,-6.840493,-4.3005104,-14.176793,-15.433715,-18.718098,-5.338972,-8.688047,-14.084426,-4.619787,-8.356096,-6.561928,-10.91343,-2.4613225,-2.7632406,2.7533824,4.2212343,4.621544,0.6340436,4.6247463,1.2890555,1.0987035,0.28961846,-2.5072896,0.45162812,2.8573852,-3.3201501,-1.9203941,-1.8848548,2.3954213,4.971106,3.4026215,0.039558675,2.4505818,1.1728399,-0.6801301,0.28223208,-0.31606692,happy
-514.47705,30.071045,-21.636898,-3.7813392,-5.6376624,-16.67423,-16.680788,-17.404333,-3.6068144,-7.1145864,-13.664151,-4.30679,-6.7704864,-8.16317,-9.791528,-3.6270387,-3.3940268,2.2985492,2.6138198,1.8069791,-0.92565733,4.524751,1.6541184,6.970806,3.7882824,1.1742076,2.095787,2.4238925,0.21200761,-0.8012529,-0.90614295,-0.2274009,3.8971577,2.9265692,0.44299755,2.0650477,2.5673137,3.5191479,1.187082,-0.46068102,happy
-646.01,45.83083,-8.408851,8.503114,-0.7462551,-9.303713,-10.52809,-13.686474,-1.6735177,-4.2973685,-5.903065,-0.59961736,-1.9663267,-0.9530399,-4.0926504,-1.6129073,-3.957586,-3.754564,-4.431687,-3.228517,-3.528812,-2.254681,-3.7754786,0.27514923,0.31079054,2.5980484,2.2883217,2.4672792,0.092866115,1.0259137,1.2158202,5.09095,3.464577,7.5677586,4.063112,5.4165883,6.111218,3.1537337,0.22223082,-0.847387,sad
-626.3526,40.192905,-12.280189,3.3122525,-3.1445458,-11.627347,-13.373267,-14.411881,-2.8847756,-2.1844988,-7.5765233,-0.8739959,-2.9766805,-3.025852,-6.4526258,-3.16746,-4.4505525,-5.308285,-4.9241285,-3.2840648,-4.1578946,-1.1830852,-2.6918862,0.5646154,0.38103902,2.7320914,2.4415538,3.412339,1.7281886,1.9959134,2.191339,5.868288,7.0864067,10.989785,8.26902,5.1874785,0.6637146,0.35879922,0.49532026,2.1321523,sad
-617.49945,37.590843,-11.402009,0.8474519,-2.1848323,-6.982631,-18.977694,-17.369291,-1.213152,-1.6424325,-10.124855,-1.0107929,-3.8065598,-5.4014945,-5.7365403,-2.2066317,-4.963579,-3.7900927,-3.0999894,-2.8227358,-5.0940933,-2.8240724,-4.9250526,0.6907468,2.1577222,5.632999,5.4727173,3.8442945,0.2359662,0.98156023,6.3881664,10.782127,10.090313,9.005734,2.7592885,0.9773101,0.28218558,2.8676462,2.4214427,1.3630128,sad
-610.01385,39.81326,-9.6615,-1.0422992,-2.9946642,-6.2472563,-18.942451,-17.37324,-0.31324357,-3.7194383,-11.135689,0.78748846,-3.2680018,-4.610165,-6.6846824,-0.80770946,-4.0329633,-5.4220586,-4.112485,-2.8764439,-4.572568,-3.3777816,-4.4718904,-3.0739725,1.1598171,3.919088,4.958328,5.30748,1.4457909,3.5815277,6.025955,11.588437,10.474196,10.035224,1.8254317,-1.2448665,-0.07767894,2.2580361,2.9371996,0.9644703,sad
-618.1954,42.23139,-13.145687,4.271622,-2.7530704,-11.254329,-11.334196,-15.361981,-5.1339645,-3.01026,-9.909944,-1.0576965,-3.568122,0.87564546,-9.198506,-3.1998293,-4.554853,-4.1147695,-3.953538,-3.0391002,-4.4232397,-1.3606904,-3.2374983,-0.59229076,-0.8397212,3.5142815,5.209408,5.717348,4.029333,4.479083,4.322096,7.755186,8.670629,9.616412,3.2440677,-0.7354381,-1.1058229,1.5279857,3.3979633,1.8981048,sad
-596.2502,33.823936,-12.834708,6.1653867,-5.568146,-13.855035,-14.388996,-14.7851925,-5.903154,-4.9420834,-7.6181154,0.07848363,-4.771797,1.4053375,-8.130841,-2.796697,-3.8596144,-4.194082,-4.3813915,-3.4077103,-4.8112507,-2.8590214,-2.8264253,1.0730877,1.621676,7.337885,7.302618,5.8549547,5.1294594,7.1478457,9.461926,10.403051,6.325885,2.0243545,-2.8089602,-0.39562064,1.0430351,0.77011824,-1.6830499,-1.6550052,sad
-624.1987,36.02429,-6.9989862,0.6937983,-0.22602572,-7.7992387,-15.791871,-17.661575,-6.1332107,-4.1993647,-11.6305895,-1.6653357,-5.1640124,-0.27547455,-7.82105,-1.1548493,-3.9193606,-4.451165,-5.655174,-3.7702277,-4.222969,-3.359865,-4.5760713,-3.249645,-1.989956,2.5057473,5.054052,11.614243,9.926893,10.797918,11.17007,10.830073,6.857201,5.147724,-0.0032968812,-1.2104442,-0.37821642,1.3083175,0.39143366,-0.6843986,sad
-606.278,36.370045,-6.085979,7.6196957,-2.5735958,-11.622764,-14.320491,-16.416117,-8.616888,-5.2834167,-10.636768,-1.0957807,-7.1106153,0.101398535,-10.0088215,-1.0775505,-3.7618082,-5.062109,-4.7151437,-4.431043,-4.7040772,-3.454137,-2.6897511,-0.9483491,-3.0059724,-0.5817053,0.52693784,7.213393,8.310781,12.778296,12.821619,12.140097,7.142034,4.5749116,1.7012095,1.0528885,1.8611305,1.2904313,-0.065862305,-0.2875567,sad
-571.7526,37.907455,-5.9334426,4.036843,-6.3970447,-9.7392025,-10.626581,-11.601929,-5.1052685,-1.2802905,-10.308242,0.23442316,-5.6137705,-1.555828,-6.8714323,-1.529382,-4.327716,-4.8754725,-5.1639915,-4.9832206,-4.8929763,-1.679437,-2.1250253,0.08518372,0.39107627,0.096077226,-0.09588237,0.9519665,0.43264458,2.0458028,2.199554,1.0434092,1.0973533,3.061158,2.7248876,1.392026,2.211611,1.2055358,2.2341654,1.4609468,angry
-607.3387,42.63774,-3.6541464,4.9454193,-4.916644,-9.757947,-7.00814,-11.160541,-4.739563,-1.2608016,-8.517071,-0.15001678,-5.7006273,1.0295241,-6.7205534,-1.1447183,-4.442786,-4.1501403,-3.903556,-3.1963954,-3.7110925,-0.3938295,-0.63671744,1.1305264,-0.36623353,0.4501945,0.8774823,2.5829718,1.6268034,1.0220382,-1.1398177,0.22779506,5.4940166,8.183693,5.0693755,-0.17120554,-1.6993871,1.9741263,3.1070223,1.2757856,angry
-558.4535,34.642635,-11.397306,-0.08860022,-7.744613,-10.001208,-11.978318,-13.706642,-5.217121,-2.265297,-10.249011,-0.3990822,-7.3376675,-2.5322275,-7.9693565,-1.4836187,-4.5046415,-4.401786,-3.1554782,-2.2140825,-1.2611216,2.202745,0.5618892,1.0539569,1.2766794,2.5761738,3.964204,4.064429,1.0507619,0.5802615,-1.1562085,0.48990643,3.3838704,4.006892,2.9634767,2.2199435,0.29189512,1.9768614,0.56899804,1.393953,angry
-532.9687,35.72337,-10.630778,0.63236076,-9.427711,-10.017353,-11.977744,-17.058308,-7.71837,-3.1947706,-13.388276,-1.5617517,-6.7905073,-3.8689232,-7.8837194,-1.7180381,-6.0953846,-4.6947675,-4.5004754,-3.9561658,-6.788471,-2.1431704,-3.8472183,-0.64919674,1.0771292,4.3562846,6.463609,4.96175,1.9619964,-0.8751209,-1.9659375,2.1044202,5.0674086,6.0287166,4.8709993,2.079299,1.5320579,1.1035305,1.3695537,1.5303168,angry
-469.60837,25.534035,-17.649195,2.2663128,-13.1011505,-13.940106,-11.734151,-15.676177,-3.781637,-6.40098,-8.988503,-3.776685,-6.4418325,-2.127455,-11.623331,-4.154887,-9.137929,-4.9474077,-0.666392,1.0365492,0.25759634,0.9970969,-1.3743691,3.0145295,5.2363405,8.321649,6.359961,2.9767842,-0.43359607,-0.87502486,1.6907656,0.27902538,1.6682608,0.39234754,-3.0426872,0.102478154,1.0458378,1.8436278,0.0419158,1.3671532,angry
-480.09274,29.469479,-18.192562,0.21243611,-10.696146,-12.822643,-10.055672,-16.100468,-6.4102554,-4.0167823,-11.569486,-3.4300158,-7.730248,-1.49509,-12.072688,-3.170929,-6.7800503,-6.967348,-4.0718403,0.091590755,1.6698533,2.985599,1.7883496,3.0284467,2.7281454,6.1240454,6.722446,5.369148,1.2416095,-1.4287593,-0.7425427,0.22430189,2.9065871,2.016812,-2.2645962,-2.523952,-0.018784711,3.092541,1.0975091,-1.908699,angry
-422.3542,18.007557,-17.542568,-1.0991424,-12.865937,-11.484828,-12.407346,-19.440397,-6.5768924,-5.9560122,-10.806972,-3.2962673,-8.880347,-2.12768,-13.188911,-3.4916964,-10.096663,-6.553031,-2.716443,-3.0464833,-2.4125774,2.660198,3.881585,5.881341,4.6544433,4.213074,3.980887,3.5240235,1.2398623,-2.368711,-0.17643394,-0.99355435,1.6449718,1.5951872,-2.2498121,-1.2471787,0.86624074,1.5683395,0.38914287,-0.35957676,angry
-428.18088,17.237717,-22.409527,-1.6411544,-15.702944,-12.972828,-14.603154,-19.878328,-6.3436723,-4.556308,-12.5349455,-2.8287418,-9.386082,-4.469623,-13.830361,-3.4019923,-9.111647,-4.514759,-1.2856165,-1.6374253,-1.044072,4.06373,5.744035,8.435879,5.9550714,4.6488166,1.0079073,0.9305356,0.35667714,-0.32330507,1.377686,-2.4034402,-0.07001618,0.23153594,0.8636412,-0.6598639,-2.5347435,-0.2134021,1.4685723,0.8231461,angry
-576.2381,28.644796,-14.607841,6.0996437,-6.045718,-13.7367115,-15.566923,-14.851798,-4.0978456,-6.3784256,-6.9186735,-1.1504458,-4.607133,-1.7760726,-10.081899,-1.8283201,-4.5824847,-6.5251985,-4.1989074,-5.829117,-5.636376,-3.459987,-1.1677457,4.2010875,3.9479713,5.597702,3.4330158,4.5307636,4.6324396,9.138726,10.788537,8.58291,3.887502,2.7487886,-0.08494885,0.88627636,0.08174638,0.79123974,-0.098547526,-0.93045247,fearful
-562.6024,30.601168,-12.821461,4.7120385,-4.9510627,-13.015488,-12.406694,-14.220262,-6.027894,-5.5224624,-8.775528,-1.1564497,-5.0480824,-1.2182614,-9.36872,-2.2786782,-5.300751,-5.536031,-3.7850978,-4.1221676,-5.3151774,-2.721013,-0.30244946,2.5799682,3.532064,5.405516,3.2265036,6.034931,7.1836686,10.724204,10.437958,9.124286,3.183975,1.6148496,-1.392821,0.4969337,1.225894,0.758272,-1.5931051,-1.4523792,fearful
-552.14325,27.670212,-20.167482,4.41681,-9.688973,-11.632409,-20.291801,-16.358156,-2.745688,-7.2829976,-8.14259,-2.0946524,-2.371808,-3.5443606,-8.374405,-1.9879639,-5.0980606,-5.991116,-4.5507793,-3.9728582,-5.193638,-2.4863517,-4.631601,-3.2807095,-0.638687,4.092894,7.5764937,11.785776,9.202605,11.322376,9.376875,7.9099493,3.598345,3.4958267,-0.09581037,0.188665,0.41570628,1.2405946,-0.19463408,-1.6746372,fearful
-559.5419,30.483433,-16.625973,0.7949207,-5.56994,-14.077832,-17.380487,-16.337679,-1.7946275,-4.760396,-9.459325,-0.5136048,-3.47207,-2.4208162,-10.412346,-2.854072,-3.8587618,-6.834985,-3.4928017,-4.5098267,-5.316766,-2.5434172,-2.2778833,3.4226913,4.4015307,6.4225507,4.7512903,7.1226377,5.2743173,7.6876264,8.457953,8.7210655,6.8158,4.0563445,0.6650337,-0.191353,0.71462333,1.4765438,0.23012318,-1.5308263,fearful
-491.31735,17.062346,-21.718588,-4.5529737,-12.968392,-16.993704,-17.709936,-14.870858,-6.0998216,-7.8123426,-12.175212,-2.2118983,-6.9185724,1.237963,-8.380206,-1.08374,3.0607953,5.4156103,12.877577,11.954309,6.5854287,3.6269767,-1.3903811,1.2061679,-0.87615,0.93958044,-0.17096975,1.1536703,-2.6108205,-2.8326607,-1.0298746,0.9784299,-0.16271387,0.26347414,-0.12670411,1.1519623,0.67534685,2.006982,1.1919739,-0.93420875,fearful
-471.19873,13.850937,-20.098083,-1.3140647,-11.228636,-15.463639,-17.095243,-15.178428,-5.768378,-10.770473,-8.70413,-3.1817677,-7.298261,0.18465915,-12.09816,-1.0151402,-1.5750649,-1.0774935,4.3676796,7.2142215,9.231793,7.6876817,3.5646396,3.8862,0.9420623,2.5912309,0.6080853,1.6927377,-2.793511,-2.8469212,-1.2132978,-0.088129796,-0.09256749,-0.5923919,-3.4693992,-1.361679,-0.8054837,0.38565582,-0.017773816,0.591067,fearful
-469.18698,10.743624,-21.543432,-0.54960215,-10.855366,-20.528116,-20.233387,-16.062145,-6.348014,-11.174533,-11.082544,-3.0924635,-8.471622,0.54450613,-13.750973,-4.249093,-6.4218535,-3.282903,7.15099,11.820508,14.662704,10.880731,3.9308574,0.2637251,-0.3893234,4.0896997,3.0688868,-0.12313909,-3.5720918,-2.7687795,1.4141021,0.6860596,-1.4879559,-3.452201,-3.8742003,0.11884912,0.71052295,1.9752481,0.7112215,0.9785298,fearful
-467.77557,8.1623955,-23.577621,-3.0845838,-11.143248,-19.359598,-17.56535,-15.815576,-5.91195,-10.562324,-11.085871,-0.58415663,-8.868334,-2.0556965,-10.675818,3.0945911,9.599824,10.844191,11.902016,7.7771173,1.4734741,-1.356793,0.66372955,-1.0101088,-1.7407945,0.80971426,-1.679338,-0.23625964,-4.955152,-2.7917268,-0.57714725,1.0978925,0.3176493,1.5932589,-0.26373553,-1.5611066,-0.32196343,2.6573195,0.40193292,-1.2580013,fearful
-581.3744,38.980473,-16.391525,2.6310418,-7.9466715,-11.28984,-11.254245,-11.818429,-5.2412524,-3.7143133,-9.981192,0.26068145,-8.273914,2.8781323,-8.973712,-2.68856,-3.3501155,-5.252324,-3.643328,-4.208238,-3.376666,-3.969968,-3.101192,-2.0434148,-1.1137438,0.8093899,0.27478176,2.3733566,-1.152416,0.10557259,-0.045429353,1.6035097,1.4569942,3.5535717,4.2543087,5.8447742,8.924318,8.678872,4.021195,1.3274193,disgust
-598.6659,47.292145,-20.337175,1.8345978,-5.694252,-13.348995,-10.1591215,-12.015166,-9.281921,-0.034154423,-10.98256,-0.1457702,-9.268024,-1.2215863,-7.3010154,-4.0427313,-4.88259,-4.8372884,-5.1929426,-3.9103324,-2.567635,-2.6611428,-3.0034926,-1.5767177,-0.9294577,1.3115876,-0.4983377,1.0711125,-0.81087154,-1.508585,-0.08379119,2.7781844,3.2415435,4.634813,5.1545806,5.6010766,8.807197,8.459542,3.8453634,0.5877982,disgust
-600.24854,40.854122,-11.826457,0.8777212,-2.7805636,-12.889226,-13.459409,-11.449194,-4.4471273,-4.1359925,-9.953908,1.2182155,-8.921698,0.8243977,-10.700798,-0.99265295,-4.771248,-5.3213716,-4.308994,-4.881936,-2.6667852,-3.5537999,-3.3349495,-2.0407345,-2.5732737,0.9735702,0.21819462,0.8333026,-3.0292242,-3.2309694,-1.7685009,2.7638197,5.039644,7.6723,6.6325774,6.4009905,6.841733,7.424307,5.18036,4.2426424,disgust
-580.9947,42.107014,-16.150658,3.3008208,-3.7352633,-10.161384,-13.676225,-14.937245,-1.7451833,-2.3303313,-10.622062,1.1288466,-7.7189875,0.7875484,-10.587628,-2.7545156,-3.6750276,-5.0118713,-3.4927495,-3.5780473,-3.7077138,-2.0534241,-3.9686682,-3.224171,-3.830931,0.18208049,-1.0431005,0.8517293,-1.2880768,-2.174662,-0.57391876,2.6438265,3.340618,7.2458377,6.685685,9.142244,9.761102,7.377967,3.74817,-0.08689478,disgust
-536.19867,31.68675,-18.810122,2.163004,-8.071116,-14.192748,-15.266901,-10.835943,-3.686203,-2.1247547,-10.951144,-1.4167742,-8.74979,-0.5793135,-11.192293,-2.011642,-5.693527,-5.491508,-4.971344,-4.578604,-4.3969445,-4.9353476,-3.8158429,-3.439962,-2.246987,-1.2931652,0.062148932,2.7795177,2.9365053,5.260821,4.569129,4.0235124,2.7171478,3.8237445,4.3690968,4.7130475,4.508869,3.2243588,1.3581733,-0.148034,disgust
-560.4744,36.46127,-10.801292,-1.8151677,-8.65189,-12.882222,-9.70363,-9.146548,-8.315594,0.97241795,-13.683555,-1.4873711,-7.304577,-1.0872127,-7.7137938,-3.0657115,-4.789093,-6.7144485,-4.041555,-4.7105703,-5.0346875,-3.5288217,-3.3771474,-2.4870055,-2.510312,1.0957642,0.73430824,1.6598378,1.5694574,0.5152821,0.35479918,1.7844787,1.9437807,4.4815435,5.1736865,4.1405153,5.3423448,4.4832687,1.9943924,1.1796787,disgust
-558.8775,27.45304,-11.972811,-0.07996819,-7.5851154,-15.729788,-13.706833,-10.381357,-3.781033,-5.970013,-10.281577,-1.0187787,-10.141643,-0.21040419,-11.252801,-3.42117,-5.6321373,-5.976984,-5.822727,-4.338405,-6.6160555,-4.30509,-3.90931,1.2444082,0.8751595,6.0572176,3.4056706,5.182364,3.8973615,4.593445,5.8843985,6.83899,5.922032,4.362053,1.6734356,1.9922284,3.2128541,3.5060937,2.4272192,0.16093098,disgust
-529.1629,31.37223,-14.112961,3.6144528,-10.796063,-17.53145,-14.904378,-13.429818,-6.5044775,-3.0838602,-13.435141,-2.481778,-9.926991,-1.6237564,-11.834859,-2.1212616,-6.92506,-6.3848624,-5.669643,-6.45078,-6.105011,-5.148481,-5.092362,-2.1305625,-1.211582,1.6042738,1.2032665,2.8016694,4.9627676,5.892158,9.126353,8.700374,5.3621354,2.4079165,-0.08817179,1.0216442,4.6341715,3.7691748,1.6996956,-0.048595812,disgust
-588.30396,44.915806,-15.036423,-1.8540441,-5.381266,-12.154952,-10.776773,-13.292705,-4.2890115,-2.9839785,-11.941633,-2.9176822,-7.4786267,0.99257916,-5.6572385,1.2806163,0.36624214,-2.4648902,-1.2581613,-0.6452414,0.05259519,2.0468116,-0.49045846,0.07369873,-2.0157835,1.4599386,0.9660514,1.9763961,0.722565,0.8525781,3.5721056,3.3060896,1.2741565,1.3697222,-2.674853,-0.7090736,0.22919849,1.9258959,2.3039021,1.9964405,surprised
-560.59955,38.144142,-16.964832,-2.6671894,-10.168076,-15.667192,-13.083383,-15.245151,-6.0536838,-6.3370132,-11.489049,-3.3024135,-9.917472,0.26230687,-7.4941254,0.23228386,0.45284802,-1.6213211,-0.77208835,-0.4058179,-0.11171235,1.104206,-0.17092045,0.38017288,0.027598688,2.5628083,1.6105006,2.7321,0.6793172,1.9516038,3.3766925,2.6593666,1.1180251,1.6190386,-1.7073355,-1.2327242,-1.4587157,1.9339877,2.272636,1.3054342,surprised
-568.9349,40.85922,-14.716279,-4.5225177,-7.5797143,-10.803304,-17.853657,-16.80295,-3.9443948,-4.294852,-13.709983,-2.3578331,-7.9856377,0.85169554,-4.84605,1.0477563,-1.2003733,-4.033509,-1.1706918,-1.9509237,-1.8783224,-1.3396797,-3.3979354,-0.8871345,0.8142552,1.5219398,3.4586742,4.4549985,0.94472694,1.969343,2.3170655,3.9353075,3.2312026,2.3702989,-0.72017914,0.2822141,0.47962978,2.2730434,3.7138982,1.2604256,surprised
-541.98395,33.005108,-15.454453,-4.336278,-6.036941,-12.753128,-17.350256,-18.78864,-3.0855126,-5.9267006,-13.649769,0.8315447,-3.7398071,3.4500756,-6.150251,-0.7073381,-3.4890857,-2.7116842,-0.9227782,-1.8764127,-2.4525409,0.47629374,-0.60513467,1.3783464,0.15190251,1.7816998,4.435627,7.203194,3.2281783,3.8407817,2.5367339,0.58099973,0.9888841,1.8887786,0.53859556,1.4842247,1.7966254,3.7196343,2.9734907,1.8239459,surprised
-547.87006,32.721172,-15.0179205,-6.6901374,-9.165415,-13.990631,-13.041167,-16.33741,-3.208569,-3.1575077,-11.879486,-4.2981267,-7.6686707,-1.5615294,-8.878431,0.36380675,-1.0547725,-0.27673537,0.4797242,-0.10449045,1.1976401,2.2958398,-0.075135194,0.51085144,-0.5141719,2.15989,1.2593057,1.8893719,0.43186116,4.2447476,4.286363,2.7071407,1.9400806,0.3396473,-1.7922946,0.28125262,3.0096872,3.0891628,2.2739015,1.1229577,surprised
-514.2962,32.238125,-19.549295,-1.2754917,-9.1407585,-13.232034,-13.446048,-15.69516,-1.604746,-5.99317,-10.41273,-2.0881677,-7.4185867,-0.13127565,-7.2372036,1.7773468,0.6285195,-0.09717205,-0.33233315,0.09458194,1.018652,0.16757601,-3.7939334,0.2722137,-0.07346789,2.8883233,2.7634215,5.124528,3.0818481,3.180334,1.3601718,0.30697143,0.9647228,2.6883113,0.47099638,0.98607856,-0.013077566,2.359485,2.4397645,-0.054381862,surprised
-494.90546,22.486341,-13.257141,-11.545583,-7.796785,-15.139284,-15.681021,-17.811333,-6.5518103,-3.8797097,-13.850913,-2.8049707,-6.9895167,0.41890067,-2.249355,2.961534,-2.5743508,-2.8444898,-1.9094436,-0.39896846,-0.35442108,0.1353791,-1.6869237,1.269975,2.305042,0.38735572,1.876387,3.5122917,-1.1952384,-0.12543964,0.5623544,1.8614705,1.3651533,1.8857898,0.74241644,0.93267685,0.44148564,2.7213535,2.7515943,0.47475126,surprised
-528.85767,19.485437,-16.434309,-4.933422,-5.5487614,-13.95023,-13.648844,-14.159938,-3.9453561,-4.8654943,-12.598618,-5.907247,-10.854505,-3.0874245,-6.631467,3.2083967,0.80606246,-1.7660601,0.9892574,0.9054799,2.177192,8.05737,4.400908,2.5311766,0.33907312,0.24346684,1.4087714,4.6838193,0.65734863,0.29161698,0.1166651,1.5153466,2.916656,0.3059104,-2.2773986,1.060196,0.8718013,1.9419937,0.79132456,0.34795898,surprised
-634.13824,58.25971,-8.931952,16.347523,2.0577903,-7.0958304,-4.660439,-9.2027025,-9.044268,1.0121573,-6.027867,-0.39998785,-3.8088515,-0.46078655,-0.7522924,-5.9705544,-1.659115,-3.1687918,-3.7784472,-3.2935767,-3.6516254,-3.8110304,-2.4138627,-1.6079001,-3.6935198,-1.0386797,-2.4213665,-1.8069668,-2.1638339,-2.2557542,-2.2683413,-1.9108036,0.28282046,-0.035889506,-0.20595805,-0.30822483,1.4908463,2.5501125,1.543208,-1.2170899,neutral
-604.1202,55.738224,-11.2123995,18.927626,4.2611976,-5.4024096,0.8045462,-8.4258,-6.533819,3.474543,-3.1884348,0.74956113,-1.9993364,-0.8121267,1.2191626,-4.7570505,-1.0438143,-1.3411571,-2.2078989,-1.3256235,-2.5950007,-2.323572,-1.2655392,-0.58799493,-2.0409248,0.028248519,-0.9277068,-1.4414811,-1.5080656,-1.8013864,-1.5234759,-1.827251,-0.44734675,-0.78583276,0.4293562,1.1559218,3.3158197,4.528627,5.133408,4.1869864,neutral
-619.3442,50.508564,-13.979376,14.580144,0.67836434,-7.418626,-2.362096,-11.295939,-8.414706,1.0624746,-5.186984,-1.2421569,-3.2299714,-3.059394,-1.3204834,-7.362652,-2.2330441,-3.134867,-5.769662,-2.4149702,-3.4309385,-3.7542884,-3.5154803,-2.5167942,-3.1222692,-1.1224636,-1.6116629,-3.4754236,-3.6685057,-3.5127215,-4.384765,-2.5347793,-0.5722329,-0.69705105,0.022805953,-0.25884804,1.8670409,3.1047356,3.8832345,2.9414809,neutral
-612.9573,59.70805,-10.666268,15.106887,2.305565,-8.044813,-3.7358313,-12.472292,-7.8518267,0.34316763,-6.086188,-0.9366057,-3.839105,-2.8696518,-1.9137609,-7.0615664,-2.8499455,-4.39773,-5.848826,-3.2427852,-3.1680298,-4.8797398,-3.3079557,-2.4904134,-3.4831917,-0.033520825,-1.8656436,-3.297818,-2.488091,-2.6180267,-2.3324182,-1.8071082,-0.58060104,-0.8421876,-0.31224102,-0.0013750077,2.6290746,3.112522,3.657736,2.803869,neutral
-668.7286,57.940407,0.6993641,15.33002,3.7935576,-1.4860553,-1.7431358,-5.338553,-5.34381,1.1238669,-4.845042,-3.075302,-1.6271383,-0.77941155,-2.0601375,-3.8603141,-0.07635618,-1.6449009,-1.9161395,-2.5897295,-1.9640286,-4.3826027,-2.757316,-2.57092,-3.6093936,0.05770034,-1.3784564,-1.9947754,-1.3104956,-2.1112216,-3.1711063,-1.2183626,0.9310037,1.3221096,-0.48522714,-2.618554,-1.7496378,-1.2106873,-0.50230664,1.0094918,calm
-690.84186,55.319706,0.019141316,14.632591,3.2814841,-1.1003956,-5.678963,-5.4685287,-7.2180934,1.7425857,-4.9312315,-2.5472422,-2.5550838,0.49977165,-1.06311,-3.1182833,-1.5403378,-2.6841466,-1.4986299,-3.4817336,-2.620927,-3.6536555,-2.549469,-2.7619336,-4.353902,-0.45390886,-2.3551197,-2.9251487,-2.1207032,-2.5455747,-4.1715665,-3.5239801,-1.9778924,1.7365215,1.8236331,0.72414637,-0.22013617,-1.3258395,-1.8435681,-1.1474291,calm
-650.6201,52.869736,-4.7778854,12.254214,0.36280018,-3.336668,-4.79451,-7.3161573,-6.766327,1.6391755,-6.315795,-2.9793358,-3.7894235,-0.67423,-4.516577,-4.5239873,-0.695081,-3.7819014,-2.0242481,-3.3280344,-1.9649631,-4.3784575,-4.0790133,-1.8801968,-4.8502245,-1.2265327,-1.3778379,-2.4798784,-0.97561306,-1.7678516,-1.503845,0.20213598,0.4007983,-0.11670784,0.24589626,-1.5953425,-0.46876562,-0.28641987,0.5439785,0.7558138,calm
-650.85156,53.100685,-3.2559242,13.646946,1.087085,-4.2455363,-4.7175417,-7.6554193,-6.911498,0.81912243,-5.860427,-2.61373,-3.116269,-1.3614206,-3.4129906,-5.300475,-1.203188,-4.649719,-2.9724567,-3.6437337,-2.0167325,-3.7225661,-4.209936,-2.8311186,-5.381407,-0.6964804,-2.8683977,-2.3900356,-2.2589478,-1.524234,-2.6148713,-0.70904523,0.03897367,0.28438732,-0.4900228,-2.624271,-2.076111,-1.4506303,-0.71922743,-0.56754565,calm
-644.51495,59.39597,-2.5673406,12.518318,3.3504486,-3.4160762,-6.5949492,-5.6032867,-7.714725,2.5804389,-6.803571,-2.7516088,-4.62047,-0.477033,-3.3732915,-4.5813937,-1.1101768,-3.4930582,-2.4139435,-4.546786,-3.0411823,-6.086496,-3.855333,-3.3621547,-3.973409,0.022953458,-2.3628118,-4.282384,-2.5673835,-3.124367,-4.2024403,-2.735421,-1.8102523,-0.046120133,-1.4750309,-0.89157933,0.73492473,2.1293917,3.4958563,2.328573,calm
-667.0803,61.397408,-0.8678296,13.344166,5.5430484,-1.3486502,-7.067036,-5.2673984,-6.819775,3.121048,-5.719823,-2.045687,-3.5773401,-0.20874712,-1.1470853,-3.8220634,-1.2328238,-2.0241535,-1.3758223,-2.195979,-1.6504222,-4.0006537,-2.7719107,-3.1378605,-3.5207415,1.005,-0.83751136,-1.723386,-1.6270032,-1.2202022,-3.0718882,-2.4288814,-1.1741672,0.16130522,0.2111116,-0.5280606,1.5529199,1.2007768,0.60486573,-0.28034738,calm
-664.49304,55.600403,-3.3152676,15.4142685,5.2386217,-2.5235436,-7.092584,-8.413279,-5.652796,2.5105581,-5.2360544,-2.6903536,-1.130744,-0.04060843,-2.4556155,-4.420651,-0.2227423,-3.1391127,-2.6066663,-3.5013855,-2.1907299,-3.583944,-3.489333,-2.189825,-3.3240001,-0.41095734,-1.5842562,-2.9517236,-1.0878894,-3.1827738,-3.1793883,-1.892295,0.95185894,1.0882622,0.8301151,0.15595317,-0.042050265,0.5401935,-0.12719521,0.5836619,calm
-640.8919,56.896214,-3.6344085,13.955146,3.6559498,-1.9331332,-6.2365265,-8.199432,-6.9472613,3.6349893,-8.471122,-3.3961024,-3.629381,-1.0050273,-5.0389824,-5.240181,-1.4135845,-4.744652,-2.7395463,-5.0194354,-2.4988298,-4.806552,-3.7156036,-3.1295035,-4.3518853,-1.5144019,-1.7274656,-1.9751246,-1.673674,-3.9627573,-3.6497068,-2.2983592,0.030082276,0.62343794,0.24132831,-1.262027,-1.3898156,-1.4052075,-0.7628803,0.36319166,calm
-628.3623,42.91862,-11.93222,8.941152,-2.4779918,-6.7684007,-8.532682,-12.047506,-9.142046,-2.2275786,-6.0107217,-3.287607,-7.133875,-2.1133325,-2.109963,-7.3997397,-4.8443046,-4.2236958,-6.756549,-3.2335126,-4.0055575,-3.816897,0.77747107,0.56177944,0.65071905,3.013212,0.44065958,3.544733,2.7296038,1.3349297,0.53906715,-0.10840814,-0.2725171,2.2966304,0.55546016,2.2562099,1.9909894,1.4057943,0.54518497,-1.8603818,happy
-570.8503,38.947956,-10.983785,6.3948026,-1.9162233,-6.499726,-7.2603655,-10.358076,-7.4495754,-2.3271556,-6.676897,-2.031766,-7.4618607,-1.1382442,-1.8127741,-8.01609,-3.1450882,-5.5956,-5.185464,-3.4009936,-1.6219264,-1.4279528,2.4976342,1.3687706,1.3680117,3.0816686,1.8032647,3.7636714,2.3976564,1.2833822,-0.5985806,0.21809158,0.38966888,1.4346746,-0.41758206,-0.38112706,1.2623082,1.483289,3.2760339,2.414513,happy
-597.11957,38.72883,-10.744607,7.799839,-1.4932168,-7.4418073,-9.183618,-13.146572,-7.462973,-1.6788213,-7.104234,-1.9923588,-7.503727,-0.7196772,-2.818869,-6.855359,-3.0280466,-4.5256133,-6.1164074,-4.5406847,-2.8171008,-4.910183,-3.1662562,-3.2947667,-5.134123,-1.8213689,-3.60067,-2.7902572,-0.09794962,1.2483932,3.1293874,5.7689466,5.652837,4.443936,2.6991317,2.1428554,4.062253,2.467952,2.103471,1.4190412,happy
-598.6979,39.718235,-6.518476,8.751773,-0.5345671,-7.221727,-6.996326,-12.86062,-7.5055265,-1.5973606,-6.3321543,-2.3519266,-7.1981535,-0.11007202,-2.9511862,-6.675864,-2.9673142,-3.8617952,-6.693197,-4.3230634,-2.395546,-5.904939,-3.2621915,-3.6693163,-4.6747904,-2.5579524,-3.685372,-2.4813924,-0.874361,-2.2073848,-0.5783898,1.2790723,2.4655457,5.7679973,3.7907674,3.7326388,2.7282963,1.6241686,2.251236,1.4031703,happy
-498.42648,25.696795,-15.1451,-0.1778479,-5.7795453,-9.218359,-8.599612,-10.075,-9.757116,-2.2018964,-7.8893433,-4.4631815,-8.021396,-3.926332,-4.859973,-8.78159,-5.0021043,-4.4112716,-3.2341635,0.90502703,4.9182253,3.9094672,6.2809315,2.832054,0.44874695,3.0664675,0.60562944,2.8024561,0.2597808,-1.5670199,-0.85613525,-0.005345746,0.62610745,0.03725324,-1.494882,-0.84864336,0.4288926,0.10569224,-0.42628333,0.18903686,happy
-500.39264,25.829344,-16.166733,-1.0363497,-7.032826,-9.866133,-9.898775,-9.801591,-10.987921,-2.9724128,-6.6107335,-6.0682354,-9.793409,-4.033975,-5.213305,-8.817133,-4.5005226,-4.7717805,-2.2989464,0.27685556,4.7467666,3.3632133,5.4362097,1.6091392,-0.08639844,1.4947091,-0.6413125,3.3137975,0.73709625,0.2720665,-0.18485543,-0.36443326,0.326253,-1.4986379,-0.6040963,-0.5751946,0.41092402,-0.2490113,-0.8781631,0.98183465,happy
-513.1167,28.664103,-13.744738,-2.8257108,-7.507474,-12.003291,-7.666079,-12.955325,-9.871259,-1.4030292,-8.379746,-3.8432748,-10.597278,-3.6638575,-4.654085,-7.8313513,-4.039718,-5.1704392,-5.3304224,-1.4575881,0.5700926,-1.0530593,2.164389,1.6793548,-0.42292497,3.8494027,1.0143851,2.1885905,1.2452396,-0.43140087,0.70439714,1.8047614,1.7820557,-1.7196848,-1.7475227,-1.0727037,-0.5966487,-1.0122446,-0.9614647,0.07594625,happy
-539.47546,32.75385,-12.551504,1.6029025,-7.387193,-10.118936,-6.981365,-13.6928,-10.0396805,-1.2471691,-8.827994,-3.589919,-9.306177,-3.407342,-5.137465,-7.3388076,-3.1202698,-4.117884,-5.83133,-3.9686081,-0.38129085,-0.7991977,4.300746,3.4837701,0.7656144,1.928597,0.30792475,2.461579,2.257745,1.2077397,0.20919493,1.9603258,2.248285,0.5143485,0.3940952,-0.96223783,-0.6006906,-0.7139544,-1.0388038,0.95146894,happy
-684.643,56.23809,-9.008314,13.936465,4.7310276,-2.3385541,-6.3637304,-8.589652,-9.285835,-0.80366755,-6.424223,-3.619597,-2.7431922,-2.0602608,-2.5233018,-4.4569073,-3.592007,-3.254152,-2.2348661,-4.46202,-2.7626545,-3.7624638,-4.3598413,-3.1599588,-5.3269196,-3.2836356,-1.3888948,-2.4371657,-2.5598528,-3.4893434,-4.540873,-3.7422836,-3.3943033,-3.1347618,-2.6755493,-2.7518725,-2.0587406,-0.21264641,0.096470654,-0.77358496,sad
-666.51385,56.009678,-7.2323694,15.7743,2.261743,0.057077188,-6.1368203,-6.837362,-8.089357,-0.061453458,-7.13979,-4.3107634,-1.6821505,-2.0749006,-2.755569,-4.7494082,-2.362398,-4.132332,-1.6672015,-5.1129613,-2.3566294,-4.4687834,-3.2305431,-2.913936,-5.9922376,-2.3678634,-3.1467023,-2.5121963,-2.449198,-2.5653422,-4.0572023,-3.677618,-3.09291,-2.7012007,-1.9003038,-2.506938,-1.9780012,-1.2967787,-0.7777808,-1.2076435,sad
-625.2169,40.552467,-2.2075655,11.935384,1.5943648,1.5445535,-7.3221793,-6.0987496,-8.181233,0.34727016,-6.0121374,-1.7497044,-1.6141453,-1.7496358,-1.9980043,-4.417088,-1.193225,-0.6631047,-2.5421543,-3.0866168,-1.6266155,-2.41311,-4.0500636,-2.1115603,-3.8910205,-1.4094402,-0.53937656,-0.60473317,0.04046045,-1.7046528,-2.7782478,-3.338169,-1.3864057,-2.4426205,-0.24928376,-1.1384764,0.6141159,2.2416391,0.97734994,-0.21196882,sad
-631.56433,45.117653,-2.0742044,14.676399,2.345677,2.2911391,-6.9326506,-5.401227,-7.8206043,-0.038850613,-5.3660808,-2.0020113,-1.1492779,-2.221826,-0.5375979,-4.853347,-1.3793216,-1.9814148,-4.1714573,-3.400553,-2.452456,-1.7416109,-2.7030497,-2.3488257,-3.5378726,-1.6712693,-1.8508621,-1.8514982,0.33770397,-1.4564527,-2.517499,-3.0591695,-2.152872,-1.8310407,-1.5743767,-3.0014493,-2.58951,-0.63662237,-0.3106567,1.7130876,sad
-561.67755,47.656628,-6.8251715,14.177051,2.3597567,-3.0479548,-13.2085705,-10.649426,-9.581494,-1.6029966,-6.645763,0.4197726,-1.0309558,-0.44923973,-1.4176401,-4.1585965,-0.06793793,-3.7624748,-3.080672,-1.776773,-2.6458426,-3.1792684,-2.862925,-1.7235861,-1.8149202,-0.7300841,1.8225993,3.3182323,2.3307607,3.743108,2.5809574,3.5180073,4.5485005,3.1032474,3.6771717,0.81260365,0.75416565,2.3477144,5.227808,5.4454384,sad
-600.50653,46.32398,-13.244296,11.581132,2.5606449,-1.2158307,-11.41731,-8.216403,-5.9167757,-2.164487,-7.167366,0.16118683,-0.9827088,-2.8922985,-2.648155,-4.7121625,-1.8163992,-0.7916362,-2.1633327,-2.9718218,-2.9062293,-3.6788957,-1.8104547,-1.1503282,-2.8040514,-2.3356166,-1.996284,-1.7640119,-2.1465292,-0.54521453,1.3221905,1.5503191,3.6564257,4.12868,4.770268,4.703084,4.2944207,3.5230253,3.599639,2.3992515,sad
-643.96124,41.147545,0.073166355,5.903672,1.9953798,-0.9915048,-9.588043,-9.720181,-8.386813,-0.9512176,-9.527612,-0.8447127,-2.8905265,-1.1370344,-2.4675362,-4.2465544,-1.4059609,-1.4977279,-4.841354,-3.1062503,-1.4200299,-2.8388097,-2.7082746,-2.9864132,-4.544875,-2.2198763,-2.1229908,-2.6038625,-1.8818843,-2.592766,-2.1905494,-1.0424894,2.353951,4.5233006,6.527904,5.6600127,5.560353,5.019803,4.4339566,5.5578146,sad
-593.4245,58.519333,-8.176024,17.204924,6.5936007,2.4863245,-13.44354,-7.926063,-0.9707566,-0.29057485,-6.149139,3.0085738,1.9073548,0.68939525,-1.159324,-2.3387144,0.78144896,-0.431767,-0.44357342,-0.32239076,-2.349377,-2.5379279,-2.337647,0.060700435,-0.5399258,-2.0480213,-0.8542713,0.31776407,-0.77044475,-1.8033214,-1.7984779,1.186154,2.4601912,5.359455,5.601788,4.253787,3.2624192,1.5418727,3.789516,6.277636,sad
-535.4613,34.756454,-12.852552,3.9105697,-5.8303037,-5.752312,-5.992047,-11.054976,-9.967057,-1.0971901,-8.571108,-1.8197341,-4.2988787,-4.4297338,-4.140223,-7.396482,-3.7314966,-5.5592933,-5.569782,-3.6148295,-1.3149813,-4.0135083,-1.4040023,-1.5569774,-2.2271428,2.6372666,1.0879215,4.000142,2.34944,0.6660688,-1.1811379,0.4816898,1.3396181,1.4784614,-0.094935305,-0.75206375,-0.42086813,1.3880354,2.4443858,0.003169784,angry
-521.874,34.466637,-11.701324,5.0361476,-5.6361623,-7.190913,-6.731529,-10.160494,-10.75566,-0.74204475,-9.034533,-2.1812644,-5.4733453,-4.809599,-2.6133122,-6.734055,-3.4927526,-6.434055,-5.6621065,-2.833222,-1.9527602,-4.1692395,-2.1387486,-2.590813,-2.818424,2.3270323,1.4563395,2.375421,1.8863238,1.2052968,0.51273066,1.0426173,0.18438014,0.41025978,-0.83999515,-0.6861628,0.77123684,1.392025,1.5468386,1.0621067,angry
-540.8593,36.270992,-11.713456,4.9694366,-4.3882556,-6.261877,-6.077717,-9.741063,-8.927979,-3.1543596,-7.8569717,-3.1348202,-5.9986997,-3.6293173,-3.142327,-6.5055566,-3.460836,-6.817756,-5.9285727,-3.5001986,-2.0854084,-5.313757,-1.8283176,-0.68746066,-1.0948505,3.427993,1.3416919,3.248716,1.8283522,0.7272984,-0.4769753,-0.787438,0.031437945,1.04433,0.41028646,0.9844087,1.3493134,1.760912,2.6493733,0.65298945,angry
-541.917,31.9617,-10.735437,2.693616,-6.7405,-9.24275,-6.8451486,-10.327887,-12.257429,-1.7048154,-10.502646,-4.6962237,-6.348513,-5.9848437,-4.8099294,-6.086513,-5.100745,-6.4314847,-5.9382224,-4.470521,-3.9832182,-4.6105413,-2.5442414,0.6242705,-0.29450455,2.9973698,1.9005355,0.13375215,0.15604609,-0.08492077,-1.6679597,-0.31519714,0.6171647,1.667465,1.7985284,0.35975602,0.015897406,-0.50158215,0.28507704,0.5630009,angry
-410.59976,22.781584,-16.814384,-0.5221158,-10.090458,-7.2579575,-7.2614474,-6.9684772,-11.983549,-2.0079722,-5.5066376,-3.5838146,-5.0034375,-4.474264,-2.2709296,-5.1154146,0.7990437,-1.7370517,0.25077802,4.0681033,5.452802,5.1580834,5.774156,2.210082,-2.9061165,0.4470279,-0.20172365,1.4375588,-1.2257223,-1.3290153,1.3274419,-0.75005376,-0.3851309,-0.6933271,0.29894456,-1.4678284,-2.10276,0.9408601,1.2649313,0.6732508,angry
-433.66153,23.549911,-19.464386,-0.43130374,-10.181328,-7.128351,-7.2614465,-8.298357,-9.651798,-3.6685383,-6.345595,-2.9554534,-6.7830634,-3.4390395,-3.7076046,-5.924102,2.1668644,-1.4034303,3.9408956,2.8690825,2.8518207,2.656188,3.592809,3.1345656,-0.8092251,2.0269072,0.2812216,1.3303964,-1.3678737,-0.770695,0.057146452,-0.8356333,0.28302777,-0.7176375,1.1740373,-0.8474307,-0.46606576,0.51910573,0.4452001,0.5887424,angry
-393.34674,17.077803,-19.314398,-2.2269738,-7.9730067,-5.4712687,-9.397622,-7.758286,-8.984311,-3.592697,-5.736558,-2.1520514,-6.2617674,-3.8359482,-3.598416,-3.9775043,4.659196,3.3391662,2.8979483,4.379665,1.9060271,-0.6229447,3.4624069,3.687784,0.9178419,2.0055828,-1.7123799,1.7846165,0.88182425,-1.8153653,-0.91978246,-1.3461331,0.80423945,1.5938772,0.5758179,0.86994493,-0.28593445,-1.3191451,0.469765,0.9588141,angry
-401.90173,19.221956,-17.25693,-1.5014284,-9.300963,-7.785568,-7.6386724,-9.353769,-10.783648,-3.3328261,-8.271548,-3.7318876,-7.889409,-5.606026,-6.0831127,-5.9596815,3.016576,0.44377792,1.5685983,2.9705935,0.6910237,0.61968416,4.5591707,3.8128514,0.9672545,1.6133332,-2.8354,0.10210837,0.5700105,0.23184307,-3.0485027,-2.3150153,1.2692033,1.6598337,0.97452664,-2.127047,-0.4442895,1.6538416,-0.068502754,-1.0021282,angry
-587.92255,44.941097,-6.917225,11.777892,0.38360068,-2.894496,-7.509009,-10.921706,-6.1787877,-0.66009,-4.682022,-1.4866958,-3.2348566,-1.8053559,-2.0217683,-3.984509,-0.7374767,-3.484878,-3.7694662,-3.9640565,-0.63312465,-4.83984,-1.4955009,-2.8449595,-2.9008856,-1.4664804,-3.2862756,-2.6173964,-1.54372,-3.4653707,-2.6292603,-1.9546107,-0.8125221,-0.14731263,-0.41351494,-1.9005274,-0.6872673,-0.57670504,1.5120599,2.1948535,fearful
-673.2827,47.776833,-6.5864396,11.878386,2.4339046,0.04112757,-4.230318,-8.602862,-7.2905655,3.2474415,-6.557003,-0.8143642,-2.2790492,-0.81221074,-1.3304684,-4.1104565,-1.0788634,-2.3818448,-3.83245,-3.964611,-0.26829454,-3.8596065,-2.3885474,-2.3933623,-2.60083,-1.1577915,-0.745699,-2.2767098,-1.004023,-2.7384605,-2.4225242,-2.8790367,-1.7600647,-1.1246016,-0.71230423,-0.87587965,-0.032393705,1.086187,1.9374882,2.3597767,fearful
-618.55634,34.934616,-6.9424753,10.943162,1.3649591,-2.356729,-6.991615,-9.073246,-7.5057864,0.6865747,-6.6137443,-1.0904741,-3.9962535,-2.1338263,-3.3557794,-4.6529374,-0.7357296,-3.5506785,-5.833412,-4.1258225,-0.053248897,-5.1278753,-1.5124428,-1.5073011,-3.5720005,-1.27959,-2.1734798,-2.4239235,-0.37995696,-3.284033,-2.4008696,-1.6972746,-2.4463022,-1.9469469,-0.70643413,-0.019812353,1.5703735,1.090806,0.63198495,-0.7753493,fearful
-643.65894,37.698807,-7.3251424,8.941239,-0.020312456,-2.3187723,-8.103592,-9.519211,-7.826396,-1.7470014,-5.8525867,-1.9151306,-3.9415567,-2.7069788,-4.612683,-4.725221,-2.0823328,-3.2409394,-5.5116596,-4.7468495,-1.5126629,-5.592397,-3.143648,-2.975816,-4.4178314,-2.5919645,-2.6811697,-2.3885422,-1.5019925,-4.2995467,-3.206287,-2.895381,-2.3562512,-2.076869,-1.4978707,-0.85177165,1.2493373,1.0507164,1.7016069,0.12735279,fearful
-517.89404,37.01224,-15.581678,10.793437,-3.6896818,-10.909441,-10.997988,-12.935611,-8.307696,-1.1695487,-9.390391,-0.48943925,-5.446962,-3.4241507,-1.643323,-8.133806,-2.4426286,-4.411875,-6.1157217,-4.432516,-3.5417285,-5.6203394,-4.2228994,-3.4069026,-5.3956494,-2.4455287,-4.3481336,1.5343349,1.8320253,3.2558026,4.555392,3.3858504,3.7951512,3.744426,5.3757434,4.577578,3.0583656,-0.46013218,0.83166313,0.8623633,fearful
-544.76965,39.37271,-11.498788,10.6312475,-4.7423277,-6.726759,-11.322596,-12.441543,-9.229074,-2.8220088,-7.4819803,-1.6038132,-5.857621,-2.6407313,-2.53757,-7.1855936,-2.766354,-4.6613917,-4.6820836,-5.928541,-3.1073282,-5.3093433,-3.901968,-4.0743413,-4.7421956,-2.9590945,-5.7759867,-2.0853803,-0.37517756,1.6034656,5.6537504,6.8415914,6.248173,3.5505967,0.5905872,1.7237586,3.5517578,3.6243136,2.7611034,-0.70529884,fearful
-508.89014,33.059692,-16.733763,5.113495,-5.1033373,-11.059369,-12.276608,-12.242577,-9.65746,-0.115280256,-10.628747,-2.4402788,-4.5850015,-4.4713225,-3.286539,-8.42692,-3.2672226,-4.46597,-7.8737464,-4.3320594,-3.2843246,-8.239179,-3.4195302,-4.632566,-3.0177028,-2.3445003,-0.88137776,2.0466483,3.6637628,2.407559,2.6090443,5.180774,6.1272135,4.9669037,3.3190453,1.8463724,3.1114917,2.992493,2.0210729,1.4468912,fearful
-510.9391,44.461967,-17.913296,5.4207196,-0.26074496,-6.3707175,-15.408714,-17.096405,-10.271407,-0.04739524,-9.616373,-2.7708213,-4.999552,-2.286624,-0.6912381,-8.809669,-3.74344,-7.2875943,-7.47931,-2.7274833,-3.5921948,-6.504832,-3.636869,-3.9062715,-4.6395273,-3.124901,-3.2847393,-1.3016735,-0.30890524,-0.65290326,2.2388797,3.7049487,5.8637776,6.246748,4.7062964,4.4722447,3.6153674,3.8416543,3.533413,2.2201185,fearful
-624.39557,46.092716,-2.7713225,10.331312,1.6704843,3.9148636,-6.0782466,-6.0694265,-8.182906,3.3498425,-4.176174,-2.9183319,-0.67495507,-1.0102923,-0.34495357,-1.6219547,-2.407242,-2.051374,-1.4987342,-2.508189,1.0300058,-3.8372173,-0.7907911,-1.6792526,-3.6330025,0.09692948,-1.3883336,-0.911131,-0.684988,-2.385752,-3.4995182,-3.051812,-2.4736326,-0.7771346,0.10717903,0.33120385,-0.58185846,-1.070637,-0.5449358,-0.9506427,disgust
-624.19543,41.799427,-3.618292,11.269037,-0.7464016,-0.6975282,-6.236173,-5.6429095,-6.1987176,0.7153605,-4.6986423,-2.3457437,-1.5735292,-1.1119783,-3.0168703,-3.494991,-2.4702759,-2.5136642,-3.306082,-4.2007475,-0.80332935,-3.3657672,-2.6255815,-2.7087147,-3.2714665,-2.2194989,-1.4773437,-1.005185,-1.402651,-2.5105832,-3.8324187,-2.6545203,-0.42412418,0.037355304,-0.6358864,-0.8450173,-1.210459,-1.3465556,-1.1814659,-0.69691116,disgust
-643.3794,35.513023,-1.3513777,7.843314,0.7874038,1.4387507,-8.683826,-6.265554,-4.6800365,0.43678638,-5.2864704,-2.8980064,-1.5022641,-1.0981247,-2.3514597,-1.1567967,-2.7468033,-2.7327085,-3.5923452,-3.5622058,-1.1127052,-3.6291797,-3.0409117,-2.4608586,-3.353385,-2.0531485,-1.9808319,-2.240579,-2.6262197,-3.9326682,-3.7493575,-2.2556655,-0.7965964,-0.9059241,-0.80970067,-1.2738843,-2.2639503,-1.7675966,-0.8888762,-0.33313254,disgust
-650.77856,40.2292,2.0807586,8.093871,0.49321154,1.5762112,-7.5242844,-7.609803,-5.1839733,-0.982755,-6.390641,-2.4045584,-2.6744256,-0.81540555,-2.7115173,-3.3495407,-2.6382875,-2.4017377,-4.0768795,-3.7707596,-0.6644211,-5.203831,-2.7278209,-1.8093011,-4.101192,-1.7222761,-2.6675193,-2.954965,-2.0521133,-2.166843,-4.10966,-2.9015,-2.7025533,-1.5408328,-1.5600193,-1.3903655,-0.15246499,0.19943208,0.88283485,1.1350087,disgust
-552.1841,38.305958,-3.1086721,5.7502794,-1.0499507,-1.2927685,-4.8091607,-7.41068,-9.12572,0.42751217,-6.0677757,-2.0132236,-4.7862105,-2.5098174,-4.088376,-4.081543,-3.3138554,-4.1491656,-4.359823,-3.3480422,-4.1465626,-4.3819456,-1.4767185,-3.5206656,-2.4765813,-1.1822668,-3.4292574,-1.0774881,-0.63452965,0.21526723,1.8579252,1.5397837,1.9333736,1.6674974,1.6457745,1.2957989,1.9304549,1.1185255,1.447067,0.82591456,disgust
-559.8475,44.55735,-3.0576077,8.163527,-3.3008544,-2.293576,-7.867371,-10.254751,-9.87853,0.96012366,-7.2254205,-2.63205,-3.9387252,0.7335002,-3.6605341,-3.9873693,-3.5153582,-5.3467193,-4.5158505,-4.140064,-4.360317,-5.2956553,-0.7320603,-4.7448764,-3.392087,-2.7861245,-3.609822,0.17428832,-0.38842925,0.07814248,-1.0335897,-0.35127112,1.3453344,2.4619267,1.68054,2.334651,2.3612652,2.6878645,2.3153584,0.605031,disgust
-556.64075,41.647675,-1.0837117,6.416097,1.3209856,-3.4802892,-9.724825,-10.039644,-10.543426,-1.3480349,-8.5273285,-3.6937392,-4.830892,-2.0882561,-3.1022317,-4.3843107,-4.2881985,-5.3715763,-6.101049,-3.7188313,-4.1538453,-6.6567545,-4.236777,-3.774049,-3.8886516,-2.9785852,-2.5221603,-0.5763252,0.27997205,0.11940202,-0.8880403,-0.8798217,-0.47643736,0.25077033,1.4182494,1.2966408,1.1599481,1.8468902,3.444814,2.6298041,disgust
-570.5563,39.628616,-0.8170634,6.3606806,0.90607774,-3.783334,-7.389927,-11.843032,-10.539936,0.32141933,-9.128642,-3.0159094,-5.641051,-2.6689553,-3.6547391,-5.3047566,-3.5570583,-3.7309427,-5.3893843,-3.9959743,-3.129691,-7.3051763,-4.039344,-3.6174765,-3.345048,-1.5599766,-2.5100615,-1.2519203,-0.72333044,-0.56992924,-0.5225576,-1.2316178,0.58096176,1.2798806,2.0096605,1.8455757,2.1288629,2.5091224,1.9549553,2.0778005,disgust
-563.5649,39.644547,-11.688358,7.0241485,-3.5485518,-6.905848,-9.923184,-10.992115,-7.382337,0.08136245,-6.937222,-2.159434,-6.345638,-5.0279655,-2.3614738,-8.744883,-4.5305676,-2.871146,-3.2012417,-1.1845509,0.70575476,-1.6098887,2.3740025,-0.32638445,-1.2645538,3.3662193,0.08854055,2.7999523,0.5862167,-1.9078526,-0.3080733,-0.37684843,1.5437647,0.6910834,1.0216376,2.3460102,3.1013167,2.343265,1.6137525,0.9094953,surprised
-570.00385,41.804573,-10.736867,7.5728364,-1.0446755,-7.9208217,-8.477722,-9.601797,-6.3309274,1.9495931,-7.9846478,-1.2485195,-5.5721626,-4.267971,-0.7301553,-6.8639107,-3.578874,-2.2371068,-4.894479,-0.9014032,-0.66011125,1.1979946,2.9260755,0.55955994,2.0758305,4.606768,2.2768266,1.8659619,2.3170938,-0.89531386,0.682428,2.0288987,1.8017348,1.2521672,1.0258081,0.045445684,2.334781,1.9179583,1.6868126,0.7487596,surprised
-545.1648,43.2908,-10.498413,3.9272172,0.2331805,-5.5074077,-8.162002,-10.360702,-7.491527,3.0405977,-5.3394465,-3.0616696,-5.4762344,-4.7731814,-2.7869704,-7.5341496,-4.5816464,-1.8431848,-4.115538,2.1515741,2.5272038,-0.41099104,1.2003926,0.41309056,0.28136763,4.1332517,1.7675338,0.30539754,0.0009280535,-1.3157057,0.27222183,-0.048435852,1.3757669,1.187011,0.7907606,0.97529125,2.301333,3.6562617,3.6730847,2.4349403,surprised
-540.8962,39.628777,-13.342602,1.9441661,-3.3183377,-7.122671,-9.59108,-10.62114,-7.3387427,-0.701676,-6.483792,-5.0619955,-6.272021,-3.9918618,-6.036916,-7.379342,-4.9894266,-2.848133,-3.5699575,2.0851033,1.3150615,-0.22783558,0.76472604,-0.60101664,-0.91049373,1.7133902,-0.6395304,-0.13073847,-0.2961118,-0.047432,1.7963935,1.4182954,2.2762237,0.85697925,1.3767571,0.27468932,1.910467,2.343596,1.3591104,0.90605587,surprised
-512.0296,33.743885,-12.815774,4.6581397,-2.361222,-10.164015,-12.48986,-9.1084385,-8.126069,-1.3148725,-8.1157255,-5.509132,-7.7393904,-6.995345,-4.995747,-9.765702,-3.5400267,-0.11722618,0.70068455,3.3961518,0.45623162,-0.91975194,0.4500421,1.7880166,0.9639109,1.7062821,0.03617827,0.9165907,3.8302228,0.96336156,0.2098106,0.028909683,2.3717282,1.3380162,1.3214629,1.1171037,4.8651443,3.9543405,2.3360255,1.7041746,surprised
-512.0708,34.187057,-15.05487,0.53160036,-6.033397,-8.509803,-12.741516,-10.006771,-8.116549,-1.6060814,-7.676799,-3.7629037,-8.836683,-5.6497116,-4.497899,-9.881963,-3.3988678,-2.2065475,-0.1828198,2.0129843,2.2607112,-1.2410674,2.2698374,1.7120347,1.2626623,3.827296,1.1396847,2.4459822,1.5455765,-0.31161535,-0.7501973,0.82777447,2.1509001,-0.12307563,0.727532,0.2860698,0.9449515,2.406572,1.9353081,0.71337503,surprised
-494.9355,27.146109,-15.466766,-3.5159628,-7.6413307,-8.710953,-12.675679,-10.768807,-8.998306,-3.0896623,-7.022325,-6.1211915,-8.834228,-6.8595047,-6.287058,-8.168681,-2.9318545,0.62429667,0.20906903,3.7301729,1.9065174,-4.319311,0.9008475,2.392057,0.93736297,2.1435246,-0.55507606,1.691229,2.9097042,-0.7467724,-1.6197541,-1.1165521,1.6241533,0.71727586,0.24223045,2.2124803,1.9153266,0.7982419,0.5541101,0.48687628,surprised
-516.6029,29.3159,-14.085291,-0.75260884,-4.792059,-8.561995,-11.466223,-10.0035,-8.170573,-2.0297153,-6.8372808,-5.0928745,-6.8754506,-4.580121,-5.1235843,-6.9316645,-3.2929409,-0.70774186,-1.768398,3.0271113,3.5591848,1.2368462,3.2082758,1.8157215,0.07806332,2.455719,1.2715836,1.8563042,2.2552443,0.35734993,1.4731472,1.2305425,2.1179242,1.0171859,0.7989381,0.3471335,1.7059561,2.1343312,1.4582623,1.0825715,surprised
-678.5275,36.96188,-8.683275,-0.60017276,-11.680828,-9.084217,-16.504286,-10.379645,-8.493544,-8.752732,-4.6062536,-6.249226,-4.7633533,-3.5862808,-6.818893,-3.4113398,-6.910629,-4.833611,-5.346624,-4.7674594,-3.7923043,-2.5362785,-1.1860538,1.2378867,1.9669063,2.5797088,3.8286812,5.2240963,6.52458,7.954336,5.909928,4.2588663,0.83481777,0.6495672,-0.2581137,-0.27704212,-1.360092,-1.6098179,-1.0919582,-2.0541732,neutral
-674.07434,33.81117,-13.697647,1.101188,-14.102812,-9.240144,-15.945839,-10.594049,-6.8928556,-10.006088,-4.3665605,-5.972386,-6.5664268,-2.8448496,-7.013149,-4.28928,-5.26475,-4.457365,-4.7501454,-4.368472,-3.3525782,-2.6170073,-1.5604048,0.391309,0.69318587,2.2903507,2.8638532,5.171106,6.460036,7.0452304,5.706531,2.7062316,1.6177484,0.02930022,-0.19010621,-0.26006138,-1.0859655,-0.85244966,-1.10008,-2.2385128,neutral
-669.425,36.60455,-6.9689713,0.40882918,-10.878472,-7.7337084,-17.318674,-7.280654,-6.812817,-6.592984,-1.65728,-7.448113,-3.2623458,-3.805794,-6.0676494,-2.691433,-6.1075745,-4.180362,-3.3351965,-2.013405,0.06993971,1.513216,1.2808728,1.1854244,1.6921356,6.505327,6.8973713,7.587005,3.0492427,1.2496723,0.357766,2.5995967,1.347459,-2.4894655,-5.0690923,-1.6229476,-0.20884387,-2.3236215,-4.9746127,-4.057014,neutral
-657.8623,31.816908,-4.8202786,-0.28190544,-9.876197,-10.5385275,-19.06838,-8.79658,-7.959229,-8.204372,-2.4961412,-4.6778846,-4.7583785,-1.6134592,-7.194565,-2.2692502,-5.803141,-4.536901,-3.3125548,-2.7212558,-2.6467216,0.11253919,0.48746842,0.49549285,1.849175,2.5539384,3.7371438,5.7920246,4.0891356,4.2079573,3.3591988,3.5107217,3.1364136,0.18732618,-3.2460268,-1.7483342,-0.3332016,0.08002708,-3.3354285,-3.6629233,neutral
-736.7505,35.841305,-4.8767724,2.9842076,-7.3266015,-8.177379,-17.022797,-10.945968,-8.535046,-7.585522,-5.5327353,-8.6505995,-4.4327474,-3.9495175,-6.417049,-2.2841864,-4.070325,-2.6511173,-1.348623,1.9353589,2.6586192,1.8564014,-0.42295462,-1.5256032,-0.48916095,0.82277244,0.5214035,0.87271494,3.4514499,8.351506,8.924731,5.91293,1.2166291,-0.7370532,-1.6123818,-0.51196736,-2.0818272,-0.5801195,-0.38652113,-1.6843908,calm
-733.41364,38.424377,-2.896387,1.2237937,-9.615398,-6.2841063,-13.574613,-10.768342,-6.667788,-6.8203993,-5.1226354,-7.259759,-3.3334177,-4.022413,-6.6358786,-2.9265797,-5.710377,-3.2482514,-3.4192584,-0.55509275,0.17109783,2.054052,2.5539095,0.50372094,-0.7636637,1.3949268,2.9059548,4.883497,6.736614,7.3553386,5.8107495,4.129834,1.7931651,-1.9256029,-3.4151063,-0.7114341,-0.74440354,-1.3435067,-2.813863,-2.4043398,calm
-718.4974,31.981781,3.1914444,5.2029147,-8.480745,-5.6861086,-15.287571,-6.3158565,-8.7746935,-3.2373807,-5.077865,-6.051382,-2.3869882,-2.2255156,-4.874639,-3.3191392,-2.4140584,-6.5090995,-3.034127,-3.7091155,-4.593159,-2.3498583,-2.2923167,-2.8101408,-1.0973668,1.4551308,5.740327,10.498721,15.0522995,13.711304,9.923074,1.9992365,1.0291919,0.9774515,1.4982816,2.1985123,-1.2029157,-2.7807183,-2.3480854,-1.6717964,calm
-684.5645,38.050953,-0.5959823,0.06250645,-2.758426,-10.263814,-13.831595,-9.378396,-7.8385534,-7.6029735,-3.7539463,-5.548325,-4.0005198,-2.2654333,-4.876176,-3.034703,-4.9645467,-5.3859963,-2.7812352,-5.380926,-5.306628,-2.213242,-3.687123,-3.535906,-0.9325556,2.0513449,4.6762204,6.9781065,9.367115,10.697807,7.183729,4.3433323,1.7659101,-0.87013966,-2.166461,-0.029677177,-0.6931697,-2.4903963,-3.6225412,-3.591272,calm
-661.1005,34.452644,-12.49479,-1.3429631,-11.202517,-9.88436,-14.626213,-8.986763,-8.829133,-7.631776,-4.13435,-7.307073,-5.7456017,-3.3617916,-7.813678,-4.30727,-6.5668244,-2.437456,-4.0535035,-2.317659,0.37327942,0.23792167,2.338385,-0.776771,-1.7298875,-0.24599805,1.035886,4.6177034,6.8465834,8.434914,7.5194035,5.784221,4.021763,-0.16730812,-2.1340017,-0.4765291,-0.20157707,-1.8446546,-2.8879342,-2.8052986,calm
-687.8169,39.634735,-4.4005613,4.5149803,-7.813118,-6.4975834,-12.381954,-9.17904,-10.62446,-4.0121994,-5.728441,-8.398734,-3.3343818,-3.2922873,-6.7334237,-4.6476984,-3.9042525,-4.675687,-2.749818,-1.9969244,0.24235004,-0.13090971,1.0896013,-0.13063866,-1.5571102,2.5688634,3.6263034,5.7672806,6.874529,6.5821743,3.766401,1.6079226,1.213722,-0.6209067,-1.3710592,-1.751467,-2.8157916,-2.5828834,-3.5530832,-3.5852568,calm
-695.39825,42.8891,-1.5334657,-2.7046442,-9.751653,-10.802655,-12.283938,-10.552746,-11.226019,-5.122002,-5.300453,-7.5470357,-3.6518295,-4.5414615,-7.032397,-2.4166498,-4.881885,-4.9846797,-3.2548316,-2.2888136,-3.338773,1.0402116,0.9984121,1.71353,4.011748,4.3518043,2.975124,3.5443475,5.5222487,8.015351,7.8511953,5.6821733,1.5338217,-0.98288727,-2.0429387,0.1432838,-0.17596683,-2.351865,-3.810637,-2.2599483,calm
-675.51843,36.72402,-5.2370067,-0.03523479,-7.3637953,-11.187559,-10.8000345,-10.07038,-10.790217,-4.515337,-6.5411725,-7.5582094,-4.345805,-4.764899,-7.251244,-4.7981563,-5.8297315,-4.2053657,-3.9216156,-3.8793378,-4.295609,-1.4036816,0.17253278,0.30245736,2.3347635,3.5011218,1.5075074,2.5522096,2.864985,8.369977,7.138664,5.5344543,2.2739756,-0.1272176,-1.7081358,0.5613433,-0.7966333,-2.3517418,-3.6833432,-2.7605133,calm
-641.0189,33.36717,-12.652704,0.30895427,-11.250185,-9.088087,-11.344716,-10.046469,-8.970755,-9.46157,-2.609241,-8.238687,-3.7362218,-2.648769,-8.059718,-2.8563113,-7.1503005,-4.256067,-2.7402632,-0.8562322,0.47295657,0.09469272,-0.32583386,0.21296068,-1.5950854,2.1549265,4.5432563,4.9997544,3.1953049,3.4478576,4.3413754,3.1249402,3.7455075,0.66530627,0.21555325,0.32480395,-0.1368487,-1.4868003,-2.1321256,-0.85165644,happy
-636.132,35.01937,-15.857869,5.0979366,-10.994292,-8.674114,-11.771621,-9.1865425,-5.735596,-9.888899,-1.7278589,-7.253457,-5.2362638,-2.8098192,-7.73803,-2.1386724,-7.3847313,-2.2614584,-2.5667362,-0.47840524,1.1505007,-1.1964549,-0.016764844,-0.9150803,0.6095739,4.485964,5.280932,6.647292,3.1871836,4.658075,4.285757,3.1415477,2.6471038,1.29567,-0.20038106,0.06122608,0.1504284,0.042295355,-1.4848317,-1.1556176,happy
-668.2648,41.805496,-16.414549,-0.72340727,-10.025983,-9.289735,-14.254349,-8.568154,-7.926484,-6.6347613,-1.9924628,-7.2545705,-3.4671154,-3.1070511,-6.9965386,-2.4125252,-6.0445833,-3.3534358,-3.3566096,-1.7243837,-1.9800277,-1.6387764,1.1539872,2.4618142,3.577196,5.907995,2.727812,2.6941395,-0.71635485,2.910985,2.1790557,2.7341943,1.214632,-0.45129812,-2.6548111,-2.9647932,-3.7948084,-2.1702552,-1.3797551,-2.5950065,happy
-600.5862,24.621826,-16.244694,-0.1959832,-12.123949,-12.534383,-13.990189,-8.653034,-10.317597,-6.610069,-3.2432761,-8.408947,-4.3377175,-4.2679906,-8.973123,-2.4817576,-8.200454,-3.6103797,-2.8300283,-3.5622125,-0.8570415,0.43698397,2.3344154,4.2860365,4.4211907,4.971365,-0.048919976,0.41124186,0.5233593,7.2066555,6.607352,3.4900017,-0.35629052,-2.6973681,-2.6703937,-0.43035507,0.6449386,-1.7546,-2.8233817,-1.5083414,happy
-516.04254,23.840408,-20.960585,6.1725793,-20.565777,-9.118819,-11.897828,-8.365555,-3.3617857,-8.828037,2.6570315,-8.2057495,-0.30779746,-1.9250538,-8.150719,-0.10998678,-5.83373,0.18112282,0.019851161,0.44814855,4.06518,4.566168,5.0211926,1.8515637,0.70322216,3.6348062,4.061411,9.592847,5.5526023,1.8341352,-1.1994776,1.710791,0.7044343,-0.24085996,-3.3142006,-1.0187663,-0.024289703,0.36757857,-1.4323527,-2.8022373,happy
-515.48236,23.26846,-17.274467,9.775345,-16.701332,-6.6675963,-9.856523,-7.281649,-1.9719561,-7.9564915,4.7974772,-2.53485,-1.2584233,1.3852504,-6.073042,-0.010191109,-4.796788,-0.14816698,-0.23237115,-1.0589461,1.538094,1.5131339,1.9685701,3.647292,4.0094767,3.7546499,0.10154155,5.231103,7.0483656,9.99989,6.0244064,2.2026083,-2.0641825,-0.50482166,0.7869477,1.4323314,-0.78420883,-0.99829817,-1.1057949,-0.25766167,happy
-527.5673,19.463388,-19.57464,0.6965923,-18.28339,-14.244752,-14.530253,-12.463956,-5.9136267,-7.8682327,-1.3108826,-9.264513,-1.5129871,-3.8450897,-8.4056425,-1.1739062,-7.664022,-0.7823988,0.7192463,4.129058,5.7357464,7.97336,8.649115,3.9700065,5.7495885,3.3185976,0.26590434,0.95017886,0.023758976,2.4280486,-2.3332539,-0.49224472,-2.5772157,-1.9637866,-2.327066,-2.0677881,-2.7476232,-0.6824504,-1.3229743,-0.35984185,happy
-495.78577,11.92678,-22.09455,-6.1098976,-20.261475,-14.572716,-13.293166,-10.386313,-6.8856564,-10.308757,-4.0398436,-8.603686,-2.2406898,-6.4553385,-6.774184,7.3646364,8.095288,17.839544,12.984833,3.5233722,-0.31756082,1.4085202,0.24108735,-1.0189637,-1.3160763,-0.57824165,-1.7846406,-4.1536374,-2.3379936,1.5017648,-0.052912246,0.201328,0.75576013,1.1306496,-1.5724905,0.28616887,2.9594703,0.8955072,-2.0528529,-1.6214821,happy
-671.52856,42.61819,-2.285894,3.9652152,-6.8158765,-11.453498,-13.178261,-9.394885,-8.596774,-8.421615,-5.9266763,-4.992445,-3.2000873,-4.6640673,-5.9173074,-3.3795378,-5.0110273,-5.3480334,-3.2202067,-4.2801585,-2.249634,-1.4394779,1.1397156,2.8638206,1.4302111,1.6895392,-1.1497525,-0.70701426,-0.5819773,1.7847767,4.2160993,6.656371,6.033303,3.1138632,-0.26556537,-1.0154207,-2.433984,-0.69422936,-0.5511981,-2.67901,sad
-704.477,45.52551,2.1951873,5.607842,-6.518708,-5.987306,-12.798345,-6.938646,-4.9771214,-7.7799044,-3.819471,-4.481891,-0.45757663,-3.7262075,-2.9756305,-2.4815574,-4.7379317,-2.8711138,-4.168631,-3.1930385,-3.3358107,-1.473895,-2.2647126,-1.3464621,-0.73029774,-1.0779172,1.2788926,4.8744917,7.738587,10.60808,10.20938,7.3472657,2.1136432,0.68302494,-1.2663754,1.1120534,-1.5091046,-0.95626885,-2.26565,-1.5927012,sad
-685.5691,36.223694,-7.4665337,-0.68547136,-10.840363,-6.3985953,-17.832983,-10.3521,-9.3353405,-8.741429,-3.46001,-8.082601,-2.6016555,-3.1194336,-8.867355,-1.3850621,-4.596097,-5.0339704,-4.353652,-3.8147745,-3.484682,-1.9089704,1.0156822,-0.5783377,1.5509497,3.065247,1.5833555,2.9395714,3.6785102,6.113442,7.8511825,8.010532,4.7549443,1.2800264,-0.6422655,-1.8026577,-0.6164297,0.041288767,-1.5673525,-2.926024,sad
-678.00824,44.908432,2.254965,2.3708658,-7.9256597,-6.40923,-11.975532,-7.236095,-9.448499,-4.8232555,-5.0602326,-4.457037,-3.252038,-1.4556628,-6.578361,-1.5626757,-5.7225466,-5.4630203,-3.3877394,-3.9379308,-3.9213135,-3.2743514,-2.458753,-3.0690482,-2.3680212,0.51329076,0.29476228,2.494891,2.7089517,4.8725333,3.1192384,2.400821,0.5092194,0.66267073,-2.628668,-1.6864817,-2.02419,-0.7573813,-2.973057,-2.653009,sad
-556.6995,29.808537,-22.899935,0.41523537,-20.151512,-15.240226,-19.481041,-20.11711,0.38825905,-9.482767,-6.7637787,3.7933438,-9.605864,2.422726,-7.356867,0.79706275,3.8611312,3.7158768,5.0886807,3.324188,2.4494543,7.640869,3.7864184,6.744466,0.17390077,-1.7855407,-2.2061908,-1.0823125,-0.8404976,-3.3475451,-1.4155326,-0.28367913,0.080848694,0.051264334,-2.3220017,-0.2585298,0.14311063,-0.88942057,-0.42148086,-1.6192807,sad
-565.0393,43.62592,-13.536087,3.117638,-19.139347,-8.387799,-11.904001,-15.330193,-1.275795,-9.021903,-1.9214821,-0.30814996,-4.9576287,2.7171633,-6.8139873,2.3394527,-2.1617808,1.3634332,1.8760325,-0.35391113,2.367809,2.531462,1.2703676,2.3936017,2.152329,4.5615487,1.746151,2.6006036,-0.44655892,0.5809472,0.8910686,1.0322646,0.046822768,0.20805399,0.14143898,-0.51257676,-1.1705034,-0.5670344,-0.114256956,-1.7288437,sad
-557.105,44.851772,-6.974758,1.8119704,-10.913256,-16.05498,-22.861399,-19.723127,-5.073771,-15.979504,-6.058844,-0.30962938,-8.701429,-0.7016542,-11.1851,-0.3631196,-4.1537733,-2.3603876,1.127988,0.5575417,-0.49669757,3.6767159,0.75501436,3.8504925,2.750187,4.1291957,1.2858607,-0.76443094,-3.474957,-3.40342,-1.8437623,-2.3314514,-1.3266611,-1.3128116,-2.553453,-2.1656692,-2.1999903,-2.3388224,-1.136841,-2.9943657,sad
-656.81934,38.394196,-2.6942134,-4.318991,-10.373409,-7.672148,-12.067673,-13.532633,-6.7375183,-8.396603,-4.832774,-3.7085292,-5.600055,-1.9094056,-7.298925,0.024219029,-3.899758,-1.5825024,-2.3238883,-1.8774076,-0.87443364,0.3405481,2.5991478,6.540784,7.832891,9.191762,3.475391,2.2465727,-2.4697566,-0.49144757,-1.2381885,0.16275392,-3.3238294,-1.99383,-2.6890693,-1.6685973,-3.7793717,-3.764645,-3.7062445,-3.6262484,sad
-494.2428,24.61324,-18.581535,-2.123693,-20.504887,-5.77338,-12.249889,-11.37732,-1.6405051,-9.242421,1.1881142,-6.094291,-3.673274,-0.7614979,-8.586135,-1.669652,-7.1383533,-0.8511448,-2.2205114,-1.076223,-0.6657853,-2.3213737,0.7608852,2.7536268,5.5820165,9.1904335,5.3138623,4.6307535,0.6192207,1.0821018,0.6855012,2.0791461,1.1651729,0.19424613,-0.94324034,-1.2875429,0.535886,-0.033033002,-1.5971639,-1.4770141,angry
-492.46582,21.759937,-17.529089,-1.9791968,-16.439209,-8.197889,-9.976917,-10.197842,-3.341716,-6.583153,-0.4735687,-3.3898842,-4.663185,-0.8122335,-7.3439837,-2.0541465,-6.112477,-0.95279443,-2.5158596,0.3578662,3.5860507,4.0614467,6.2278347,6.180777,4.388128,5.1811795,3.4289165,4.481856,0.37280884,-0.11468323,-0.17656991,-0.0028336353,0.98799145,-2.383523,-2.8858979,0.20909157,1.2773623,-0.504474,-4.2739305,-1.0767361,angry
-513.5407,24.964977,-15.160629,1.9257414,-15.986198,-6.6568923,-14.026556,-12.04096,-3.6003423,-5.9615874,1.408113,-4.4097786,-4.311296,-0.6796988,-5.759061,-0.94339615,-5.1503196,-2.8303907,-3.2540274,-4.4576683,-2.8421557,-4.6309676,-1.9146602,1.1805671,3.1653793,7.015033,3.8338826,5.03324,2.394559,4.6664886,4.498733,3.504713,-0.88488483,-2.7512605,-3.2191725,1.6027092,0.21628825,-2.9298706,-4.1009393,-1.6111894,angry
-481.90585,27.814291,-21.31958,-2.0022087,-18.692722,-13.292913,-14.413704,-15.41524,-2.4175935,-6.4286103,-0.46401167,-6.1200094,-2.7434545,-1.7495068,-6.178215,-1.2537163,-7.031324,-3.9760742,-4.5783978,-5.9707847,-1.4829464,-1.4045956,4.4519167,4.6817927,6.257526,7.8939495,4.080952,7.017005,2.2796824,1.5670321,-0.5062752,0.13656579,0.7647235,0.58609045,-1.4184381,-2.730507,-3.3353124,-0.108792216,-1.4169215,-3.0285048,angry
-408.53876,16.934841,-16.9182,-2.932051,-25.313337,-5.5547,-11.626551,-11.618423,-4.457606,-10.871308,2.5395145,-9.205589,-2.913479,-1.9909385,-6.9520817,-3.2082777,-7.8084154,-3.1498542,-1.1849757,3.3475127,5.8011107,7.6948466,10.85965,7.756433,3.9300892,1.6676177,-1.3573959,0.5907338,0.26373747,1.0253928,-1.1148397,0.36558032,1.6378078,0.13966353,-2.3342514,-2.081114,-0.7406673,0.20152517,-2.0675457,-0.7002576,angry
-449.435,18.574982,-20.220827,-2.056378,-21.997326,-7.5748262,-10.791528,-12.62693,-1.7634369,-11.124538,2.6746595,-6.2445593,-5.479871,-2.0108857,-9.730739,-1.3370929,-6.594491,0.6445651,-0.36672863,0.45329052,0.998827,5.2922873,8.842123,10.5721245,6.275048,2.6149135,-0.936714,1.3915931,1.5671028,0.39873856,-1.7876858,-1.2399668,1.2253664,0.13891709,-2.0601435,-1.2106742,0.9224585,0.5135906,-1.9424505,-2.768049,angry
-487.67426,27.731379,-13.386778,-4.6452403,-16.049332,-7.9153533,-14.34211,-11.814368,-4.609415,-6.2368546,3.4886484,-5.6770897,-2.1179092,-3.0908568,-5.5513773,-0.2773364,-6.8504357,-1.6365329,-4.2262936,-4.7636075,0.1962782,-1.7726461,0.5690042,3.668079,5.849251,9.599802,6.731838,6.088925,0.41618034,-1.1876748,0.21726571,1.905217,1.2897354,-1.4877524,-2.3019567,-0.25957945,-0.39265367,-1.1229606,-3.9447114,-3.0148544,angry
-478.865,15.473791,-15.193535,-5.905425,-21.784733,-4.9059906,-14.45138,-10.52823,-5.210393,-8.0837145,2.5303712,-7.5760026,-5.0121026,-1.5840572,-7.8675103,-0.6123838,-9.196497,-3.221566,-3.9488761,-1.1870797,-0.64523184,1.1279374,6.1141925,7.325728,7.6747856,7.63451,4.22171,3.2581646,-1.1367903,-0.035139274,-0.5500134,0.6370457,-0.061332155,-2.660221,-4.126645,-2.0427084,-1.350134,-1.4996755,-2.285071,-2.2306004,angry
-500.2484,17.716866,-15.063492,-2.2178276,-15.621939,-9.106031,-17.990833,-5.8833327,-3.9589617,-8.728442,0.008246193,-4.8892484,-0.11828615,-2.3563228,-6.381963,-0.98854834,2.7377727,3.3430083,7.320132,6.0778174,5.003068,5.8734145,3.1605945,0.9788268,-1.243301,-0.883161,-3.5681167,-3.513691,-4.363759,-2.5286496,-0.97412926,1.1856105,0.020557078,-0.7858971,-0.9439598,1.093408,0.4021869,-1.5339229,0.15354246,0.13304472,fearful
-515.32965,21.618732,-17.55413,-4.637518,-14.842865,-6.93325,-14.859579,-7.619728,-3.238298,-6.776867,-2.4772258,-5.3942013,-0.74564457,3.9744744,1.2533453,7.1250367,5.232098,7.46622,7.7635546,5.7260427,4.404859,3.7060604,-0.9713783,-1.1906185,-0.86180866,-1.1013129,-2.1473172,-3.026504,-2.942697,0.05977861,1.5506632,1.3062998,0.21521324,0.55154836,0.079743415,0.3000962,-0.7419194,0.45192128,0.1477108,-1.0612303,fearful
-513.9889,17.77444,-10.467356,-5.438421,-14.515336,-13.670754,-15.582081,-8.841973,-5.9280133,-8.675477,-4.9114947,-3.420154,-4.746,-1.4570714,-7.7252874,-2.9732232,-3.0439281,0.7750801,10.520394,10.281219,10.882911,9.699183,3.4455585,-0.4055927,0.16179924,2.1959288,-0.48618212,-2.0100412,-3.7925801,-1.4745296,-0.40168756,-1.4961047,-1.7373514,-0.5365656,-2.275843,-0.5176027,-0.33734402,2.2676628,1.627704,0.31870815,fearful
-531.5671,20.889956,-10.024511,-3.4620347,-12.445833,-5.596548,-14.962468,-6.4185066,-4.0828958,-5.4535437,-3.388152,-4.0763183,-1.2854724,-1.4951793,-7.620624,-2.7560563,-1.5569481,3.5175037,13.121323,13.564899,14.437521,10.318784,3.8682241,2.148154,3.112474,1.6278307,-0.8602687,-2.7708364,-2.1866581,-0.7920059,-1.6818185,-1.7444168,-2.411922,-1.5726643,-1.8522308,-1.3234814,-0.51997644,1.3464837,1.8411524,0.30574745,fearful
-412.09445,5.5934215,-32.377834,-5.713158,-21.192131,-18.8941,-22.706543,-15.327314,-1.6091715,0.29295477,12.627311,11.794734,10.734454,0.7566859,-8.281943,-0.78564364,-2.8122287,-4.2975974,1.5183288,4.6887665,3.4823205,-0.44604194,0.05678927,0.98212,-2.440076,-0.3726022,-0.78316516,-1.7858474,-0.79047245,1.640419,0.3753528,0.7533405,-0.9852389,-0.76287675,-0.9561627,-1.0627927,0.75251603,1.6773334,0.5768427,1.8850881,fearful
-468.8179,11.140511,-19.759815,-8.368142,-18.449957,-11.866795,-12.789155,-11.578211,-6.296243,-7.064193,1.6679842,8.514371,14.052958,13.137409,-2.045168,-2.9089737,-4.3422604,-3.6142273,0.23719367,-3.95624,-1.8487754,-0.19383925,0.4362479,1.0243435,0.39650303,2.6104858,0.99486136,-0.6174974,-1.3023211,1.1532955,2.055209,0.40822703,-0.67911494,-1.5718236,-1.2499319,2.1197336,-0.45153514,-0.6367619,0.17065904,-0.7206137,fearful
-448.52838,-0.5426601,-28.067154,-9.757093,-14.918245,-18.035059,-21.170124,-15.431118,-0.63354194,2.4955578,13.817224,15.58009,10.976734,-0.12844734,-8.770195,2.0929632,-0.16151072,-4.934209,-4.083286,-1.1575954,2.7290127,2.0847437,-0.19482905,-0.75297016,-0.505139,-0.13029993,-2.1536107,-0.9948806,-1.3516178,0.9825557,1.4131235,1.0453002,0.9102943,0.2388646,-1.6650292,0.64128935,0.1845266,-0.24349317,-0.6876357,-0.2724397,fearful
-435.20425,-1.1341386,-31.737976,-15.120909,-14.7040615,-18.995243,-18.727255,-14.4866085,-0.017702801,6.85677,19.734472,16.386824,5.4115267,-8.769269,-12.233384,2.3006089,-4.1806693,-11.466958,-1.3958323,10.859241,6.562387,-1.3370178,-0.45552626,0.39962354,-4.5980744,-1.6456736,1.0998842,-2.1919405,0.1441555,5.2591796,2.3025548,1.9567715,-1.9390633,-1.0505917,-0.24844766,-2.330117,-0.18537627,0.90208054,0.09498107,1.2358925,fearful
-568.94604,41.731014,-20.867134,-0.44805682,-22.734163,-9.984349,-14.15991,-13.130158,-7.6165056,-6.4437633,-4.1228228,-4.5774894,-4.0199924,-2.4036117,-7.943558,-5.4082017,-7.559914,-5.5139837,-5.2889023,-6.1891723,-5.134799,-4.6044617,-3.9827013,-2.0637107,-0.6384257,1.411779,0.6361286,-0.07192723,0.6830201,2.5954626,3.0077333,4.9846206,3.5410678,3.5813253,0.74262244,-0.037347242,-2.5823874,-0.54852664,0.19540235,-0.60056627,disgust
-555.33734,37.15968,-19.028149,2.7756135,-19.8273,-8.92904,-15.736203,-10.104622,-2.5194812,-8.940064,-4.931982,-3.8802326,-6.8845987,-0.6109039,-7.936862,-4.7401934,-5.7278256,-5.02153,-4.056259,-3.6710782,-3.5843072,-2.7345665,-2.2058501,1.0713432,2.902257,4.5775304,2.1343112,0.6392285,-0.55257636,-0.5476636,2.8778248,4.017245,1.7430052,-0.37507972,-1.5028883,-0.3330376,0.3719516,-1.0735518,-1.8719251,-1.6352264,disgust
-566.867,27.890976,-17.741554,1.8138964,-20.580454,-10.380753,-21.34488,-11.490643,-6.745736,-10.610771,-1.2840302,-6.7014885,-5.6113367,-2.2204833,-8.665394,-1.7840487,-6.5297337,-2.7678034,-4.368983,-4.523445,-5.5645666,-4.691318,-3.0100574,-0.76406175,3.5740354,6.796507,6.307171,5.064355,1.013861,2.0813365,3.3886983,3.8905456,3.1153588,2.3473554,0.3930776,1.9745022,-0.5527605,-2.4106328,-2.6580918,-1.2126508,disgust
-551.29865,40.39485,-16.312479,2.8979564,-18.2929,-12.766855,-19.55645,-16.454487,-6.791889,-6.96937,-8.03858,-0.99004734,-9.511807,-2.948596,-7.956279,-2.49566,-5.863175,-5.3379736,-4.761281,-5.3109508,-3.8303533,-4.893246,-5.0842304,-2.852801,-2.5013304,-0.35452276,0.6390863,2.6039724,2.1714807,4.349761,4.0357103,3.029151,1.3794038,0.034617275,0.2612923,0.40899488,0.080605865,0.06982316,-0.48057318,-1.3236642,disgust
-593.15643,44.8236,-10.9092245,-6.3441744,-19.895271,-6.9676423,-19.912106,-12.864136,-2.6267898,-7.8919883,-3.069982,-3.7128851,-4.780955,-0.073149174,-6.940537,-2.1574397,-5.3890657,-3.5694396,-3.167449,-3.4607062,-2.9139688,-1.9935321,-1.910451,0.034557343,-1.6657935,-0.34580067,-3.255451,-0.91473365,-0.9702135,-1.5301031,-0.53069305,-0.48791274,-0.48592624,0.2429367,-0.9758109,-1.1410592,-1.8103106,-1.4834185,-1.12637,-2.5988193,disgust
-491.53217,21.829803,-22.811247,-6.156557,-18.21392,-11.8703375,-18.499657,-5.7607174,-2.1354175,-8.311978,-2.3157558,-2.153211,-5.445591,-1.8003914,-7.3023086,-0.8595148,-5.560147,0.65917253,0.0024567703,-0.702459,0.7622123,2.5054991,5.64677,5.708369,6.759274,3.2141988,-1.6731113,0.6247197,0.4955063,2.6852798,0.22690208,-1.4617989,-0.49018955,-0.6148719,-0.108307965,-0.11559264,-1.1119032,-1.3843145,-0.83166605,-1.2867571,disgust
-498.46906,22.488531,-24.594599,-7.4918895,-18.502533,-11.919616,-20.144442,-8.176085,-4.2150345,-7.0448484,-3.3162284,-6.906106,-4.6007714,-4.953356,-9.307266,-6.3051558,-7.1906476,-2.1115713,1.4688776,1.3143435,2.8009243,1.6243744,0.27829394,1.0130111,1.9988701,4.784086,3.2278178,3.1729352,1.3533523,-0.78490305,0.54527867,1.4656847,0.9198263,-1.8119013,-3.3675144,-0.5349415,1.5136833,1.0162189,-0.6574621,0.1966099,disgust
-503.0776,18.291515,-17.613049,-3.6665864,-17.724352,-15.148216,-20.66089,-9.520625,-5.1116505,-5.713398,-3.928967,-5.396757,-6.5666003,-3.6853209,-6.448255,-5.134865,-7.4110827,-6.8641105,-5.1287603,-2.9889932,-0.33700672,6.8394575,9.7360115,12.836345,9.689068,7.485765,0.6236727,0.588745,0.08703163,1.2995862,2.600637,0.7286715,-2.0541573,-1.6297998,-1.76079,-1.0962583,-1.9782767,-2.1716676,-2.0457444,-1.3477291,disgust
-674.32904,27.684002,-3.5684812,-1.6110526,-9.987697,-5.3544474,-11.557929,-7.300779,-8.57561,-6.5914545,-6.9647393,-7.888133,-3.258128,-2.879883,-4.836344,0.47550213,1.4937217,3.0592895,2.6214223,0.089365885,1.2783816,0.95180863,2.3520682,2.1578152,0.3741511,0.5715815,-0.9852485,0.25231022,-0.029237436,0.6556665,-0.46588805,-1.2665837,-0.117270865,-1.513063,-0.70506406,-0.6554193,-1.8554162,-1.2891303,-0.5603568,-2.4185998,surprised
-564.61127,27.685171,-16.600801,-5.1370564,-15.966147,-11.333762,-19.557821,-8.133052,-5.570888,-9.480331,-5.2789364,-5.070135,1.1615795,2.7655203,0.55556506,1.9079235,-1.1738905,-1.3976805,-0.15965319,0.7099245,0.30523905,1.5624712,0.9815364,-0.15656403,0.79458183,1.4923476,2.3143313,1.337412,2.5856452,2.9342897,0.5522253,0.36254096,-0.44174254,-0.6337165,-1.1178197,-1.1810116,0.28951967,0.27596265,-1.6573197,-0.54329205,surprised
-594.49866,24.014772,-9.725878,-2.354797,-12.464998,-7.9726877,-15.657378,-6.9656625,-7.669935,-5.7298756,-2.2429817,-6.844167,-1.1060616,-2.1830986,-5.0346017,-0.5049115,-2.0177684,-0.15099141,2.058623,1.6862097,4.185242,3.4211357,0.22930604,-2.6012337,1.0766687,4.0153036,2.6283884,0.18857612,-1.3561091,0.6764079,1.4037187,1.6924746,0.36876023,-0.57276976,-2.5765033,-2.0239022,-1.1503385,1.7504722,-0.1811809,-1.4319419,surprised
-572.9668,17.61541,-16.946316,-5.384332,-18.089394,-11.397049,-22.546999,-8.258447,-8.800705,-8.302086,-5.09127,-4.7726707,4.032337,3.2799444,-1.645446,-0.43721122,-2.9687707,-0.88590103,1.6619065,-0.45287502,0.44683188,0.90312606,-2.1260765,-0.6652973,3.5917,3.7083623,-0.39460027,-1.1331325,-0.04214834,1.9553367,-0.087595075,-1.6902335,-2.1916807,-1.3510736,-1.173813,-0.06474949,-1.3740181,-1.5609579,-0.93807125,-1.4587502,surprised
-520.1696,31.576212,-17.854206,-7.7454753,-20.328636,-11.210415,-14.654391,-10.582063,-5.1395164,-8.451845,4.046871,-1.8931807,1.4112599,-0.2486132,-4.5982304,-1.4001863,-2.7971733,0.043250605,-1.1053766,0.8658343,3.7447412,3.4774427,2.978099,4.4315925,2.4767375,3.8658586,-1.0407498,-1.0549954,-1.3832581,-0.037813544,-0.8844618,0.3767112,-0.07777571,-1.9926881,-1.462034,-0.6233779,-1.5774328,-0.25378126,0.18530756,-0.32228175,surprised
-532.2569,23.489443,-20.154068,-4.0218964,-22.580412,-15.08155,-15.518863,-9.6272955,-2.1872358,-5.547351,3.8168576,-3.9298122,0.41536567,-0.6653343,-3.665724,1.6232072,-5.3547883,1.2566711,1.0892065,1.8261242,2.3781059,1.0544592,0.59017116,0.9247368,2.0000072,2.7767282,-0.7956699,1.1956583,0.46695107,-0.3775644,-1.0510305,-0.089528516,0.046459764,-1.1672779,-0.95936865,-0.5402841,-1.289951,-1.0431676,-1.4137844,-1.8312813,surprised
-487.20618,21.068872,-5.661654,-1.4270041,-12.6057625,-4.9864626,-15.343932,-1.0723381,-5.1653423,-4.8777466,-4.4775267,-5.546723,1.9732122,-0.8276157,-3.5155246,1.4494992,0.6152766,0.9455865,7.8767743,3.7208996,6.7969356,5.3412914,3.7919822,3.7197804,1.3515018,0.64304906,-0.5299165,0.016182728,-0.0056983326,-1.0459385,-1.098416,0.019266939,0.36228654,1.151395,-0.76476336,0.25043607,1.1809787,-0.3742098,-0.5120714,-0.8155235,surprised
-509.01083,27.82076,-5.923374,-1.8503335,-7.592417,-10.635763,-10.946754,-7.306586,-5.017455,-5.841935,-6.0121365,-2.4079385,0.5000784,2.934877,0.23100743,5.6330667,3.399343,0.38583902,4.375015,1.5445796,3.9743218,4.296542,3.3449554,1.4654657,1.5405593,1.4728436,1.4022292,1.1278539,0.40019527,0.66311777,0.18963514,1.3602252,0.024531549,0.4380668,-1.6534241,-0.44537705,0.5850184,0.49728712,-1.521248,0.0027586713,surprised
